groupName,groupID,subgroupID,year,log_scale_indicator,log_scale_indicator_sd,log_scale_indicator_lci,log_scale_indicator_uci,percent_diff,percent_diff_lci,percent_diff_uci
Waterfowl: All,33,0,1970,0,0,0,0,0,0,0
Waterfowl: All,33,0,1971,-4.419e-4,0.004057,-0.008851,0.007782,-0.04418,-0.8812,0.7812
Waterfowl: All,33,0,1972,-5.876e-4,0.005715,-0.01229,0.01105,-0.05874,-1.222,1.111
Waterfowl: All,33,0,1973,-4.213e-4,0.007134,-0.01468,0.0137,-0.04212,-1.458,1.38
Waterfowl: All,33,0,1974,-7.67e-5,0.008757,-0.01736,0.01768,-0.00767,-1.721,1.783
Waterfowl: All,33,0,1975,5.18e-4,0.01176,-0.02309,0.02472,0.05181,-2.282,2.503
Waterfowl: All,33,0,1976,0.001341,0.02045,-0.03944,0.04173,0.1342,-3.867,4.261
Waterfowl: All,33,0,1977,0.002957,0.03025,-0.05799,0.06242,0.2961,-5.634,6.441
Waterfowl: All,33,0,1978,0.006386,0.04043,-0.0748,0.08576,0.6407,-7.207,8.955
Waterfowl: All,33,0,1979,0.01046,0.05119,-0.09054,0.1115,1.052,-8.656,11.8
Waterfowl: All,33,0,1980,0.01522,0.06225,-0.1086,0.1383,1.533,-10.29,14.84
Waterfowl: All,33,0,1981,0.02094,0.07276,-0.1221,0.1658,2.116,-11.5,18.03
Waterfowl: All,33,0,1982,0.02682,0.08273,-0.1362,0.1901,2.718,-12.73,20.94
Waterfowl: All,33,0,1983,0.03402,0.09192,-0.1492,0.2143,3.461,-13.86,23.9
Waterfowl: All,33,0,1984,0.04197,0.1002,-0.156,0.2374,4.286,-14.45,26.79
Waterfowl: All,33,0,1985,0.05143,0.1072,-0.1631,0.2588,5.277,-15.05,29.54
Waterfowl: All,33,0,1986,0.06196,0.1139,-0.1639,0.2859,6.392,-15.12,33.09
Waterfowl: All,33,0,1987,0.07373,0.1201,-0.1642,0.3083,7.651,-15.14,36.11
Waterfowl: All,33,0,1988,0.08736,0.1255,-0.1613,0.3341,9.129,-14.9,39.66
Waterfowl: All,33,0,1989,0.1011,0.1295,-0.1559,0.3564,10.64,-14.43,42.82
Waterfowl: All,33,0,1990,0.1157,0.1334,-0.1455,0.3785,12.26,-13.54,46.01
Waterfowl: All,33,0,1991,0.1308,0.1371,-0.139,0.3982,13.97,-12.98,48.92
Waterfowl: All,33,0,1992,0.1463,0.1405,-0.1309,0.4234,15.75,-12.27,52.71
Waterfowl: All,33,0,1993,0.1617,0.1438,-0.1223,0.4426,17.55,-11.51,55.67
Waterfowl: All,33,0,1994,0.1771,0.1475,-0.1081,0.4679,19.38,-10.25,59.67
Waterfowl: All,33,0,1995,0.192,0.1506,-0.09988,0.4896,21.17,-9.506,63.17
Waterfowl: All,33,0,1996,0.2058,0.154,-0.09279,0.5078,22.85,-8.862,66.16
Waterfowl: All,33,0,1997,0.2181,0.1568,-0.08811,0.5272,24.37,-8.434,69.42
Waterfowl: All,33,0,1998,0.2289,0.1598,-0.07994,0.5451,25.72,-7.683,72.48
Waterfowl: All,33,0,1999,0.238,0.1624,-0.07785,0.5567,26.87,-7.49,74.5
Waterfowl: All,33,0,2000,0.2461,0.1647,-0.07542,0.5717,27.9,-7.265,77.13
Waterfowl: All,33,0,2001,0.2542,0.1673,-0.07347,0.5848,28.95,-7.084,79.47
Waterfowl: All,33,0,2002,0.2628,0.1693,-0.07031,0.5938,30.05,-6.789,81.09
Waterfowl: All,33,0,2003,0.2726,0.1708,-0.0628,0.6082,31.33,-6.087,83.72
Waterfowl: All,33,0,2004,0.2846,0.1723,-0.05546,0.6187,32.92,-5.395,85.66
Waterfowl: All,33,0,2005,0.2984,0.1744,-0.04263,0.64,34.77,-4.174,89.65
Waterfowl: All,33,0,2006,0.3134,0.1767,-0.03433,0.6594,36.81,-3.375,93.36
Waterfowl: All,33,0,2007,0.3291,0.1785,-0.02374,0.6783,38.97,-2.346,97.06
Waterfowl: All,33,0,2008,0.3454,0.1806,-0.008093,0.6989,41.25,-0.806,101.2
Waterfowl: All,33,0,2009,0.3623,0.1829,0.006603,0.7214,43.66,0.6624,105.7
Waterfowl: All,33,0,2010,0.3788,0.1851,0.01778,0.741,46.06,1.794,109.8
Waterfowl: All,33,0,2011,0.3956,0.1878,0.02848,0.7661,48.52,2.889,115.1
Waterfowl: All,33,0,2012,0.412,0.1903,0.0403,0.7855,50.99,4.112,119.3
Waterfowl: All,33,0,2013,0.427,0.1923,0.05289,0.8071,53.27,5.432,124.1
Waterfowl: All,33,0,2014,0.4396,0.1938,0.05962,0.8223,55.21,6.143,127.6
Waterfowl: All,33,0,2015,0.4496,0.1954,0.0674,0.8342,56.77,6.972,130.3
Waterfowl: All,33,0,2016,0.4568,0.1971,0.07084,0.8431,57.89,7.341,132.3
Waterfowl: All,33,0,2017,0.4611,0.1984,0.07195,0.8467,58.58,7.46,133.2
Waterfowl: All,33,0,2018,0.4631,0.199,0.07196,0.8509,58.9,7.461,134.2
Waterfowl: All,33,0,2019,0.4642,0.1992,0.07232,0.8526,59.07,7.499,134.6
Waterfowl: All,33,0,2020,0.4647,0.1992,0.07282,0.8528,59.16,7.553,134.6
Waterfowl: All,33,0,2021,0.4647,0.1992,0.07199,0.8548,59.15,7.465,135.1
Waterfowl: All,33,0,2022,0.4582,0.1996,0.0637,0.8457,58.11,6.577,133
Waterfowl: Geese and Swans,33,4,1970,0,0,0,0,0,0,0
Waterfowl: Geese and Swans,33,4,1971,-0.01777,0.05607,-0.1382,0.09625,-1.761,-12.9,10.1
Waterfowl: Geese and Swans,33,4,1972,-0.03353,0.07967,-0.2031,0.124,-3.298,-18.38,13.2
Waterfowl: Geese and Swans,33,4,1973,-0.04338,0.1028,-0.2532,0.1595,-4.245,-22.37,17.3
Waterfowl: Geese and Swans,33,4,1974,-0.04686,0.1221,-0.2933,0.1945,-4.578,-25.42,21.47
Waterfowl: Geese and Swans,33,4,1975,-0.04295,0.141,-0.3243,0.2356,-4.204,-27.69,26.56
Waterfowl: Geese and Swans,33,4,1976,-0.03476,0.1592,-0.3577,0.2806,-3.417,-30.07,32.4
Waterfowl: Geese and Swans,33,4,1977,-0.01553,0.173,-0.3606,0.3267,-1.541,-30.28,38.64
Waterfowl: Geese and Swans,33,4,1978,0.02198,0.1908,-0.3566,0.4011,2.222,-29.99,49.35
Waterfowl: Geese and Swans,33,4,1979,0.06287,0.2076,-0.349,0.4715,6.489,-29.46,60.24
Waterfowl: Geese and Swans,33,4,1980,0.1083,0.2237,-0.3404,0.5461,11.44,-28.85,72.65
Waterfowl: Geese and Swans,33,4,1981,0.1572,0.2394,-0.3172,0.6275,17.03,-27.18,87.29
Waterfowl: Geese and Swans,33,4,1982,0.2096,0.251,-0.2908,0.6983,23.32,-25.24,101
Waterfowl: Geese and Swans,33,4,1983,0.2631,0.2641,-0.263,0.7825,30.09,-23.13,118.7
Waterfowl: Geese and Swans,33,4,1984,0.3194,0.2759,-0.2253,0.8619,37.63,-20.18,136.8
Waterfowl: Geese and Swans,33,4,1985,0.3761,0.2865,-0.1924,0.9388,45.66,-17.5,155.7
Waterfowl: Geese and Swans,33,4,1986,0.436,0.2974,-0.1477,1.026,54.65,-13.73,178.9
Waterfowl: Geese and Swans,33,4,1987,0.4967,0.3066,-0.1075,1.103,64.33,-10.19,201.4
Waterfowl: Geese and Swans,33,4,1988,0.5582,0.3166,-0.06755,1.182,74.76,-6.531,226.2
Waterfowl: Geese and Swans,33,4,1989,0.6204,0.3251,-0.01708,1.261,85.97,-1.694,253.1
Waterfowl: Geese and Swans,33,4,1990,0.683,0.3328,0.03805,1.335,97.99,3.878,279.9
Waterfowl: Geese and Swans,33,4,1991,0.7445,0.3396,0.08639,1.413,110.5,9.023,310.7
Waterfowl: Geese and Swans,33,4,1992,0.8049,0.3473,0.1278,1.483,123.6,13.63,340.7
Waterfowl: Geese and Swans,33,4,1993,0.8655,0.3542,0.1764,1.559,137.6,19.29,375.2
Waterfowl: Geese and Swans,33,4,1994,0.9263,0.3615,0.2157,1.633,152.5,24.07,412.1
Waterfowl: Geese and Swans,33,4,1995,0.9864,0.3706,0.2592,1.718,168.2,29.59,457.2
Waterfowl: Geese and Swans,33,4,1996,1.044,0.378,0.3048,1.78,184.2,35.63,492.8
Waterfowl: Geese and Swans,33,4,1997,1.103,0.3838,0.3427,1.847,201.2,40.87,534.3
Waterfowl: Geese and Swans,33,4,1998,1.16,0.3908,0.3864,1.916,218.9,47.17,579.3
Waterfowl: Geese and Swans,33,4,1999,1.215,0.397,0.4323,1.987,237.2,54.07,629.3
Waterfowl: Geese and Swans,33,4,2000,1.27,0.4023,0.4779,2.051,256,61.26,677.6
Waterfowl: Geese and Swans,33,4,2001,1.323,0.4066,0.517,2.108,275.4,67.71,723.3
Waterfowl: Geese and Swans,33,4,2002,1.375,0.4104,0.5638,2.174,295.7,75.73,779.2
Waterfowl: Geese and Swans,33,4,2003,1.426,0.414,0.615,2.234,316.3,84.97,834
Waterfowl: Geese and Swans,33,4,2004,1.479,0.4177,0.6631,2.293,338.9,94.07,890.4
Waterfowl: Geese and Swans,33,4,2005,1.533,0.4213,0.7071,2.353,363.2,102.8,951.4
Waterfowl: Geese and Swans,33,4,2006,1.588,0.4245,0.7565,2.413,389.4,113.1,1017
Waterfowl: Geese and Swans,33,4,2007,1.645,0.4279,0.8097,2.477,417.9,124.7,1091
Waterfowl: Geese and Swans,33,4,2008,1.702,0.432,0.8569,2.537,448.5,135.6,1164
Waterfowl: Geese and Swans,33,4,2009,1.758,0.4373,0.9037,2.613,479.9,146.9,1264
Waterfowl: Geese and Swans,33,4,2010,1.813,0.4424,0.9493,2.683,513,158.4,1363
Waterfowl: Geese and Swans,33,4,2011,1.868,0.4482,0.9902,2.743,547.8,169.2,1453
Waterfowl: Geese and Swans,33,4,2012,1.921,0.4548,1.032,2.814,582.8,180.6,1568
Waterfowl: Geese and Swans,33,4,2013,1.971,0.4616,1.066,2.873,617.5,190.3,1669
Waterfowl: Geese and Swans,33,4,2014,2.015,0.47,1.088,2.938,650.3,196.9,1788
Waterfowl: Geese and Swans,33,4,2015,2.056,0.478,1.116,2.989,681.5,205.2,1887
Waterfowl: Geese and Swans,33,4,2016,2.093,0.4856,1.138,3.041,710.9,212.1,1993
Waterfowl: Geese and Swans,33,4,2017,2.125,0.4947,1.148,3.087,737.1,215.2,2090
Waterfowl: Geese and Swans,33,4,2018,2.149,0.5041,1.146,3.134,757.4,214.5,2197
Waterfowl: Geese and Swans,33,4,2019,2.166,0.5138,1.152,3.166,772.2,216.6,2270
Waterfowl: Geese and Swans,33,4,2020,2.185,0.5239,1.161,3.204,789.3,219.3,2363
Waterfowl: Geese and Swans,33,4,2021,2.198,0.5317,1.159,3.246,801,218.6,2468
Waterfowl: Sea Ducks,33,19,1970,0,0,0,0,0,0,0
Waterfowl: Sea Ducks,33,19,1971,-9.871e-4,0.006358,-0.01433,0.01194,-0.09866,-1.422,1.202
Waterfowl: Sea Ducks,33,19,1972,-0.001974,0.008775,-0.0197,0.01618,-0.1972,-1.951,1.631
Waterfowl: Sea Ducks,33,19,1973,-0.003139,0.01066,-0.02481,0.01768,-0.3134,-2.451,1.784
Waterfowl: Sea Ducks,33,19,1974,-0.004221,0.0122,-0.02856,0.0203,-0.4212,-2.815,2.051
Waterfowl: Sea Ducks,33,19,1975,-0.005477,0.01355,-0.03268,0.02196,-0.5462,-3.215,2.221
Waterfowl: Sea Ducks,33,19,1976,-0.006774,0.01461,-0.03612,0.02226,-0.6752,-3.547,2.251
Waterfowl: Sea Ducks,33,19,1977,-0.008124,0.01558,-0.03907,0.02318,-0.8091,-3.832,2.345
Waterfowl: Sea Ducks,33,19,1978,-0.009552,0.01647,-0.04194,0.02353,-0.9507,-4.107,2.38
Waterfowl: Sea Ducks,33,19,1979,-0.01118,0.0173,-0.04545,0.02333,-1.112,-4.443,2.36
Waterfowl: Sea Ducks,33,19,1980,-0.01276,0.01814,-0.04849,0.02306,-1.268,-4.733,2.333
Waterfowl: Sea Ducks,33,19,1981,-0.01446,0.01896,-0.05192,0.0231,-1.435,-5.059,2.336
Waterfowl: Sea Ducks,33,19,1982,-0.01606,0.01985,-0.05523,0.02314,-1.594,-5.373,2.341
Waterfowl: Sea Ducks,33,19,1983,-0.01737,0.02061,-0.05796,0.0234,-1.722,-5.631,2.368
Waterfowl: Sea Ducks,33,19,1984,-0.01853,0.0214,-0.06094,0.02367,-1.836,-5.912,2.396
Waterfowl: Sea Ducks,33,19,1985,-0.01954,0.02233,-0.06434,0.02378,-1.935,-6.231,2.406
Waterfowl: Sea Ducks,33,19,1986,-0.0204,0.02339,-0.06748,0.02499,-2.019,-6.526,2.531
Waterfowl: Sea Ducks,33,19,1987,-0.02132,0.02454,-0.07146,0.02565,-2.109,-6.896,2.599
Waterfowl: Sea Ducks,33,19,1988,-0.02225,0.02604,-0.07527,0.02757,-2.201,-7.251,2.796
Waterfowl: Sea Ducks,33,19,1989,-0.02301,0.02775,-0.08006,0.03087,-2.275,-7.694,3.135
Waterfowl: Sea Ducks,33,19,1990,-0.0238,0.02964,-0.08339,0.03386,-2.352,-8.001,3.444
Waterfowl: Sea Ducks,33,19,1991,-0.02499,0.032,-0.08927,0.03791,-2.468,-8.54,3.864
Waterfowl: Sea Ducks,33,19,1992,-0.02649,0.0343,-0.096560000000000007,0.04057,-2.614,-9.205,4.141
Waterfowl: Sea Ducks,33,19,1993,-0.028,0.03703,-0.102,0.04398,-2.761,-9.7,4.496
Waterfowl: Sea Ducks,33,19,1994,-0.02953,0.0396,-0.1107,0.04801,-2.91,-10.48,4.918
Waterfowl: Sea Ducks,33,19,1995,-0.03138,0.04239,-0.1165,0.05166,-3.09,-11,5.302
Waterfowl: Sea Ducks,33,19,1996,-0.03283,0.04507,-0.1235,0.05558,-3.23,-11.62,5.716
Waterfowl: Sea Ducks,33,19,1997,-0.03451,0.04764,-0.1304,0.05906,-3.392,-12.22,6.084
Waterfowl: Sea Ducks,33,19,1998,-0.03664,0.05084,-0.1372,0.06408,-3.598,-12.82,6.618
Waterfowl: Sea Ducks,33,19,1999,-0.03865,0.05305,-0.1439,0.06542,-3.791,-13.4,6.761
Waterfowl: Sea Ducks,33,19,2000,-0.03986,0.05496,-0.1493,0.06616,-3.907,-13.87,6.84
Waterfowl: Sea Ducks,33,19,2001,-0.0414,0.05668,-0.1545,0.06899,-4.055,-14.31,7.142
Waterfowl: Sea Ducks,33,19,2002,-0.04329,0.05925,-0.1621,0.07177,-4.236,-14.97,7.441
Waterfowl: Sea Ducks,33,19,2003,-0.04522,0.06215,-0.171,0.07498,-4.421,-15.71,7.786
Waterfowl: Sea Ducks,33,19,2004,-0.04696,0.06493,-0.1784,0.0782,-4.587,-16.34,8.134
Waterfowl: Sea Ducks,33,19,2005,-0.04871,0.06764,-0.1856,0.07946,-4.754,-16.94,8.271
Waterfowl: Sea Ducks,33,19,2006,-0.04953,0.06969,-0.1901,0.08341,-4.833,-17.31,8.698
Waterfowl: Sea Ducks,33,19,2007,-0.05002,0.0713,-0.1937,0.08657,-4.879,-17.61,9.042
Waterfowl: Sea Ducks,33,19,2008,-0.05033,0.0724,-0.1965,0.08902,-4.909,-17.84,9.31
Waterfowl: Sea Ducks,33,19,2009,-0.05013,0.0733,-0.1978,0.09115,-4.89,-17.95,9.543
Waterfowl: Sea Ducks,33,19,2010,-0.04964,0.07406,-0.1986,0.09229,-4.843,-18.01,9.668
Waterfowl: Sea Ducks,33,19,2011,-0.0488,0.07456,-0.199,0.09386,-4.763,-18.05,9.841
Waterfowl: Sea Ducks,33,19,2012,-0.04772,0.07483,-0.1991,0.09575,-4.66,-18.05,10.05
Waterfowl: Sea Ducks,33,19,2013,-0.04679,0.07517,-0.1991,0.09842,-4.571,-18.05,10.34
Waterfowl: Sea Ducks,33,19,2014,-0.04602,0.07541,-0.199,0.09854,-4.498,-18.04,10.36
Waterfowl: Sea Ducks,33,19,2015,-0.045469999999999997,0.07568,-0.1989,0.09981,-4.445,-18.03,10.5
Waterfowl: Sea Ducks,33,19,2016,-0.04518,0.07596,-0.1984,0.1002,-4.417,-18,10.54
Waterfowl: Sea Ducks,33,19,2017,-0.04519,0.07632,-0.1988,0.1012,-4.418,-18.03,10.65
Waterfowl: Sea Ducks,33,19,2018,-0.04503,0.07652,-0.1986,0.1021,-4.403,-18.01,10.75
Waterfowl: Sea Ducks,33,19,2019,-0.04467,0.07679,-0.1976,0.1031,-4.368,-17.93,10.86
Waterfowl: Sea Ducks,33,19,2020,-0.04436,0.07729,-0.1973,0.1045,-4.339,-17.9,11.02
Waterfowl: Sea Ducks,33,19,2021,-0.04402,0.0776,-0.1976,0.1038,-4.307,-17.93,10.94
Waterfowl: Freshwater Ducks,33,41,1970,0,0,0,0,0,0,0
Waterfowl: Freshwater Ducks,33,41,1971,0.002125,0.007089,-0.01196,0.01703,0.2127,-1.189,1.717
Waterfowl: Freshwater Ducks,33,41,1972,0.004462,0.01015,-0.01561,0.02542,0.4472,-1.549,2.575
Waterfowl: Freshwater Ducks,33,41,1973,0.00701,0.01328,-0.01953,0.03446,0.7034,-1.934,3.506
Waterfowl: Freshwater Ducks,33,41,1974,0.009394,0.01802,-0.02674,0.04669,0.9438,-2.638,4.78
Waterfowl: Freshwater Ducks,33,41,1975,0.01143,0.02649,-0.04127,0.06453,1.149,-4.043,6.666
Waterfowl: Freshwater Ducks,33,41,1976,0.01247,0.03684,-0.06073,0.08512,1.254,-5.892,8.885
Waterfowl: Freshwater Ducks,33,41,1977,0.0123,0.04705,-0.07982,0.1061,1.238,-7.672,11.2
Waterfowl: Freshwater Ducks,33,41,1978,0.01144,0.056710000000000003,-0.09952,0.1243,1.15,-9.473,13.24
Waterfowl: Freshwater Ducks,33,41,1979,0.009831,0.0659,-0.1204,0.141,0.9879,-11.34,15.14
Waterfowl: Freshwater Ducks,33,41,1980,0.007693,0.07552,-0.1392,0.1555,0.7722,-13,16.83
Waterfowl: Freshwater Ducks,33,41,1981,0.005303,0.08487,-0.1614,0.1726,0.5317,-14.91,18.83
Waterfowl: Freshwater Ducks,33,41,1982,0.002399,0.09399,-0.1815,0.1836,0.2402,-16.59,20.15
Waterfowl: Freshwater Ducks,33,41,1983,4.916e-4,0.102,-0.2011,0.1963,0.04917,-18.21,21.7
Waterfowl: Freshwater Ducks,33,41,1984,4.814e-4,0.1086,-0.2133,0.2111,0.04815,-19.21,23.5
Waterfowl: Freshwater Ducks,33,41,1985,0.0027,0.1141,-0.223,0.2243,0.2703,-19.99,25.15
Waterfowl: Freshwater Ducks,33,41,1986,0.007219,0.1192,-0.229,0.2418,0.7245,-20.47,27.36
Waterfowl: Freshwater Ducks,33,41,1987,0.01421,0.1232,-0.2285,0.2542,1.431,-20.43,28.95
Waterfowl: Freshwater Ducks,33,41,1988,0.02364,0.1265,-0.226,0.2717,2.392,-20.23,31.22
Waterfowl: Freshwater Ducks,33,41,1989,0.03513,0.129,-0.2205,0.2881,3.576,-19.79,33.39
Waterfowl: Freshwater Ducks,33,41,1990,0.04825,0.131,-0.2116,0.3044,4.943,-19.07,35.58
Waterfowl: Freshwater Ducks,33,41,1991,0.06204,0.1333,-0.2006,0.3234,6.401,-18.18,38.19
Waterfowl: Freshwater Ducks,33,41,1992,0.0765,0.135,-0.1888,0.343,7.95,-17.21,40.92
Waterfowl: Freshwater Ducks,33,41,1993,0.09087,0.1368,-0.1767,0.3608,9.513,-16.19,43.44
Waterfowl: Freshwater Ducks,33,41,1994,0.1045,0.1385,-0.1681,0.3775,11.01,-15.47,45.86
Waterfowl: Freshwater Ducks,33,41,1995,0.1173,0.1402,-0.1549,0.3919,12.45,-14.35,47.98
Waterfowl: Freshwater Ducks,33,41,1996,0.1286,0.1419,-0.1464,0.4057,13.73,-13.62,50.04
Waterfowl: Freshwater Ducks,33,41,1997,0.1381,0.1433,-0.141,0.4194,14.81,-13.15,52.11
Waterfowl: Freshwater Ducks,33,41,1998,0.1449,0.1448,-0.1372,0.4278,15.59,-12.82,53.39
Waterfowl: Freshwater Ducks,33,41,1999,0.1492,0.1464,-0.1335,0.4361,16.09,-12.49,54.66
Waterfowl: Freshwater Ducks,33,41,2000,0.1517,0.1476,-0.1345,0.4408,16.38,-12.58,55.4
Waterfowl: Freshwater Ducks,33,41,2001,0.1543,0.1486,-0.1359,0.4459,16.69,-12.7,56.19
Waterfowl: Freshwater Ducks,33,41,2002,0.1582,0.1497,-0.1333,0.4498,17.13,-12.48,56.79
Waterfowl: Freshwater Ducks,33,41,2003,0.1645,0.1506,-0.1304,0.4609,17.87,-12.22,58.55
Waterfowl: Freshwater Ducks,33,41,2004,0.1736,0.1517,-0.1249,0.4701,18.95,-11.74,60.02
Waterfowl: Freshwater Ducks,33,41,2005,0.1849,0.1527,-0.1162,0.4824,20.31,-10.97,62
Waterfowl: Freshwater Ducks,33,41,2006,0.1978,0.1538,-0.106,0.497,21.87,-10.06,64.37
Waterfowl: Freshwater Ducks,33,41,2007,0.212,0.1547,-0.09453,0.5118,23.61,-9.02,66.83
Waterfowl: Freshwater Ducks,33,41,2008,0.2268,0.1556,-0.08288,0.5276,25.45,-7.954,69.49
Waterfowl: Freshwater Ducks,33,41,2009,0.2426,0.1563,-0.06756,0.5475,27.45,-6.533,72.89
Waterfowl: Freshwater Ducks,33,41,2010,0.2588,0.1571,-0.04972,0.5658,29.54,-4.85,76.09
Waterfowl: Freshwater Ducks,33,41,2011,0.2755,0.1578,-0.03511,0.5849,31.72,-3.45,79.48
Waterfowl: Freshwater Ducks,33,41,2012,0.2918,0.1586,-0.02024,0.6014,33.88,-2.004,82.47
Waterfowl: Freshwater Ducks,33,41,2013,0.3058,0.1591,-0.005062,0.6164,35.78,-0.5049,85.23
Waterfowl: Freshwater Ducks,33,41,2014,0.3173,0.1594,0.004891,0.6293,37.34,0.4903,87.64
Waterfowl: Freshwater Ducks,33,41,2015,0.326,0.1597,0.01449,0.6392,38.54,1.46,89.49
Waterfowl: Freshwater Ducks,33,41,2016,0.3317,0.16,0.01874,0.6465,39.33,1.892,90.88
Waterfowl: Freshwater Ducks,33,41,2017,0.3343,0.1602,0.02168,0.6487,39.69,2.192,91.31
Waterfowl: Freshwater Ducks,33,41,2018,0.3349,0.1604,0.02179,0.6496,39.79,2.203,91.48
Waterfowl: Freshwater Ducks,33,41,2019,0.3342,0.1606,0.02094,0.6486,39.68,2.116,91.3
Waterfowl: Freshwater Ducks,33,41,2020,0.3322,0.1609,0.01714,0.6478,39.4,1.729,91.13
Waterfowl: Freshwater Ducks,33,41,2021,0.3294,0.161,0.01392,0.6449,39.01,1.401,90.58
Waterfowl: Freshwater Ducks,33,41,2022,0.3233,0.1612,0.007835,0.6394,38.16,0.7866,89.54
Birds of Prey: All,38,0,1970,0,0,0,0,0,0,0
Birds of Prey: All,38,0,1971,0.002176,0.004755,-0.007501,0.01255,0.2179,-0.7473,1.263
Birds of Prey: All,38,0,1972,0.005051,0.00775,-0.01056,0.02145,0.5064,-1.051,2.169
Birds of Prey: All,38,0,1973,0.009559,0.01278,-0.01585,0.03592,0.9605,-1.572,3.657
Birds of Prey: All,38,0,1974,0.01573,0.01875,-0.02109,0.05277,1.585,-2.087,5.418
Birds of Prey: All,38,0,1975,0.02352,0.02578,-0.02705,0.07539,2.38,-2.669,7.83
Birds of Prey: All,38,0,1976,0.03264,0.03302,-0.0326,0.09902,3.318,-3.208,10.41
Birds of Prey: All,38,0,1977,0.04235,0.03966,-0.03578,0.1207,4.326,-3.515,12.83
Birds of Prey: All,38,0,1978,0.0528,0.04591,-0.03852,0.1427,5.422,-3.779,15.33
Birds of Prey: All,38,0,1979,0.06304,0.05235,-0.04036,0.1648,6.507,-3.955,17.92
Birds of Prey: All,38,0,1980,0.07359,0.05865,-0.04189,0.1878,7.636,-4.102,20.66
Birds of Prey: All,38,0,1981,0.0834,0.06539,-0.04494,0.2116,8.698,-4.394,23.57
Birds of Prey: All,38,0,1982,0.09337,0.07196,-0.04903,0.2364,9.787,-4.785,26.66
Birds of Prey: All,38,0,1983,0.1027,0.07833,-0.04948,0.2575,10.82,-4.828,29.37
Birds of Prey: All,38,0,1984,0.1119,0.08478,-0.05264,0.2787,11.84,-5.127,32.14
Birds of Prey: All,38,0,1985,0.1208,0.09087,-0.05634,0.2997,12.84,-5.478,34.94
Birds of Prey: All,38,0,1986,0.129,0.09695,-0.06095,0.3196,13.77,-5.913,37.66
Birds of Prey: All,38,0,1987,0.1378,0.1032,-0.06268,0.3409,14.78,-6.076,40.62
Birds of Prey: All,38,0,1988,0.1459,0.109,-0.06401,0.3605,15.71,-6.2,43.4
Birds of Prey: All,38,0,1989,0.154,0.1144,-0.06814,0.3799,16.65,-6.587,46.21
Birds of Prey: All,38,0,1990,0.1612,0.1197,-0.07132,0.3952,17.49,-6.884,48.47
Birds of Prey: All,38,0,1991,0.1668,0.1245,-0.07666,0.4094,18.15,-7.379,50.59
Birds of Prey: All,38,0,1992,0.1715,0.1293,-0.0794,0.4266,18.71,-7.633,53.2
Birds of Prey: All,38,0,1993,0.1756,0.1337,-0.08493,0.4372,19.19,-8.143,54.84
Birds of Prey: All,38,0,1994,0.1796,0.1378,-0.09031,0.4501,19.67,-8.635,56.84
Birds of Prey: All,38,0,1995,0.1831,0.1417,-0.09483,0.4623,20.09,-9.047,58.77
Birds of Prey: All,38,0,1996,0.1866,0.1447,-0.09731,0.4674,20.51,-9.272,59.58
Birds of Prey: All,38,0,1997,0.19,0.1472,-0.09583,0.4778,20.93,-9.138,61.25
Birds of Prey: All,38,0,1998,0.1941,0.1494,-0.09769,0.4871,21.43,-9.307,62.76
Birds of Prey: All,38,0,1999,0.1985,0.1515,-0.09786,0.4973,21.95,-9.323,64.42
Birds of Prey: All,38,0,2000,0.203,0.1533,-0.09631,0.5035,22.51,-9.182,65.45
Birds of Prey: All,38,0,2001,0.2083,0.1551,-0.09567,0.5107,23.16,-9.123,66.65
Birds of Prey: All,38,0,2002,0.2136,0.1563,-0.09322,0.5205,23.82,-8.901,68.28
Birds of Prey: All,38,0,2003,0.2189,0.1575,-0.09082,0.5277,24.47,-8.682,69.5
Birds of Prey: All,38,0,2004,0.2245,0.1588,-0.0879,0.5362,25.18,-8.415,70.96
Birds of Prey: All,38,0,2005,0.2309,0.1596,-0.08165,0.5434,25.97,-7.841,72.18
Birds of Prey: All,38,0,2006,0.2367,0.1608,-0.07726,0.5518,26.71,-7.435,73.64
Birds of Prey: All,38,0,2007,0.2423,0.1617,-0.07385,0.5618,27.42,-7.119,75.38
Birds of Prey: All,38,0,2008,0.2479,0.1627,-0.06885,0.5664,28.13,-6.653,76.2
Birds of Prey: All,38,0,2009,0.2533,0.1639,-0.06634,0.5762,28.83,-6.419,77.93
Birds of Prey: All,38,0,2010,0.2587,0.1648,-0.06719,0.5796,29.53,-6.498,78.53
Birds of Prey: All,38,0,2011,0.2644,0.1656,-0.06087,0.5869,30.26,-5.905,79.84
Birds of Prey: All,38,0,2012,0.2704,0.1663,-0.05601,0.596,31.05,-5.447,81.49
Birds of Prey: All,38,0,2013,0.2762,0.167,-0.0517,0.6043,31.81,-5.038,82.99
Birds of Prey: All,38,0,2014,0.2823,0.1676,-0.04609,0.6095,32.62,-4.505,83.95
Birds of Prey: All,38,0,2015,0.2882,0.1684,-0.04117,0.617,33.41,-4.033,85.34
Birds of Prey: All,38,0,2016,0.294,0.1689,-0.03468,0.6242,34.18,-3.409,86.67
Birds of Prey: All,38,0,2017,0.2991,0.1695,-0.03086,0.6284,34.86,-3.038,87.47
Birds of Prey: All,38,0,2018,0.303,0.1698,-0.02677,0.6343,35.39,-2.642,88.57
Birds of Prey: All,38,0,2019,0.3051,0.1701,-0.02451,0.6367,35.67,-2.421,89.03
Birds of Prey: All,38,0,2020,0.3052,0.1702,-0.02384,0.6371,35.69,-2.356,89.1
Birds of Prey: All,38,0,2021,0.3043,0.1703,-0.0256,0.6359,35.57,-2.528,88.87
Birds of Prey: All,38,0,2022,0.3,0.1704,-0.03197,0.631,34.98,-3.147,87.94
Birds of Prey: Diurnal Birds of Prey,38,33,1970,0,0,0,0,0,0,0
Birds of Prey: Diurnal Birds of Prey,38,33,1971,0.004437,0.007372,-0.01021,0.02102,0.4447,-1.016,2.124
Birds of Prey: Diurnal Birds of Prey,38,33,1972,0.0104,0.01192,-0.01256,0.03598,1.046,-1.248,3.663
Birds of Prey: Diurnal Birds of Prey,38,33,1973,0.01896,0.0173,-0.01489,0.05441,1.914,-1.478,5.592
Birds of Prey: Diurnal Birds of Prey,38,33,1974,0.03011,0.02365,-0.01593,0.07759,3.057,-1.58,8.068
Birds of Prey: Diurnal Birds of Prey,38,33,1975,0.04393,0.03041,-0.01551,0.1046,4.491,-1.539,11.02
Birds of Prey: Diurnal Birds of Prey,38,33,1976,0.0598,0.03764,-0.0132,0.1344,6.162,-1.311,14.38
Birds of Prey: Diurnal Birds of Prey,38,33,1977,0.07712,0.04464,-0.01059,0.164,8.017,-1.054,17.82
Birds of Prey: Diurnal Birds of Prey,38,33,1978,0.0952,0.05112,-0.005433,0.1953,9.988,-0.5418,21.57
Birds of Prey: Diurnal Birds of Prey,38,33,1979,0.1141,0.05762,-4.488e-4,0.2275,12.08,-0.04487,25.54
Birds of Prey: Diurnal Birds of Prey,38,33,1980,0.1328,0.06452,0.003969,0.2598,14.21,0.3977,29.67
Birds of Prey: Diurnal Birds of Prey,38,33,1981,0.1518,0.07149,0.009535,0.2913,16.39,0.9581,33.82
Birds of Prey: Diurnal Birds of Prey,38,33,1982,0.1706,0.07833,0.01547,0.3208,18.6,1.559,37.83
Birds of Prey: Diurnal Birds of Prey,38,33,1983,0.1889,0.08472,0.02184,0.3538,20.79,2.208,42.44
Birds of Prey: Diurnal Birds of Prey,38,33,1984,0.207,0.09081,0.02774,0.3857,23,2.812,47.06
Birds of Prey: Diurnal Birds of Prey,38,33,1985,0.2245,0.09711,0.03175,0.4136,25.17,3.226,51.22
Birds of Prey: Diurnal Birds of Prey,38,33,1986,0.2416,0.1032,0.03911,0.4433,27.33,3.989,55.78
Birds of Prey: Diurnal Birds of Prey,38,33,1987,0.2591,0.1089,0.05021,0.4742,29.57,5.149,60.68
Birds of Prey: Diurnal Birds of Prey,38,33,1988,0.2755,0.1149,0.05326,0.5016,31.72,5.471,65.13
Birds of Prey: Diurnal Birds of Prey,38,33,1989,0.291,0.1205,0.05644,0.5275,33.77,5.806,69.46
Birds of Prey: Diurnal Birds of Prey,38,33,1990,0.3052,0.1258,0.05851,0.5541,35.69,6.026,74.03
Birds of Prey: Diurnal Birds of Prey,38,33,1991,0.3177,0.1312,0.06205,0.5752,37.4,6.401,77.75
Birds of Prey: Diurnal Birds of Prey,38,33,1992,0.3293,0.1361,0.06158,0.5969,39,6.352,81.65
Birds of Prey: Diurnal Birds of Prey,38,33,1993,0.3399,0.1412,0.06301,0.616,40.49,6.503,85.16
Birds of Prey: Diurnal Birds of Prey,38,33,1994,0.3488,0.146,0.06329,0.6325,41.74,6.534,88.23
Birds of Prey: Diurnal Birds of Prey,38,33,1995,0.3567,0.1496,0.06332,0.6499,42.87,6.536,91.54
Birds of Prey: Diurnal Birds of Prey,38,33,1996,0.3649,0.1529,0.06605,0.6647,44.04,6.828,94.38
Birds of Prey: Diurnal Birds of Prey,38,33,1997,0.3726,0.156,0.06475,0.6782,45.16,6.689,97.04
Birds of Prey: Diurnal Birds of Prey,38,33,1998,0.3799,0.1589,0.06694,0.6902,46.21,6.923,99.41
Birds of Prey: Diurnal Birds of Prey,38,33,1999,0.3875,0.1617,0.06811,0.7043,47.33,7.048,102.3
Birds of Prey: Diurnal Birds of Prey,38,33,2000,0.395,0.1639,0.06848,0.7177,48.44,7.087,105
Birds of Prey: Diurnal Birds of Prey,38,33,2001,0.4025,0.166,0.07257,0.7283,49.56,7.527,107.2
Birds of Prey: Diurnal Birds of Prey,38,33,2002,0.4098,0.1679,0.07843,0.7383,50.66,8.159,109.2
Birds of Prey: Diurnal Birds of Prey,38,33,2003,0.4174,0.1697,0.08206,0.7508,51.8,8.553,111.9
Birds of Prey: Diurnal Birds of Prey,38,33,2004,0.425,0.171,0.09031,0.7604,52.96,9.452,113.9
Birds of Prey: Diurnal Birds of Prey,38,33,2005,0.4324,0.1725,0.09432,0.7697,54.09,9.891,115.9
Birds of Prey: Diurnal Birds of Prey,38,33,2006,0.4396,0.1742,0.0984,0.7814,55.21,10.34,118.4
Birds of Prey: Diurnal Birds of Prey,38,33,2007,0.4462,0.1758,0.1004,0.7935,56.24,10.56,121.1
Birds of Prey: Diurnal Birds of Prey,38,33,2008,0.452,0.1769,0.1024,0.7998,57.14,10.78,122.5
Birds of Prey: Diurnal Birds of Prey,38,33,2009,0.4572,0.1784,0.1063,0.8066,57.97,11.21,124
Birds of Prey: Diurnal Birds of Prey,38,33,2010,0.4621,0.1794,0.1103,0.8129,58.74,11.66,125.4
Birds of Prey: Diurnal Birds of Prey,38,33,2011,0.4673,0.1809,0.1109,0.8217,59.57,11.73,127.4
Birds of Prey: Diurnal Birds of Prey,38,33,2012,0.4729,0.182,0.116,0.8281,60.47,12.3,128.9
Birds of Prey: Diurnal Birds of Prey,38,33,2013,0.478,0.1828,0.1182,0.8388,61.29,12.55,131.4
Birds of Prey: Diurnal Birds of Prey,38,33,2014,0.4834,0.1836,0.1226,0.8465,62.16,13.04,133.1
Birds of Prey: Diurnal Birds of Prey,38,33,2015,0.489,0.1845,0.1275,0.8511,63.07,13.6,134.2
Birds of Prey: Diurnal Birds of Prey,38,33,2016,0.4946,0.1854,0.1316,0.861,63.98,14.06,136.6
Birds of Prey: Diurnal Birds of Prey,38,33,2017,0.4995,0.1859,0.1335,0.8656,64.79,14.29,137.6
Birds of Prey: Diurnal Birds of Prey,38,33,2018,0.5031,0.1869,0.1362,0.8715,65.38,14.59,139
Birds of Prey: Diurnal Birds of Prey,38,33,2019,0.5043,0.1875,0.1354,0.8751,65.58,14.5,139.9
Birds of Prey: Diurnal Birds of Prey,38,33,2020,0.5031,0.1877,0.1357,0.875,65.39,14.53,139.9
Birds of Prey: Diurnal Birds of Prey,38,33,2021,0.5005,0.1879,0.132,0.8709,64.95,14.11,138.9
Birds of Prey: Diurnal Birds of Prey,38,33,2022,0.496,0.188,0.1263,0.8657,64.21,13.46,137.7
Birds of Prey: Owls,38,34,1970,0,0,0,0,0,0,0
Birds of Prey: Owls,38,34,1971,-0.00328,0.007916,-0.0198,0.01273,-0.3274,-1.961,1.282
Birds of Prey: Owls,38,34,1972,-0.006489,0.01133,-0.03004,0.01631,-0.6468,-2.959,1.644
Birds of Prey: Owls,38,34,1973,-0.009301,0.01432,-0.03842,0.01944,-0.9258,-3.769,1.963
Birds of Prey: Owls,38,34,1974,-0.01192,0.01819,-0.0487,0.02506,-1.185,-4.754,2.537
Birds of Prey: Owls,38,34,1975,-0.01461,0.02299,-0.06152,0.03159,-1.45,-5.967,3.21
Birds of Prey: Owls,38,34,1976,-0.01727,0.02878,-0.07502,0.04028,-1.712,-7.228,4.111
Birds of Prey: Owls,38,34,1977,-0.01989,0.03428,-0.08877,0.0479,-1.97,-8.494,4.907
Birds of Prey: Owls,38,34,1978,-0.02242,0.03987,-0.1028,0.05569,-2.217,-9.768,5.727
Birds of Prey: Owls,38,34,1979,-0.02509,0.04543,-0.1163,0.06432,-2.478,-10.98,6.643
Birds of Prey: Owls,38,34,1980,-0.02825,0.05121,-0.1313,0.07222,-2.786,-12.31,7.49
Birds of Prey: Owls,38,34,1981,-0.0315,0.05723,-0.1447,0.07969,-3.101,-13.48,8.295
Birds of Prey: Owls,38,34,1982,-0.03556,0.06344,-0.1622,0.08964,-3.494,-14.97,9.378
Birds of Prey: Owls,38,34,1983,-0.04051,0.07026,-0.1817,0.09624,-3.97,-16.61,10.1
Birds of Prey: Owls,38,34,1984,-0.04443,0.07741,-0.1989,0.1085,-4.346,-18.03,11.46
Birds of Prey: Owls,38,34,1985,-0.04905,0.0842,-0.2181,0.1134,-4.787,-19.6,12.01
Birds of Prey: Owls,38,34,1986,-0.05339,0.09151,-0.2363,0.1227,-5.199,-21.05,13.06
Birds of Prey: Owls,38,34,1987,-0.05724,0.0985,-0.2531,0.1315,-5.563,-22.36,14.06
Birds of Prey: Owls,38,34,1988,-0.06164,0.1053,-0.2706,0.1447,-5.978,-23.7,15.56
Birds of Prey: Owls,38,34,1989,-0.06587,0.1121,-0.2898,0.1536,-6.375,-25.16,16.61
Birds of Prey: Owls,38,34,1990,-0.07024,0.119,-0.3064,0.1633,-6.783,-26.39,17.74
Birds of Prey: Owls,38,34,1991,-0.0755,0.1247,-0.3251,0.1661,-7.272,-27.76,18.07
Birds of Prey: Owls,38,34,1992,-0.08025,0.1302,-0.3413,0.1724,-7.712,-28.91,18.82
Birds of Prey: Owls,38,34,1993,-0.08523,0.1346,-0.3537,0.1752,-8.17,-29.79,19.15
Birds of Prey: Owls,38,34,1994,-0.08933,0.1391,-0.3663,0.1795,-8.545,-30.67,19.67
Birds of Prey: Owls,38,34,1995,-0.09285,0.143,-0.3755,0.1851,-8.867,-31.31,20.34
Birds of Prey: Owls,38,34,1996,-0.09597,0.1462,-0.384,0.1872,-9.151,-31.89,20.59
Birds of Prey: Owls,38,34,1997,-0.09809,0.149,-0.39,0.1926,-9.343,-32.3,21.24
Birds of Prey: Owls,38,34,1998,-0.09941,0.151,-0.3934,0.1947,-9.462,-32.52,21.49
Birds of Prey: Owls,38,34,1999,-0.09937,0.1528,-0.3982,0.1993,-9.459,-32.85,22.05
Birds of Prey: Owls,38,34,2000,-0.0989,0.1546,-0.4016,0.2022,-9.417,-33.07,22.41
Birds of Prey: Owls,38,34,2001,-0.09795,0.1558,-0.402,0.205,-9.331,-33.1,22.75
Birds of Prey: Owls,38,34,2002,-0.09593,0.1569,-0.4031,0.2077,-9.147,-33.18,23.09
Birds of Prey: Owls,38,34,2003,-0.09323,0.1579,-0.4035,0.2146,-8.902,-33.2,23.94
Birds of Prey: Owls,38,34,2004,-0.08956,0.1589,-0.4003,0.2197,-8.567,-32.99,24.57
Birds of Prey: Owls,38,34,2005,-0.08511,0.1597,-0.3999,0.227,-8.159,-32.96,25.48
Birds of Prey: Owls,38,34,2006,-0.08026,0.1607,-0.3961,0.2321,-7.712,-32.7,26.13
Birds of Prey: Owls,38,34,2007,-0.07486,0.1614,-0.3931,0.2394,-7.213,-32.5,27.05
Birds of Prey: Owls,38,34,2008,-0.06909,0.1621,-0.3902,0.2459,-6.676,-32.31,27.88
Birds of Prey: Owls,38,34,2009,-0.06314,0.1627,-0.3858,0.2532,-6.119,-32.01,28.82
Birds of Prey: Owls,38,34,2010,-0.05699,0.1632,-0.3785,0.2611,-5.54,-31.51,29.83
Birds of Prey: Owls,38,34,2011,-0.05016,0.1638,-0.3741,0.2669,-4.892,-31.21,30.59
Birds of Prey: Owls,38,34,2012,-0.04298,0.1645,-0.3684,0.277,-4.207,-30.81,31.92
Birds of Prey: Owls,38,34,2013,-0.0357,0.165,-0.3632,0.287,-3.507,-30.45,33.24
Birds of Prey: Owls,38,34,2014,-0.02837,0.1654,-0.357,0.2955,-2.797,-30.02,34.38
Birds of Prey: Owls,38,34,2015,-0.02138,0.1658,-0.3506,0.3027,-2.115,-29.57,35.34
Birds of Prey: Owls,38,34,2016,-0.01472,0.166,-0.3434,0.311,-1.461,-29.07,36.48
Birds of Prey: Owls,38,34,2017,-0.008546,0.1663,-0.3391,0.3167,-0.851,-28.76,37.26
Birds of Prey: Owls,38,34,2018,-0.002976,0.1664,-0.3316,0.3215,-0.2972,-28.23,37.92
Birds of Prey: Owls,38,34,2019,0.002022,0.1666,-0.3274,0.3282,0.2024,-27.92,38.84
Birds of Prey: Owls,38,34,2020,0.006379,0.1667,-0.3227,0.3327,0.6399,-27.58,39.47
Birds of Prey: Owls,38,34,2021,0.01021,0.1669,-0.32,0.338,1.026,-27.38,40.21
Wetland Birds: All,36,0,1970,0,0,0,0,0,0,0
Wetland Birds: All,36,0,1971,0.00319,0.004975,-0.007008,0.01404,0.3196,-0.6984,1.414
Wetland Birds: All,36,0,1972,0.006983,0.009569,-0.01253,0.02717,0.7007,-1.245,2.754
Wetland Birds: All,36,0,1973,0.01176,0.01895,-0.02599,0.04978,1.183,-2.566,5.104
Wetland Birds: All,36,0,1974,0.01698,0.02947,-0.04074,0.07535,1.713,-3.992,7.826
Wetland Birds: All,36,0,1975,0.02136,0.04025,-0.05665,0.1006,2.159,-5.508,10.58
Wetland Birds: All,36,0,1976,0.02529,0.05129,-0.07585,0.1264,2.561,-7.304,13.48
Wetland Birds: All,36,0,1977,0.02923,0.06134,-0.09116,0.1494,2.967,-8.713,16.11
Wetland Birds: All,36,0,1978,0.03192,0.07099,-0.1083,0.1711,3.243,-10.27,18.66
Wetland Birds: All,36,0,1979,0.03378,0.07927,-0.1231,0.1891,3.436,-11.59,20.82
Wetland Birds: All,36,0,1980,0.03488,0.0875,-0.1379,0.2045,3.55,-12.88,22.69
Wetland Birds: All,36,0,1981,0.03609,0.09524,-0.1505,0.2221,3.675,-13.98,24.87
Wetland Birds: All,36,0,1982,0.03689,0.102,-0.1637,0.2355,3.758,-15.1,26.56
Wetland Birds: All,36,0,1983,0.03789,0.109,-0.1774,0.2545,3.862,-16.25,28.98
Wetland Birds: All,36,0,1984,0.03948,0.1144,-0.1852,0.2637,4.026,-16.91,30.18
Wetland Birds: All,36,0,1985,0.04152,0.1198,-0.1945,0.2732,4.239,-17.68,31.42
Wetland Birds: All,36,0,1986,0.0444,0.1241,-0.2008,0.2835,4.54,-18.2,32.78
Wetland Birds: All,36,0,1987,0.0479,0.1279,-0.2032,0.2976,4.906,-18.39,34.66
Wetland Birds: All,36,0,1988,0.05251,0.1314,-0.2052,0.3087,5.391,-18.55,36.17
Wetland Birds: All,36,0,1989,0.05741,0.135,-0.2063,0.3221,5.909,-18.64,38.01
Wetland Birds: All,36,0,1990,0.0627,0.1379,-0.208,0.3336,6.47,-18.78,39.59
Wetland Birds: All,36,0,1991,0.06853,0.1409,-0.2046,0.3454,7.093,-18.5,41.26
Wetland Birds: All,36,0,1992,0.0735,0.1435,-0.2049,0.3553,7.627,-18.52,42.66
Wetland Birds: All,36,0,1993,0.07934,0.1464,-0.2055,0.3659,8.257,-18.57,44.18
Wetland Birds: All,36,0,1994,0.08451,0.1489,-0.2063,0.3773,8.818,-18.64,45.84
Wetland Birds: All,36,0,1995,0.08955,0.1509,-0.2068,0.3862,9.369,-18.68,47.13
Wetland Birds: All,36,0,1996,0.09356,0.1528,-0.2037,0.3941,9.807,-18.43,48.31
Wetland Birds: All,36,0,1997,0.09687,0.1548,-0.2052,0.4038,10.17,-18.55,49.75
Wetland Birds: All,36,0,1998,0.09943,0.1565,-0.2074,0.4076,10.45,-18.73,50.32
Wetland Birds: All,36,0,1999,0.1012,0.1577,-0.2056,0.4125,10.65,-18.58,51.06
Wetland Birds: All,36,0,2000,0.1025,0.1588,-0.2065,0.4161,10.79,-18.66,51.6
Wetland Birds: All,36,0,2001,0.1038,0.1599,-0.2099,0.4202,10.93,-18.93,52.23
Wetland Birds: All,36,0,2002,0.1059,0.1606,-0.2077,0.4248,11.17,-18.75,52.92
Wetland Birds: All,36,0,2003,0.1093,0.1615,-0.2079,0.4284,11.55,-18.77,53.49
Wetland Birds: All,36,0,2004,0.1145,0.1624,-0.2034,0.437,12.13,-18.41,54.81
Wetland Birds: All,36,0,2005,0.121,0.1632,-0.1989,0.4476,12.87,-18.04,56.46
Wetland Birds: All,36,0,2006,0.1286,0.1643,-0.1919,0.4535,13.72,-17.46,57.38
Wetland Birds: All,36,0,2007,0.1369,0.1654,-0.185,0.4633,14.67,-16.89,58.92
Wetland Birds: All,36,0,2008,0.1456,0.1666,-0.1775,0.4747,15.68,-16.26,60.76
Wetland Birds: All,36,0,2009,0.1546,0.1678,-0.1689,0.4851,16.72,-15.54,62.44
Wetland Birds: All,36,0,2010,0.1636,0.1687,-0.1622,0.493,17.78,-14.97,63.73
Wetland Birds: All,36,0,2011,0.1731,0.1702,-0.1563,0.5076,18.9,-14.47,66.13
Wetland Birds: All,36,0,2012,0.1824,0.1716,-0.151,0.5188,20.01,-14.02,68
Wetland Birds: All,36,0,2013,0.1913,0.1731,-0.1472,0.5308,21.08,-13.69,70.03
Wetland Birds: All,36,0,2014,0.1989,0.1746,-0.1426,0.5424,22.01,-13.29,72.02
Wetland Birds: All,36,0,2015,0.2052,0.176,-0.1403,0.5508,22.78,-13.09,73.47
Wetland Birds: All,36,0,2016,0.2093,0.1772,-0.1371,0.5578,23.28,-12.81,74.68
Wetland Birds: All,36,0,2017,0.2115,0.1781,-0.1359,0.5604,23.55,-12.71,75.14
Wetland Birds: All,36,0,2018,0.2119,0.1788,-0.1368,0.5628,23.6,-12.79,75.55
Wetland Birds: All,36,0,2019,0.2109,0.1788,-0.1366,0.5612,23.48,-12.77,75.28
Wetland Birds: All,36,0,2020,0.2087,0.1788,-0.1384,0.5582,23.21,-12.92,74.75
Wetland Birds: All,36,0,2021,0.206,0.1788,-0.142,0.556,22.87,-13.24,74.37
Wetland Birds: All,36,0,2022,0.2017,0.1789,-0.1452,0.5524,22.35,-13.52,73.75
Wetland Birds: Wetland Waterfowl,36,45,1970,0,0,0,0,0,0,0
Wetland Birds: Wetland Waterfowl,36,45,1971,0.001275,0.006639,-0.01222,0.0153,0.1276,-1.215,1.542
Wetland Birds: Wetland Waterfowl,36,45,1972,0.003069,0.009662,-0.01641,0.02321,0.3074,-1.628,2.348
Wetland Birds: Wetland Waterfowl,36,45,1973,0.005557,0.01312,-0.0208,0.03293,0.5573,-2.058,3.348
Wetland Birds: Wetland Waterfowl,36,45,1974,0.00841,0.01926,-0.03046,0.04824,0.8446,-3,4.942
Wetland Birds: Wetland Waterfowl,36,45,1975,0.01192,0.03067,-0.04971,0.07367,1.199,-4.849,7.646
Wetland Birds: Wetland Waterfowl,36,45,1976,0.01598,0.04392,-0.07095,0.104,1.611,-6.849,10.96
Wetland Birds: Wetland Waterfowl,36,45,1977,0.01981,0.05634,-0.0902,0.1314,2.001,-8.625,14.04
Wetland Birds: Wetland Waterfowl,36,45,1978,0.02317,0.068,-0.1097,0.1573,2.344,-10.39,17.04
Wetland Birds: Wetland Waterfowl,36,45,1979,0.02716,0.07939,-0.1301,0.1826,2.753,-12.2,20.04
Wetland Birds: Wetland Waterfowl,36,45,1980,0.03073,0.09043,-0.149,0.2099,3.121,-13.84,23.35
Wetland Birds: Wetland Waterfowl,36,45,1981,0.03504,0.1011,-0.1636,0.2344,3.567,-15.09,26.41
Wetland Birds: Wetland Waterfowl,36,45,1982,0.03978,0.1113,-0.1799,0.2568,4.059,-16.47,29.27
Wetland Birds: Wetland Waterfowl,36,45,1983,0.04462,0.1202,-0.1923,0.2817,4.563,-17.49,32.53
Wetland Birds: Wetland Waterfowl,36,45,1984,0.05124,0.1283,-0.2016,0.3039,5.257,-18.26,35.52
Wetland Birds: Wetland Waterfowl,36,45,1985,0.0598,0.1351,-0.2068,0.3255,6.162,-18.68,38.47
Wetland Birds: Wetland Waterfowl,36,45,1986,0.07073,0.1409,-0.203,0.3473,7.33,-18.37,41.52
Wetland Birds: Wetland Waterfowl,36,45,1987,0.08373,0.1451,-0.1995,0.36870000000000003,8.733,-18.08,44.58
Wetland Birds: Wetland Waterfowl,36,45,1988,0.09941,0.1492,-0.1909,0.3905,10.45,-17.37,47.78
Wetland Birds: Wetland Waterfowl,36,45,1989,0.1164,0.1526,-0.182,0.4173,12.34,-16.64,51.78
Wetland Birds: Wetland Waterfowl,36,45,1990,0.1346,0.1552,-0.1649,0.4428,14.41,-15.2,55.7
Wetland Birds: Wetland Waterfowl,36,45,1991,0.1545,0.1573,-0.1514,0.4635,16.7,-14.05,58.96
Wetland Birds: Wetland Waterfowl,36,45,1992,0.1747,0.1592,-0.1336,0.4864,19.09,-12.51,62.65
Wetland Birds: Wetland Waterfowl,36,45,1993,0.195,0.1612,-0.1195,0.5131,21.53,-11.26,67.04
Wetland Birds: Wetland Waterfowl,36,45,1994,0.2147,0.1628,-0.1064,0.5375,23.95,-10.09,71.17
Wetland Birds: Wetland Waterfowl,36,45,1995,0.2332,0.1646,-0.08847,0.5566,26.27,-8.467,74.47
Wetland Birds: Wetland Waterfowl,36,45,1996,0.2499,0.166,-0.07577,0.5738,28.39,-7.297,77.5
Wetland Birds: Wetland Waterfowl,36,45,1997,0.2646,0.1674,-0.06319,0.592,30.29,-6.123,80.76
Wetland Birds: Wetland Waterfowl,36,45,1998,0.2762,0.1684,-0.05312,0.6038,31.81,-5.173,82.91
Wetland Birds: Wetland Waterfowl,36,45,1999,0.286,0.1692,-0.0478,0.6153,33.12,-4.668,85.01
Wetland Birds: Wetland Waterfowl,36,45,2000,0.2947,0.1705,-0.03895,0.6267,34.28,-3.82,87.13
Wetland Birds: Wetland Waterfowl,36,45,2001,0.3029,0.1714,-0.03208,0.6359,35.38,-3.157,88.87
Wetland Birds: Wetland Waterfowl,36,45,2002,0.312,0.1726,-0.02849,0.6499,36.62,-2.809,91.54
Wetland Birds: Wetland Waterfowl,36,45,2003,0.3235,0.1734,-0.01884,0.6632,38.19,-1.866,94.1
Wetland Birds: Wetland Waterfowl,36,45,2004,0.3377,0.1746,-0.007817,0.68,40.17,-0.7786,97.39
Wetland Birds: Wetland Waterfowl,36,45,2005,0.3548,0.1759,0.008445,0.6982,42.59,0.8481,101
Wetland Birds: Wetland Waterfowl,36,45,2006,0.3736,0.1772,0.02605,0.7195,45.29,2.639,105.3
Wetland Birds: Wetland Waterfowl,36,45,2007,0.3935,0.1788,0.04205,0.7427,48.21,4.294,110.2
Wetland Birds: Wetland Waterfowl,36,45,2008,0.4144,0.1804,0.06019,0.7666,51.34,6.204,115.2
Wetland Birds: Wetland Waterfowl,36,45,2009,0.4359,0.182,0.07723,0.7896,54.63,8.029,120.2
Wetland Birds: Wetland Waterfowl,36,45,2010,0.4582,0.1838,0.09784,0.8135,58.13,10.28,125.6
Wetland Birds: Wetland Waterfowl,36,45,2011,0.481,0.1855,0.1183,0.8416,61.77,12.55,132
Wetland Birds: Wetland Waterfowl,36,45,2012,0.5034,0.187,0.1344,0.8629,65.44,14.38,137
Wetland Birds: Wetland Waterfowl,36,45,2013,0.5244,0.1888,0.152,0.8891,68.94,16.42,143.3
Wetland Birds: Wetland Waterfowl,36,45,2014,0.5425,0.1903,0.169,0.9094,72.03,18.41,148.3
Wetland Birds: Wetland Waterfowl,36,45,2015,0.5575,0.1919,0.1828,0.9301,74.63,20.06,153.5
Wetland Birds: Wetland Waterfowl,36,45,2016,0.5686,0.1937,0.1895,0.9432,76.59,20.87,156.8
Wetland Birds: Wetland Waterfowl,36,45,2017,0.5756,0.195,0.193,0.9537,77.82,21.29,159.5
Wetland Birds: Wetland Waterfowl,36,45,2018,0.5793,0.196,0.1948,0.9588,78.48,21.51,160.9
Wetland Birds: Wetland Waterfowl,36,45,2019,0.5807,0.1963,0.1964,0.9602,78.73,21.7,161.2
Wetland Birds: Wetland Waterfowl,36,45,2020,0.5805,0.1965,0.1956,0.9617,78.7,21.61,161.6
Wetland Birds: Wetland Waterfowl,36,45,2021,0.5795,0.1967,0.1941,0.9624,78.51,21.42,161.8
Wetland Birds: Wetland Waterfowl,36,45,2022,0.5742,0.197,0.1896,0.9563,77.56,20.87,160.2
Wetland Birds: Other Wetland Birds,36,46,1970,0,0,0,0,0,0,0
Wetland Birds: Other Wetland Birds,36,46,1971,0.004683,0.007367,-0.01111,0.0204,0.4694,-1.105,2.061
Wetland Birds: Other Wetland Birds,36,46,1972,0.009868,0.01371,-0.01819,0.03837,0.9917,-1.803,3.912
Wetland Birds: Other Wetland Birds,36,46,1973,0.01597,0.0249,-0.03338,0.06697,1.61,-3.283,6.926
Wetland Birds: Other Wetland Birds,36,46,1974,0.02178,0.03582,-0.04936,0.09317,2.202,-4.816,9.765
Wetland Birds: Other Wetland Birds,36,46,1975,0.02708,0.04672,-0.06518,0.1188,2.745,-6.31,12.62
Wetland Birds: Other Wetland Birds,36,46,1976,0.03173,0.05753,-0.08176,0.144,3.224,-7.85,15.49
Wetland Birds: Other Wetland Birds,36,46,1977,0.03523,0.06664,-0.09705,0.1669,3.586,-9.249,18.16
Wetland Birds: Other Wetland Birds,36,46,1978,0.0375,0.07504,-0.1128,0.186,3.822,-10.67,20.44
Wetland Birds: Other Wetland Birds,36,46,1979,0.03887,0.08279,-0.1252,0.2027,3.964,-11.76,22.48
Wetland Birds: Other Wetland Birds,36,46,1980,0.03932,0.0899,-0.1375,0.2162,4.011,-12.84,24.13
Wetland Birds: Other Wetland Birds,36,46,1981,0.03874,0.09691,-0.1518,0.2295,3.95,-14.09,25.8
Wetland Birds: Other Wetland Birds,36,46,1982,0.03845,0.1027,-0.1628,0.2395,3.92,-15.02,27.06
Wetland Birds: Other Wetland Birds,36,46,1983,0.03788,0.1084,-0.1753,0.2493,3.86,-16.08,28.32
Wetland Birds: Other Wetland Birds,36,46,1984,0.0363,0.1133,-0.1864,0.2569,3.696,-17.01,29.3
Wetland Birds: Other Wetland Birds,36,46,1985,0.03571,0.1178,-0.1961,0.268,3.635,-17.81,30.73
Wetland Birds: Other Wetland Birds,36,46,1986,0.03404,0.1217,-0.2061,0.2709,3.462,-18.63,31.12
Wetland Birds: Other Wetland Birds,36,46,1987,0.03277,0.1247,-0.2112,0.2772,3.331,-19.04,31.94
Wetland Birds: Other Wetland Birds,36,46,1988,0.03118,0.1278,-0.221,0.282,3.167,-19.83,32.57
Wetland Birds: Other Wetland Birds,36,46,1989,0.02987,0.1306,-0.2277,0.2884,3.032,-20.36,33.43
Wetland Birds: Other Wetland Birds,36,46,1990,0.02783,0.1328,-0.2313,0.2887,2.822,-20.65,33.46
Wetland Birds: Other Wetland Birds,36,46,1991,0.02586,0.1353,-0.2396,0.2938,2.619,-21.31,34.15
Wetland Birds: Other Wetland Birds,36,46,1992,0.02407,0.1378,-0.2458,0.2947,2.436,-21.79,34.27
Wetland Birds: Other Wetland Birds,36,46,1993,0.02216,0.1401,-0.2497,0.2957,2.241,-22.1,34.4
Wetland Birds: Other Wetland Birds,36,46,1994,0.02024,0.1424,-0.2595,0.3001,2.045,-22.85,35
Wetland Birds: Other Wetland Birds,36,46,1995,0.01841,0.1445,-0.2687,0.3011,1.858,-23.56,35.13
Wetland Birds: Other Wetland Birds,36,46,1996,0.01631,0.1464,-0.2728,0.3046,1.644,-23.88,35.61
Wetland Birds: Other Wetland Birds,36,46,1997,0.01428,0.1483,-0.2781,0.3069,1.438,-24.28,35.92
Wetland Birds: Other Wetland Birds,36,46,1998,0.01254,0.1495,-0.2812,0.3084,1.262,-24.52,36.12
Wetland Birds: Other Wetland Birds,36,46,1999,0.01037,0.1503,-0.2836,0.3058,1.043,-24.7,35.77
Wetland Birds: Other Wetland Birds,36,46,2000,0.008154,0.1514,-0.2893,0.3086,0.8188,-25.12,36.15
Wetland Birds: Other Wetland Birds,36,46,2001,0.006063,0.1524,-0.2947,0.3084,0.6081,-25.52,36.13
Wetland Birds: Other Wetland Birds,36,46,2002,0.004558,0.1536,-0.297,0.3098,0.4568,-25.7,36.31
Wetland Birds: Other Wetland Birds,36,46,2003,0.004149,0.1545,-0.3007,0.3103,0.4157,-25.97,36.38
Wetland Birds: Other Wetland Birds,36,46,2004,0.004957,0.1551,-0.3009,0.3116,0.4969,-25.98,36.56
Wetland Birds: Other Wetland Birds,36,46,2005,0.006439,0.156,-0.3008,0.3145,0.6459,-25.98,36.96
Wetland Birds: Other Wetland Birds,36,46,2006,0.008671,0.1569,-0.3012,0.3181,0.8709,-26,37.45
Wetland Birds: Other Wetland Birds,36,46,2007,0.01154,0.1575,-0.2992,0.3233,1.161,-25.86,38.17
Wetland Birds: Other Wetland Birds,36,46,2008,0.01413,0.1585,-0.298,0.3276,1.424,-25.77,38.76
Wetland Birds: Other Wetland Birds,36,46,2009,0.01646,0.1595,-0.2965,0.3331,1.66,-25.66,39.53
Wetland Birds: Other Wetland Birds,36,46,2010,0.01886,0.1605,-0.297,0.336,1.904,-25.7,39.93
Wetland Birds: Other Wetland Birds,36,46,2011,0.02136,0.1618,-0.2963,0.341,2.159,-25.64,40.64
Wetland Birds: Other Wetland Birds,36,46,2012,0.02347,0.1628,-0.296,0.3438,2.374,-25.62,41.03
Wetland Birds: Other Wetland Birds,36,46,2013,0.02581,0.1641,-0.2953,0.3502,2.615,-25.57,41.93
Wetland Birds: Other Wetland Birds,36,46,2014,0.02742,0.1653,-0.2943,0.3543,2.78,-25.5,42.52
Wetland Birds: Other Wetland Birds,36,46,2015,0.0288,0.1664,-0.2973,0.3545,2.922,-25.72,42.55
Wetland Birds: Other Wetland Birds,36,46,2016,0.02906,0.1678,-0.3003,0.3558,2.949,-25.94,42.74
Wetland Birds: Other Wetland Birds,36,46,2017,0.02879,0.1689,-0.301,0.3565,2.92,-25.99,42.83
Wetland Birds: Other Wetland Birds,36,46,2018,0.02703,0.1692,-0.3026,0.3543,2.74,-26.11,42.52
Wetland Birds: Other Wetland Birds,36,46,2019,0.02422,0.1695,-0.3077,0.3511,2.452,-26.48,42.06
Wetland Birds: Other Wetland Birds,36,46,2020,0.02045,0.1695,-0.3105,0.3484,2.066,-26.69,41.68
Wetland Birds: Other Wetland Birds,36,46,2021,0.0161,0.1696,-0.3149,0.3441,1.623,-27.01,41.07
Wetland Birds: Other Wetland Birds,36,46,2022,0.01111,0.1697,-0.3204,0.3396,1.117,-27.42,40.43
Marine Birds: All,34,0,1970,0,0,0,0,0,0,0
Marine Birds: All,34,0,1971,0.001139,0.003792,-0.006492,0.008936,0.114,-0.6471,0.8976
Marine Birds: All,34,0,1972,0.002259,0.00545,-0.008904,0.01334,0.2262,-0.8864,1.343
Marine Birds: All,34,0,1973,0.003293,0.006724,-0.0103,0.01696,0.3299,-1.025,1.711
Marine Birds: All,34,0,1974,0.004401,0.008164,-0.01186,0.02089,0.4411,-1.179,2.111
Marine Birds: All,34,0,1975,0.005911,0.01031,-0.01454,0.02698,0.5928,-1.444,2.734
Marine Birds: All,34,0,1976,0.007615,0.01516,-0.02256,0.03859,0.7644,-2.231,3.934
Marine Birds: All,34,0,1977,0.01017,0.02187,-0.03359,0.05409,1.023,-3.303,5.558
Marine Birds: All,34,0,1978,0.01332,0.02859,-0.04272,0.07007,1.341,-4.182,7.258
Marine Birds: All,34,0,1979,0.01637,0.03542,-0.05348,0.08584,1.651,-5.207,8.963
Marine Birds: All,34,0,1980,0.01969,0.04061,-0.05925,0.09813,1.988,-5.753,10.31
Marine Birds: All,34,0,1981,0.02327,0.04559,-0.06611,0.1121,2.354,-6.397,11.86
Marine Birds: All,34,0,1982,0.02673,0.05024,-0.07158,0.1248,2.709,-6.907,13.3
Marine Birds: All,34,0,1983,0.03026,0.05444,-0.0765,0.1361,3.072,-7.365,14.58
Marine Birds: All,34,0,1984,0.03395,0.05824,-0.07999,0.1475,3.453,-7.687,15.89
Marine Birds: All,34,0,1985,0.03739,0.06129,-0.08259,0.1568,3.809,-7.927,16.97
Marine Birds: All,34,0,1986,0.04069,0.06388,-0.08651,0.1657,4.153,-8.288,18.03
Marine Birds: All,34,0,1987,0.04404,0.06625,-0.08719,0.1731,4.502,-8.35,18.9
Marine Birds: All,34,0,1988,0.04744,0.06884,-0.08892,0.182,4.858,-8.508,19.96
Marine Birds: All,34,0,1989,0.05098,0.0719,-0.09079,0.191,5.23,-8.679,21.04
Marine Birds: All,34,0,1990,0.05431,0.07464,-0.09336,0.1984,5.581,-8.913,21.94
Marine Birds: All,34,0,1991,0.05755,0.07754,-0.09607,0.2079,5.923,-9.16,23.1
Marine Birds: All,34,0,1992,0.05991,0.0803,-0.1,0.2157,6.174,-9.518,24.07
Marine Birds: All,34,0,1993,0.06201,0.08353,-0.1031,0.2249,6.397,-9.798,25.23
Marine Birds: All,34,0,1994,0.06375,0.08683,-0.1069,0.2327,6.583,-10.14,26.2
Marine Birds: All,34,0,1995,0.06509,0.08998,-0.1117,0.2406,6.725,-10.56,27.21
Marine Birds: All,34,0,1996,0.06674,0.09268,-0.1156,0.2482,6.901,-10.92,28.18
Marine Birds: All,34,0,1997,0.06796,0.09603,-0.1231,0.2569,7.032,-11.58,29.29
Marine Birds: All,34,0,1998,0.06897,0.09918,-0.127,0.2649,7.14,-11.92,30.33
Marine Birds: All,34,0,1999,0.07012,0.1024,-0.1308,0.2698,7.264,-12.26,30.97
Marine Birds: All,34,0,2000,0.07107,0.1055,-0.137,0.2771,7.366,-12.8,31.93
Marine Birds: All,34,0,2001,0.07142,0.1084,-0.1427,0.2833,7.403,-13.3,32.75
Marine Birds: All,34,0,2002,0.07117,0.1107,-0.1491,0.2884,7.376,-13.85,33.43
Marine Birds: All,34,0,2003,0.0709,0.113,-0.1508,0.2922,7.347,-14,33.94
Marine Birds: All,34,0,2004,0.06967,0.115,-0.1558,0.2964,7.216,-14.43,34.5
Marine Birds: All,34,0,2005,0.0681,0.1165,-0.1611,0.299,7.048,-14.88,34.85
Marine Birds: All,34,0,2006,0.06605,0.1183,-0.1695,0.3021,6.828,-15.59,35.27
Marine Birds: All,34,0,2007,0.06319,0.12,-0.1722,0.301,6.523,-15.82,35.12
Marine Birds: All,34,0,2008,0.05988,0.1219,-0.1784,0.3024,6.171,-16.34,35.31
Marine Birds: All,34,0,2009,0.05594,0.1233,-0.1861,0.3015,5.753,-16.98,35.19
Marine Birds: All,34,0,2010,0.05157,0.1248,-0.1922,0.3008,5.292,-17.48,35.09
Marine Birds: All,34,0,2011,0.04677,0.126,-0.1996,0.2973,4.788,-18.09,34.62
Marine Birds: All,34,0,2012,0.04209,0.1268,-0.2063,0.2947,4.299,-18.64,34.27
Marine Birds: All,34,0,2013,0.03746,0.1274,-0.2124,0.2908,3.817,-19.14,33.75
Marine Birds: All,34,0,2014,0.03272,0.1277,-0.2163,0.2879,3.326,-19.45,33.36
Marine Birds: All,34,0,2015,0.02831,0.1281,-0.222,0.2846,2.871,-19.91,32.93
Marine Birds: All,34,0,2016,0.02385,0.1283,-0.2267,0.2787,2.414,-20.28,32.14
Marine Birds: All,34,0,2017,0.01976,0.1285,-0.2323,0.2759,1.996,-20.73,31.77
Marine Birds: All,34,0,2018,0.01631,0.1286,-0.2357,0.2715,1.644,-21,31.19
Marine Birds: All,34,0,2019,0.0131,0.1288,-0.2393,0.268,1.319,-21.29,30.74
Marine Birds: All,34,0,2020,0.009713,0.1288,-0.2444,0.2654,0.976,-21.68,30.4
Marine Birds: All,34,0,2021,0.006774,0.1289,-0.2465,0.263,0.6797,-21.84,30.08
Forest Birds: All,39,0,1970,0,0,0,0,0,0,0
Forest Birds: All,39,0,1971,0.002635,0.005465,-0.008758,0.01414,0.2638,-0.872,1.424
Forest Birds: All,39,0,1972,0.00594,0.00949,-0.01258,0.02483,0.5957,-1.251,2.514
Forest Birds: All,39,0,1973,0.01011,0.01428,-0.01834,0.03852,1.016,-1.817,3.927
Forest Birds: All,39,0,1974,0.01552,0.01953,-0.02232,0.05317,1.564,-2.207,5.461
Forest Birds: All,39,0,1975,0.02175,0.0258,-0.02895,0.07182,2.199,-2.854,7.447
Forest Birds: All,39,0,1976,0.02825,0.0325,-0.03631,0.09201,2.865,-3.566,9.638
Forest Birds: All,39,0,1977,0.03479,0.03838,-0.04084,0.1094,3.54,-4.002,11.56
Forest Birds: All,39,0,1978,0.04149,0.04383,-0.0453,0.1276,4.237,-4.429,13.61
Forest Birds: All,39,0,1979,0.04784,0.04888,-0.0484,0.1436,4.9,-4.725,15.44
Forest Birds: All,39,0,1980,0.05342,0.05329,-0.05085,0.158,5.487,-4.958,17.11
Forest Birds: All,39,0,1981,0.05909,0.05775,-0.0547,0.1728,6.087,-5.323,18.86
Forest Birds: All,39,0,1982,0.06387,0.06163,-0.0568,0.1853,6.596,-5.522,20.36
Forest Birds: All,39,0,1983,0.06806,0.06564,-0.06015,0.1971,7.043,-5.838,21.79
Forest Birds: All,39,0,1984,0.07162,0.0693,-0.06551,0.2091,7.425,-6.341,23.26
Forest Birds: All,39,0,1985,0.07483,0.07308,-0.06837,0.2182,7.77,-6.608,24.38
Forest Birds: All,39,0,1986,0.07746,0.07711,-0.07571,0.2297,8.053,-7.291,25.83
Forest Birds: All,39,0,1987,0.07995,0.08095,-0.08079,0.24,8.323,-7.762,27.13
Forest Birds: All,39,0,1988,0.08214,0.0847,-0.08555,0.2462,8.561,-8.199,27.91
Forest Birds: All,39,0,1989,0.08397,0.08838,-0.08975,0.2547,8.76,-8.584,29.01
Forest Birds: All,39,0,1990,0.08536,0.09146,-0.09393,0.2644,8.911,-8.965,30.27
Forest Birds: All,39,0,1991,0.08631,0.09415,-0.09896,0.2689,9.014,-9.422,30.86
Forest Birds: All,39,0,1992,0.08651,0.09649,-0.1007,0.2737,9.036,-9.58,31.49
Forest Birds: All,39,0,1993,0.08534,0.09888,-0.1095,0.2775,8.909,-10.37,31.98
Forest Birds: All,39,0,1994,0.08323,0.1013,-0.1172,0.2811,8.679,-11.06,32.45
Forest Birds: All,39,0,1995,0.07984,0.1032,-0.1233,0.2821,8.311,-11.6,32.59
Forest Birds: All,39,0,1996,0.07501,0.1054,-0.1335,0.2802,7.79,-12.5,32.34
Forest Birds: All,39,0,1997,0.06876,0.1076,-0.1445,0.2778,7.118,-13.45,32.03
Forest Birds: All,39,0,1998,0.06214,0.1099,-0.1559,0.2717,6.411,-14.43,31.21
Forest Birds: All,39,0,1999,0.05472,0.112,-0.1665,0.2711,5.624,-15.33,31.14
Forest Birds: All,39,0,2000,0.04753,0.1143,-0.1767,0.2674,4.868,-16.2,30.65
Forest Birds: All,39,0,2001,0.04051,0.1162,-0.1897,0.2639,4.134,-17.28,30.2
Forest Birds: All,39,0,2002,0.03407,0.1182,-0.1988,0.2613,3.466,-18.03,29.86
Forest Birds: All,39,0,2003,0.02808,0.1203,-0.2091,0.2611,2.847,-18.86,29.84
Forest Birds: All,39,0,2004,0.02315,0.1226,-0.2181,0.2601,2.342,-19.6,29.71
Forest Birds: All,39,0,2005,0.01898,0.1242,-0.2264,0.2581,1.916,-20.26,29.44
Forest Birds: All,39,0,2006,0.01524,0.1257,-0.2302,0.2592,1.536,-20.57,29.59
Forest Birds: All,39,0,2007,0.01175,0.1267,-0.239,0.2584,1.182,-21.26,29.48
Forest Birds: All,39,0,2008,0.008807,0.128,-0.2427,0.2578,0.8846,-21.55,29.41
Forest Birds: All,39,0,2009,0.005656,0.129,-0.2484,0.2566,0.5672,-22,29.25
Forest Birds: All,39,0,2010,0.002639,0.1301,-0.2553,0.2554,0.2643,-22.53,29.1
Forest Birds: All,39,0,2011,2.121e-4,0.1312,-0.2596,0.2566,0.02121,-22.86,29.25
Forest Birds: All,39,0,2012,-0.002008,0.1321,-0.2632,0.2548,-0.2006,-23.14,29.02
Forest Birds: All,39,0,2013,-0.003394,0.1332,-0.2665,0.2546,-0.3388,-23.39,28.99
Forest Birds: All,39,0,2014,-0.00438,0.1342,-0.2686,0.2556,-0.437,-23.56,29.12
Forest Birds: All,39,0,2015,-0.005074,0.1351,-0.2702,0.2577,-0.5061,-23.68,29.4
Forest Birds: All,39,0,2016,-0.004911,0.1359,-0.2715,0.2576,-0.4899,-23.77,29.39
Forest Birds: All,39,0,2017,-0.004487,0.1368,-0.2749,0.2614,-0.4477,-24.03,29.87
Forest Birds: All,39,0,2018,-0.004101,0.1376,-0.2755,0.2646,-0.4093,-24.08,30.29
Forest Birds: All,39,0,2019,-0.004086,0.1383,-0.2758,0.2649,-0.4077,-24.1,30.33
Forest Birds: All,39,0,2020,-0.00441,0.1387,-0.2771,0.2651,-0.4401,-24.2,30.35
Forest Birds: All,39,0,2021,-0.005497,0.1391,-0.2805,0.2636,-0.5482,-24.46,30.16
Forest Birds: All,39,0,2022,-0.007685,0.1393,-0.2811,0.2628,-0.7656,-24.5,30.06
Forest Birds: Spending the Winter in Canada,39,10,1970,0,0,0,0,0,0,0
Forest Birds: Spending the Winter in Canada,39,10,1971,0.00632,0.007411,-0.008922,0.02225,0.634,-0.8882,2.25
Forest Birds: Spending the Winter in Canada,39,10,1972,0.01375,0.01179,-0.009989,0.03773,1.384,-0.9939,3.845
Forest Birds: Spending the Winter in Canada,39,10,1973,0.02295,0.01679,-0.01027,0.056,2.321,-1.022,5.76
Forest Birds: Spending the Winter in Canada,39,10,1974,0.03431,0.02274,-0.01028,0.07934,3.491,-1.023,8.257
Forest Birds: Spending the Winter in Canada,39,10,1975,0.0472,0.02949,-0.01028,0.1064,4.834,-1.023,11.23
Forest Birds: Spending the Winter in Canada,39,10,1976,0.0622,0.03664,-0.009465,0.1353,6.418,-0.9421,14.49
Forest Birds: Spending the Winter in Canada,39,10,1977,0.07755,0.04367,-0.007916,0.1641,8.064,-0.7884,17.84
Forest Birds: Spending the Winter in Canada,39,10,1978,0.09285,0.04996,-0.007074,0.1905,9.729,-0.7049,20.98
Forest Birds: Spending the Winter in Canada,39,10,1979,0.1088,0.05645,-0.003775,0.2191,11.49,-0.3768,24.49
Forest Birds: Spending the Winter in Canada,39,10,1980,0.124,0.06202,6.816e-4,0.2457,13.2,0.06819,27.85
Forest Birds: Spending the Winter in Canada,39,10,1981,0.1387,0.06739,0.00468,0.2715,14.88,0.4691,31.19
Forest Birds: Spending the Winter in Canada,39,10,1982,0.1519,0.07186,0.011,0.2925,16.41,1.106,33.97
Forest Birds: Spending the Winter in Canada,39,10,1983,0.1636,0.07539,0.01411,0.3115,17.77,1.421,36.55
Forest Birds: Spending the Winter in Canada,39,10,1984,0.1741,0.07785,0.01897,0.3265,19.02,1.915,38.61
Forest Birds: Spending the Winter in Canada,39,10,1985,0.1836,0.08066,0.02303,0.341,20.15,2.33,40.63
Forest Birds: Spending the Winter in Canada,39,10,1986,0.1912,0.08304,0.0281,0.353,21.07,2.85,42.33
Forest Birds: Spending the Winter in Canada,39,10,1987,0.1981,0.08509,0.03013,0.3624,21.91,3.059,43.67
Forest Birds: Spending the Winter in Canada,39,10,1988,0.204,0.08673,0.03193,0.3725,22.62,3.244,45.14
Forest Birds: Spending the Winter in Canada,39,10,1989,0.2091,0.08811,0.03478,0.38,23.25,3.539,46.24
Forest Birds: Spending the Winter in Canada,39,10,1990,0.213,0.08907,0.03762,0.386,23.73,3.833,47.11
Forest Birds: Spending the Winter in Canada,39,10,1991,0.2164,0.09004,0.04024,0.3919,24.16,4.106,47.98
Forest Birds: Spending the Winter in Canada,39,10,1992,0.2199,0.09057,0.04421,0.3967,24.59,4.52,48.69
Forest Birds: Spending the Winter in Canada,39,10,1993,0.2229,0.09117,0.04458,0.4022,24.96,4.559,49.52
Forest Birds: Spending the Winter in Canada,39,10,1994,0.2253,0.09189,0.04438,0.4052,25.27,4.538,49.97
Forest Birds: Spending the Winter in Canada,39,10,1995,0.227,0.09268,0.04421,0.4083,25.48,4.52,50.42
Forest Birds: Spending the Winter in Canada,39,10,1996,0.2276,0.09398,0.04279,0.4102,25.56,4.372,50.71
Forest Birds: Spending the Winter in Canada,39,10,1997,0.2274,0.09573,0.03715,0.4148,25.53,3.785,51.41
Forest Birds: Spending the Winter in Canada,39,10,1998,0.2256,0.09808,0.03269,0.4169,25.31,3.323,51.72
Forest Birds: Spending the Winter in Canada,39,10,1999,0.2227,0.101,0.02483,0.4199,24.95,2.514,52.17
Forest Birds: Spending the Winter in Canada,39,10,2000,0.2186,0.1044,0.01333,0.4217,24.43,1.342,52.45
Forest Birds: Spending the Winter in Canada,39,10,2001,0.2132,0.108,0.00173,0.425,23.76,0.1731,52.96
Forest Birds: Spending the Winter in Canada,39,10,2002,0.2072,0.1122,-0.01211,0.4284,23.02,-1.204,53.49
Forest Birds: Spending the Winter in Canada,39,10,2003,0.201,0.1161,-0.02553,0.4314,22.26,-2.521,53.93
Forest Birds: Spending the Winter in Canada,39,10,2004,0.1945,0.1198,-0.04099,0.4326,21.47,-4.016,54.13
Forest Birds: Spending the Winter in Canada,39,10,2005,0.1886,0.123,-0.05211,0.4318,20.76,-5.078,54
Forest Birds: Spending the Winter in Canada,39,10,2006,0.1841,0.1254,-0.06271,0.4316,20.22,-6.079,53.97
Forest Birds: Spending the Winter in Canada,39,10,2007,0.181,0.127,-0.06852,0.4292,19.84,-6.622,53.61
Forest Birds: Spending the Winter in Canada,39,10,2008,0.1786,0.1281,-0.07445,0.4289,19.55,-7.174,53.55
Forest Birds: Spending the Winter in Canada,39,10,2009,0.1766,0.1291,-0.07782,0.4304,19.31,-7.487,53.78
Forest Birds: Spending the Winter in Canada,39,10,2010,0.1749,0.1296,-0.08261,0.4289,19.11,-7.929,53.55
Forest Birds: Spending the Winter in Canada,39,10,2011,0.1734,0.1302,-0.0839,0.428,18.94,-8.047,53.43
Forest Birds: Spending the Winter in Canada,39,10,2012,0.1717,0.1306,-0.08481,0.4271,18.73,-8.132,53.28
Forest Birds: Spending the Winter in Canada,39,10,2013,0.1699,0.1312,-0.08878,0.4265,18.51,-8.495,53.19
Forest Birds: Spending the Winter in Canada,39,10,2014,0.1681,0.1317,-0.09351,0.427,18.3,-8.927,53.27
Forest Birds: Spending the Winter in Canada,39,10,2015,0.1664,0.1323,-0.09536,0.425,18.11,-9.095,52.96
Forest Birds: Spending the Winter in Canada,39,10,2016,0.1647,0.1326,-0.09616,0.4258,17.9,-9.168,53.08
Forest Birds: Spending the Winter in Canada,39,10,2017,0.1631,0.133,-0.09803,0.4248,17.71,-9.338,52.93
Forest Birds: Spending the Winter in Canada,39,10,2018,0.1613,0.1333,-0.1016,0.4242,17.5,-9.664,52.84
Forest Birds: Spending the Winter in Canada,39,10,2019,0.1589,0.1335,-0.105,0.4216,17.22,-9.963,52.44
Forest Birds: Spending the Winter in Canada,39,10,2020,0.1555,0.1336,-0.1082,0.419,16.83,-10.26,52.05
Forest Birds: Spending the Winter in Canada,39,10,2021,0.1514,0.1338,-0.112,0.4147,16.35,-10.59,51.39
Forest Birds: Spending the Winter in Canada,39,10,2022,0.143,0.1339,-0.1208,0.4058,15.37,-11.38,50.05
Arctic Birds: All,47,0,1970,0,0,0,0,0,0,0
Arctic Birds: All,47,0,1971,-0.005659,0.00516,-0.01623,0.004596,-0.5643,-1.61,0.4607
Arctic Birds: All,47,0,1972,-0.01149,0.007176,-0.02571,0.002868,-1.143,-2.538,0.2872
Arctic Birds: All,47,0,1973,-0.01764,0.00869,-0.03524,-3.714e-4,-1.749,-3.463,-0.03714
Arctic Birds: All,47,0,1974,-0.02413,0.009892,-0.04384,-0.004559,-2.384,-4.289,-0.4549
Arctic Birds: All,47,0,1975,-0.0308,0.01108,-0.05268,-0.008686,-3.033,-5.132,-0.8648
Arctic Birds: All,47,0,1976,-0.03765,0.01205,-0.06186,-0.01376,-3.695,-5.999,-1.367
Arctic Birds: All,47,0,1977,-0.04361,0.01316,-0.06985,-0.01743,-4.267,-6.746,-1.728
Arctic Birds: All,47,0,1978,-0.04877,0.01485,-0.07795,-0.01872,-4.76,-7.499,-1.855
Arctic Birds: All,47,0,1979,-0.05336,0.01714,-0.0873,-0.019,-5.196,-8.36,-1.882
Arctic Birds: All,47,0,1980,-0.05705,0.02063,-0.09768,-0.01537,-5.545,-9.306,-1.525
Arctic Birds: All,47,0,1981,-0.05823,0.02354,-0.1053,-0.01069,-5.656,-9.991,-1.063
Arctic Birds: All,47,0,1982,-0.05876,0.02743,-0.1127,-0.004025,-5.707,-10.66,-0.4017
Arctic Birds: All,47,0,1983,-0.05935,0.03149,-0.1211,0.004146,-5.762,-11.41,0.4155
Arctic Birds: All,47,0,1984,-0.06052,0.03624,-0.1314,0.012,-5.873,-12.31,1.207
Arctic Birds: All,47,0,1985,-0.06203,0.04141,-0.1426,0.02089,-6.014,-13.29,2.111
Arctic Birds: All,47,0,1986,-0.06494,0.04669,-0.1559,0.02823,-6.287,-14.43,2.863
Arctic Birds: All,47,0,1987,-0.06801,0.05161,-0.1694,0.03243,-6.575,-15.58,3.296
Arctic Birds: All,47,0,1988,-0.07203,0.05651,-0.1823,0.03789,-6.95,-16.67,3.862
Arctic Birds: All,47,0,1989,-0.07616,0.0616,-0.1977,0.04454,-7.333,-17.94,4.554
Arctic Birds: All,47,0,1990,-0.08052,0.0668,-0.2104,0.04941,-7.736,-18.97,5.065
Arctic Birds: All,47,0,1991,-0.08503,0.07225,-0.2251,0.05592,-8.152,-20.16,5.751
Arctic Birds: All,47,0,1992,-0.08894,0.07723,-0.2423,0.06296,-8.51,-21.52,6.498
Arctic Birds: All,47,0,1993,-0.09261,0.08268,-0.257,0.06988,-8.845,-22.66,7.238
Arctic Birds: All,47,0,1994,-0.09567,0.08809,-0.2688,0.07545,-9.123,-23.57,7.837
Arctic Birds: All,47,0,1995,-0.09893,0.09396,-0.2834,0.08736,-9.42,-24.68,9.129
Arctic Birds: All,47,0,1996,-0.1019,0.09935,-0.2963,0.09337,-9.685,-25.64,9.787
Arctic Birds: All,47,0,1997,-0.1051,0.1053,-0.3118,0.1034,-9.974,-26.79,10.9
Arctic Birds: All,47,0,1998,-0.1081,0.1104,-0.3263,0.1108,-10.25,-27.84,11.72
Arctic Birds: All,47,0,1999,-0.112,0.1156,-0.3377,0.1156,-10.6,-28.66,12.26
Arctic Birds: All,47,0,2000,-0.1164,0.1202,-0.351,0.1221,-10.98,-29.6,12.99
Arctic Birds: All,47,0,2001,-0.1213,0.1247,-0.3656,0.1263,-11.42,-30.62,13.46
Arctic Birds: All,47,0,2002,-0.1273,0.1291,-0.3763,0.1291,-11.95,-31.36,13.78
Arctic Birds: All,47,0,2003,-0.1348,0.1332,-0.3941,0.1263,-12.61,-32.57,13.46
Arctic Birds: All,47,0,2004,-0.1435,0.1372,-0.4113,0.1269,-13.37,-33.72,13.53
Arctic Birds: All,47,0,2005,-0.1525,0.1412,-0.4287,0.1267,-14.14,-34.87,13.5
Arctic Birds: All,47,0,2006,-0.1619,0.1461,-0.4483,0.1227,-14.94,-36.13,13.06
Arctic Birds: All,47,0,2007,-0.1716,0.1505,-0.4676,0.1252,-15.77,-37.35,13.34
Arctic Birds: All,47,0,2008,-0.1815,0.1546,-0.4837,0.1205,-16.6,-38.35,12.81
Arctic Birds: All,47,0,2009,-0.1919,0.159,-0.5027,0.1201,-17.46,-39.51,12.76
Arctic Birds: All,47,0,2010,-0.2019,0.1636,-0.5201,0.1211,-18.29,-40.56,12.87
Arctic Birds: All,47,0,2011,-0.2126,0.168,-0.5441,0.1174,-19.15,-41.96,12.45
Arctic Birds: All,47,0,2012,-0.2232,0.1716,-0.5606,0.1157,-20,-42.91,12.27
Arctic Birds: All,47,0,2013,-0.2337,0.1745,-0.5784,0.1142,-20.84,-43.92,12.1
Arctic Birds: All,47,0,2014,-0.243,0.1766,-0.5906,0.1085,-21.57,-44.6,11.46
Arctic Birds: All,47,0,2015,-0.2507,0.1782,-0.6013,0.1027,-22.17,-45.19,10.81
Arctic Birds: All,47,0,2016,-0.2571,0.1792,-0.6088,0.09884,-22.67,-45.6,10.39
Arctic Birds: All,47,0,2017,-0.2614,0.1799,-0.6155,0.09676,-23,-45.96,10.16
Arctic Birds: All,47,0,2018,-0.2635,0.1805,-0.6199,0.09554,-23.17,-46.2,10.03
Arctic Birds: All,47,0,2019,-0.264,0.1807,-0.6185,0.09391,-23.21,-46.13,9.847
Arctic Birds: All,47,0,2020,-0.2603,0.1809,-0.6169,0.09843,-22.92,-46.04,10.34
Arctic Birds: All,47,0,2021,-0.2567,0.181,-0.6135,0.1011,-22.64,-45.85,10.64
Arctic Birds: Other Arctic Birds,47,43,1970,0,0,0,0,0,0,0
Arctic Birds: Other Arctic Birds,47,43,1971,-0.005179,0.006276,-0.01813,0.007611,-0.5166,-1.797,0.7641
Arctic Birds: Other Arctic Birds,47,43,1972,-0.01054,0.00884,-0.02828,0.007634,-1.048,-2.788,0.7663
Arctic Birds: Other Arctic Birds,47,43,1973,-0.01638,0.01068,-0.03741,0.005511,-1.624,-3.672,0.5526
Arctic Birds: Other Arctic Birds,47,43,1974,-0.02288,0.01227,-0.04709,0.001911,-2.262,-4.6,0.1913
Arctic Birds: Other Arctic Birds,47,43,1975,-0.02987,0.01376,-0.05737,-0.001978,-2.943,-5.576,-0.1976
Arctic Birds: Other Arctic Birds,47,43,1976,-0.03709,0.01507,-0.06724,-0.006601,-3.641,-6.503,-0.6579
Arctic Birds: Other Arctic Birds,47,43,1977,-0.04437,0.0163,-0.07702,-0.01193,-4.34,-7.413,-1.186
Arctic Birds: Other Arctic Birds,47,43,1978,-0.05163,0.01758,-0.08634,-0.01671,-5.032,-8.271,-1.657
Arctic Birds: Other Arctic Birds,47,43,1979,-0.05882,0.01895,-0.09609,-0.02095,-5.712,-9.162,-2.073
Arctic Birds: Other Arctic Birds,47,43,1980,-0.06573,0.02052,-0.106,-0.02461,-6.362,-10.06,-2.431
Arctic Birds: Other Arctic Birds,47,43,1981,-0.07236,0.02225,-0.1156,-0.02781,-6.981,-10.92,-2.742
Arctic Birds: Other Arctic Birds,47,43,1982,-0.07868,0.0243,-0.1263,-0.02927,-7.566,-11.86,-2.885
Arctic Birds: Other Arctic Birds,47,43,1983,-0.08443,0.02632,-0.1362,-0.03142,-8.096,-12.73,-3.093
Arctic Birds: Other Arctic Birds,47,43,1984,-0.08956,0.02835,-0.1452,-0.03307,-8.566,-13.52,-3.253
Arctic Birds: Other Arctic Birds,47,43,1985,-0.09435,0.03054,-0.1546,-0.03314,-9.004,-14.33,-3.26
Arctic Birds: Other Arctic Birds,47,43,1986,-0.09876,0.03316,-0.1642,-0.03309,-9.404,-15.14,-3.255
Arctic Birds: Other Arctic Birds,47,43,1987,-0.103,0.036,-0.1745,-0.03297,-9.788,-16.01,-3.243
Arctic Birds: Other Arctic Birds,47,43,1988,-0.1069,0.03946,-0.1847,-0.03036,-10.14,-16.86,-2.99
Arctic Birds: Other Arctic Birds,47,43,1989,-0.1104,0.04293,-0.1957,-0.02756,-10.46,-17.77,-2.718
Arctic Birds: Other Arctic Birds,47,43,1990,-0.1143,0.04692,-0.2073,-0.02343,-10.8,-18.72,-2.316
Arctic Birds: Other Arctic Birds,47,43,1991,-0.1181,0.05095,-0.2185,-0.01903,-11.14,-19.63,-1.885
Arctic Birds: Other Arctic Birds,47,43,1992,-0.122,0.05513,-0.2304,-0.01357,-11.48,-20.57,-1.348
Arctic Birds: Other Arctic Birds,47,43,1993,-0.1258,0.05919,-0.243,-0.01063,-11.82,-21.57,-1.057
Arctic Birds: Other Arctic Birds,47,43,1994,-0.1296,0.06296,-0.2541,-0.00636,-12.15,-22.44,-0.634
Arctic Birds: Other Arctic Birds,47,43,1995,-0.1327,0.06774,-0.2666,5.997e-4,-12.43,-23.4,0.05999
Arctic Birds: Other Arctic Birds,47,43,1996,-0.136,0.07204,-0.2782,0.006294,-12.72,-24.28,0.6314
Arctic Birds: Other Arctic Birds,47,43,1997,-0.1394,0.07639,-0.2898,0.01091,-13.01,-25.16,1.097
Arctic Birds: Other Arctic Birds,47,43,1998,-0.1427,0.08092,-0.3023,0.01726,-13.29,-26.09,1.741
Arctic Birds: Other Arctic Birds,47,43,1999,-0.1452,0.08504,-0.3135,0.02239,-13.52,-26.91,2.264
Arctic Birds: Other Arctic Birds,47,43,2000,-0.1479,0.08922,-0.3237,0.02931,-13.75,-27.66,2.974
Arctic Birds: Other Arctic Birds,47,43,2001,-0.1507,0.09352,-0.3356,0.03439,-13.99,-28.51,3.499
Arctic Birds: Other Arctic Birds,47,43,2002,-0.15310000000000001,0.09734,-0.3467,0.03473,-14.19,-29.3,3.534
Arctic Birds: Other Arctic Birds,47,43,2003,-0.1552,0.1011,-0.3564,0.04157,-14.38,-29.98,4.245
Arctic Birds: Other Arctic Birds,47,43,2004,-0.1569,0.1048,-0.3646,0.04707,-14.52,-30.55,4.82
Arctic Birds: Other Arctic Birds,47,43,2005,-0.1584,0.1086,-0.3719,0.0546,-14.65,-31.06,5.612
Arctic Birds: Other Arctic Birds,47,43,2006,-0.1596,0.1125,-0.3809,0.06127,-14.75,-31.68,6.319
Arctic Birds: Other Arctic Birds,47,43,2007,-0.1599,0.1155,-0.3878,0.06405,-14.78,-32.14,6.615
Arctic Birds: Other Arctic Birds,47,43,2008,-0.16,0.1182,-0.3906,0.07147,-14.78,-32.33,7.409
Arctic Birds: Other Arctic Birds,47,43,2009,-0.1599,0.1211,-0.3958,0.07861,-14.78,-32.68,8.178
Arctic Birds: Other Arctic Birds,47,43,2010,-0.1594,0.1231,-0.4005,0.08214,-14.74,-33,8.561
Arctic Birds: Other Arctic Birds,47,43,2011,-0.1599,0.1253,-0.4048,0.08617,-14.78,-33.29,8.999
Arctic Birds: Other Arctic Birds,47,43,2012,-0.1602,0.1272,-0.4112,0.08981,-14.8,-33.71,9.396
Arctic Birds: Other Arctic Birds,47,43,2013,-0.1596,0.1287,-0.413,0.0947,-14.75,-33.83,9.933
Arctic Birds: Other Arctic Birds,47,43,2014,-0.1587,0.1298,-0.4142,0.09564,-14.68,-33.91,10.04
Arctic Birds: Other Arctic Birds,47,43,2015,-0.1577,0.1309,-0.4134,0.09978,-14.59,-33.86,10.49
Arctic Birds: Other Arctic Birds,47,43,2016,-0.1563,0.132,-0.4154,0.1023,-14.47,-33.99,10.77
Arctic Birds: Other Arctic Birds,47,43,2017,-0.1544,0.1325,-0.4151,0.1048,-14.31,-33.97,11.04
Arctic Birds: Other Arctic Birds,47,43,2018,-0.1517,0.1329,-0.4103,0.11,-14.07,-33.65,11.63
Arctic Birds: Other Arctic Birds,47,43,2019,-0.1483,0.1332,-0.4064,0.1135,-13.78,-33.39,12.02
Arctic Birds: Other Arctic Birds,47,43,2020,-0.145,0.1334,-0.4047,0.1173,-13.5,-33.28,12.45
Arctic Birds: Other Arctic Birds,47,43,2021,-0.1417,0.1335,-0.4007,0.1207,-13.21,-33.02,12.83
Arctic Birds: Arctic Shorebirds,47,44,1980,0,0,0,0,0,0,0
Arctic Birds: Arctic Shorebirds,47,44,1981,-2.23e-4,0.009908,-0.02015,0.02116,-0.0223,-1.995,2.139
Arctic Birds: Arctic Shorebirds,47,44,1982,-0.001348,0.01388,-0.02855,0.02867,-0.1347,-2.814,2.909
Arctic Birds: Arctic Shorebirds,47,44,1983,-0.004789,0.01656,-0.03734,0.02983,-0.4777,-3.665,3.028
Arctic Birds: Arctic Shorebirds,47,44,1984,-0.01116,0.01879,-0.04815,0.02742,-1.11,-4.701,2.78
Arctic Birds: Arctic Shorebirds,47,44,1985,-0.02042,0.02099,-0.0616,0.02275,-2.021,-5.974,2.301
Arctic Birds: Arctic Shorebirds,47,44,1986,-0.03198,0.02332,-0.07835,0.015,-3.147,-7.536,1.512
Arctic Birds: Arctic Shorebirds,47,44,1987,-0.04487,0.02553,-0.09627,0.00577,-4.388,-9.178,0.5786
Arctic Birds: Arctic Shorebirds,47,44,1988,-0.05862,0.02802,-0.1147,-0.003163,-5.693,-10.83,-0.3158
Arctic Birds: Arctic Shorebirds,47,44,1989,-0.07339,0.0307,-0.1354,-0.01259,-7.076,-12.66,-1.251
Arctic Birds: Arctic Shorebirds,47,44,1990,-0.08867,0.03356,-0.1563,-0.02288,-8.485,-14.47,-2.262
Arctic Birds: Arctic Shorebirds,47,44,1991,-0.1042,0.03677,-0.1773,-0.03276,-9.892,-16.25,-3.223
Arctic Birds: Arctic Shorebirds,47,44,1992,-0.1194,0.04026,-0.2,-0.04082,-11.25,-18.13,-3.999
Arctic Birds: Arctic Shorebirds,47,44,1993,-0.1344,0.04339,-0.2206,-0.04975,-12.58,-19.8,-4.853
Arctic Birds: Arctic Shorebirds,47,44,1994,-0.1491,0.0464,-0.2402,-0.05866,-13.85,-21.35,-5.697
Arctic Birds: Arctic Shorebirds,47,44,1995,-0.1642,0.04955,-0.2627,-0.06789,-15.14,-23.1,-6.564
Arctic Birds: Arctic Shorebirds,47,44,1996,-0.1795,0.05261,-0.2849,-0.07796,-16.43,-24.79,-7.5
Arctic Birds: Arctic Shorebirds,47,44,1997,-0.1952,0.05562,-0.3073,-0.08767,-17.73,-26.46,-8.394
Arctic Birds: Arctic Shorebirds,47,44,1998,-0.2116,0.05832,-0.3287,-0.09828,-19.07,-28.01,-9.36
Arctic Birds: Arctic Shorebirds,47,44,1999,-0.2284,0.06119,-0.3512,-0.1107,-20.42,-29.61,-10.48
Arctic Birds: Arctic Shorebirds,47,44,2000,-0.2466,0.06387,-0.3747,-0.1236,-21.86,-31.25,-11.62
Arctic Birds: Arctic Shorebirds,47,44,2001,-0.2665,0.06665,-0.4007,-0.1389,-23.39,-33.01,-12.97
Arctic Birds: Arctic Shorebirds,47,44,2002,-0.2889,0.06952,-0.4265,-0.1548,-25.09,-34.72,-14.34
Arctic Birds: Arctic Shorebirds,47,44,2003,-0.314,0.0724,-0.4579,-0.1753,-26.95,-36.74,-16.08
Arctic Birds: Arctic Shorebirds,47,44,2004,-0.3412,0.07519,-0.489,-0.1949,-28.91,-38.67,-17.71
Arctic Birds: Arctic Shorebirds,47,44,2005,-0.3703,0.07814,-0.5233,-0.22,-30.95,-40.74,-19.75
Arctic Birds: Arctic Shorebirds,47,44,2006,-0.4009,0.08104,-0.56,-0.2455,-33.03,-42.88,-21.77
Arctic Birds: Arctic Shorebirds,47,44,2007,-0.4333,0.08414,-0.5995,-0.2715,-35.17,-45.09,-23.78
Arctic Birds: Arctic Shorebirds,47,44,2008,-0.4665,0.08785,-0.6384,-0.2974,-37.28,-47.18,-25.73
Arctic Birds: Arctic Shorebirds,47,44,2009,-0.5001,0.09097,-0.6779,-0.3238,-39.35,-49.23,-27.66
Arctic Birds: Arctic Shorebirds,47,44,2010,-0.5335,0.09497,-0.721,-0.3492,-41.35,-51.38,-29.47
Arctic Birds: Arctic Shorebirds,47,44,2011,-0.5661,0.09828,-0.7598,-0.3761,-43.23,-53.22,-31.35
Arctic Birds: Arctic Shorebirds,47,44,2012,-0.5973,0.1011,-0.7967,-0.4014,-44.97,-54.92,-33.06
Arctic Birds: Arctic Shorebirds,47,44,2013,-0.6265,0.1037,-0.831,-0.4262,-46.55,-56.44,-34.7
Arctic Birds: Arctic Shorebirds,47,44,2014,-0.6527,0.1057,-0.8611,-0.4473,-47.93,-57.73,-36.06
Arctic Birds: Arctic Shorebirds,47,44,2015,-0.6743,0.1069,-0.8864,-0.4687,-49.05,-58.79,-37.42
Arctic Birds: Arctic Shorebirds,47,44,2016,-0.6917,0.1079,-0.9046,-0.4831,-49.93,-59.53,-38.31
Arctic Birds: Arctic Shorebirds,47,44,2017,-0.7054,0.1086,-0.9211,-0.4944,-50.61,-60.19,-39
Arctic Birds: Arctic Shorebirds,47,44,2018,-0.7159,0.1091,-0.9327,-0.5057,-51.13,-60.65,-39.69
Arctic Birds: Arctic Shorebirds,47,44,2019,-0.7244,0.1095,-0.9425,-0.5125,-51.54,-61.03,-40.1
Arctic Birds: Arctic Geese and Swans,47,42,1970,0,0,0,0,0,0,0
Arctic Birds: Arctic Geese and Swans,47,42,1971,-0.02068,0.04864,-0.1278,0.07017,-2.047,-12,7.269
Arctic Birds: Arctic Geese and Swans,47,42,1972,-0.03889,0.06697,-0.1896,0.09286,-3.814,-17.27,9.731
Arctic Birds: Arctic Geese and Swans,47,42,1973,-0.05417,0.08026,-0.2317,0.1047,-5.273,-20.68,11.04
Arctic Birds: Arctic Geese and Swans,47,42,1974,-0.06556,0.09222,-0.264,0.116,-6.346,-23.21,12.3
Arctic Birds: Arctic Geese and Swans,47,42,1975,-0.07345,0.1021,-0.292,0.1274,-7.082,-25.32,13.59
Arctic Birds: Arctic Geese and Swans,47,42,1976,-0.07855,0.1129,-0.3181,0.1437,-7.554,-27.25,15.46
Arctic Birds: Arctic Geese and Swans,47,42,1977,-0.06913,0.1251,-0.3298,0.1768,-6.679,-28.1,19.34
Arctic Birds: Arctic Geese and Swans,47,42,1978,-0.0398,0.1494,-0.3415,0.2551,-3.902,-28.93,29.06
Arctic Birds: Arctic Geese and Swans,47,42,1979,-0.004227,0.172,-0.3554,0.34,-0.4218,-29.91,40.5
Arctic Birds: Arctic Geese and Swans,47,42,1980,0.03478,0.1932,-0.3542,0.4171,3.539,-29.83,51.75
Arctic Birds: Arctic Geese and Swans,47,42,1981,0.0781,0.2124,-0.3452,0.5029,8.123,-29.19,65.36
Arctic Birds: Arctic Geese and Swans,47,42,1982,0.1246,0.2322,-0.3329,0.5939,13.27,-28.31,81.11
Arctic Birds: Arctic Geese and Swans,47,42,1983,0.1731,0.25,-0.3153,0.677,18.9,-27.04,96.79
Arctic Birds: Arctic Geese and Swans,47,42,1984,0.2246,0.2655,-0.3034,0.7539,25.18,-26.17,112.5
Arctic Birds: Arctic Geese and Swans,47,42,1985,0.278,0.2798,-0.267,0.8305,32.05,-23.43,129.4
Arctic Birds: Arctic Geese and Swans,47,42,1986,0.3324,0.2943,-0.2437,0.9133,39.42,-21.63,149.2
Arctic Birds: Arctic Geese and Swans,47,42,1987,0.3874,0.308,-0.211,1,47.31,-19.03,171.9
Arctic Birds: Arctic Geese and Swans,47,42,1988,0.4427,0.3197,-0.1818,1.078,55.69,-16.62,193.8
Arctic Birds: Arctic Geese and Swans,47,42,1989,0.4989,0.3316,-0.1469,1.159,64.69,-13.66,218.6
Arctic Birds: Arctic Geese and Swans,47,42,1990,0.5567,0.3422,-0.1165,1.232,74.5,-11,242.9
Arctic Birds: Arctic Geese and Swans,47,42,1991,0.6133,0.3526,-0.08141,1.31,84.65,-7.818,270.7
Arctic Birds: Arctic Geese and Swans,47,42,1992,0.6717,0.3632,-0.03999,1.381,95.76,-3.92,297.7
Arctic Birds: Arctic Geese and Swans,47,42,1993,0.7282,0.3737,-0.006595,1.462,107.1,-0.6573,331.7
Arctic Birds: Arctic Geese and Swans,47,42,1994,0.7857,0.3839,0.04028,1.539,119.4,4.11,366
Arctic Birds: Arctic Geese and Swans,47,42,1995,0.8434,0.3948,0.075,1.624,132.4,7.788,407.5
Arctic Birds: Arctic Geese and Swans,47,42,1996,0.9006,0.4062,0.1086,1.704,146.1,11.47,449.8
Arctic Birds: Arctic Geese and Swans,47,42,1997,0.9576,0.4166,0.1418,1.784,160.6,15.23,495.3
Arctic Birds: Arctic Geese and Swans,47,42,1998,1.016,0.4275,0.1785,1.861,176.1,19.54,542.7
Arctic Birds: Arctic Geese and Swans,47,42,1999,1.073,0.4368,0.21560000000000001,1.936,192.3,24.06,593
Arctic Birds: Arctic Geese and Swans,47,42,2000,1.127,0.4435,0.2565,2.001,208.7,29.24,639.7
Arctic Birds: Arctic Geese and Swans,47,42,2001,1.179,0.4498,0.2999,2.061,225.2,34.97,685.3
Arctic Birds: Arctic Geese and Swans,47,42,2002,1.229,0.4544,0.3407,2.127,241.8,40.59,739
Arctic Birds: Arctic Geese and Swans,47,42,2003,1.277,0.459,0.3798,2.182,258.5,46.21,786.6
Arctic Birds: Arctic Geese and Swans,47,42,2004,1.325,0.4631,0.4183,2.241,276.3,51.94,840.3
Arctic Birds: Arctic Geese and Swans,47,42,2005,1.373,0.467,0.4564,2.301,294.8,57.84,898.3
Arctic Birds: Arctic Geese and Swans,47,42,2006,1.423,0.4709,0.4955,2.352,314.9,64.13,950.9
Arctic Birds: Arctic Geese and Swans,47,42,2007,1.472,0.4748,0.5444,2.407,335.6,72.36,1010
Arctic Birds: Arctic Geese and Swans,47,42,2008,1.52,0.4809,0.5859,2.466,357.3,79.66,1078
Arctic Birds: Arctic Geese and Swans,47,42,2009,1.567,0.4873,0.6122,2.524,379.4,84.44,1148
Arctic Birds: Arctic Geese and Swans,47,42,2010,1.613,0.4924,0.6617,2.582,401.8,93.81,1222
Arctic Birds: Arctic Geese and Swans,47,42,2011,1.658,0.498,0.6938,2.641,424.7,100.1,1303
Arctic Birds: Arctic Geese and Swans,47,42,2012,1.698,0.5042,0.7194,2.686,446.4,105.3,1368
Arctic Birds: Arctic Geese and Swans,47,42,2013,1.734,0.5111,0.7378,2.744,466.2,109.1,1456
Arctic Birds: Arctic Geese and Swans,47,42,2014,1.764,0.5174,0.764,2.786,483.5,114.7,1522
Arctic Birds: Arctic Geese and Swans,47,42,2015,1.79,0.525,0.7695,2.816,498.9,115.9,1571
Arctic Birds: Arctic Geese and Swans,47,42,2016,1.811,0.5322,0.7658,2.861,511.5,115.1,1649
Arctic Birds: Arctic Geese and Swans,47,42,2017,1.824,0.541,0.7609,2.895,519.8,114,1708
Arctic Birds: Arctic Geese and Swans,47,42,2018,1.832,0.5505,0.75,2.921,524.6,111.7,1757
Arctic Birds: Arctic Geese and Swans,47,42,2019,1.833,0.5595,0.742,2.932,525.5,110,1776
Arctic Birds: Arctic Geese and Swans,47,42,2020,1.839,0.571,0.7305,2.957,529,107.6,1823
Arctic Birds: Arctic Geese and Swans,47,42,2021,1.842,0.5818,0.6951,2.983,530.6,100.4,1875
Long-Distance Migrants: All,52,0,1970,0,0,0,0,0,0,0
Long-Distance Migrants: All,52,0,1971,1.71e-4,0.0049,-0.0104,0.01057,0.0171,-1.035,1.062
Long-Distance Migrants: All,52,0,1972,7.773e-4,0.01024,-0.02087,0.02163,0.07776,-2.066,2.187
Long-Distance Migrants: All,52,0,1973,0.001989,0.0179,-0.03347,0.0368,0.1991,-3.292,3.748
Long-Distance Migrants: All,52,0,1974,0.003666,0.02536,-0.04678,0.05337,0.3673,-4.57,5.482
Long-Distance Migrants: All,52,0,1975,0.005932,0.03311,-0.05953,0.07142,0.595,-5.779,7.403
Long-Distance Migrants: All,52,0,1976,0.008044,0.04029,-0.07099,0.08726,0.8077,-6.853,9.118
Long-Distance Migrants: All,52,0,1977,0.009927,0.0465,-0.08061,0.1019,0.9977,-7.745,10.72
Long-Distance Migrants: All,52,0,1978,0.0106,0.05218,-0.09266,0.1136,1.066,-8.85,12.03
Long-Distance Migrants: All,52,0,1979,0.01042,0.05761,-0.1034,0.1215,1.047,-9.825,12.92
Long-Distance Migrants: All,52,0,1980,0.009311,0.06284,-0.1141,0.1319,0.9355,-10.78,14.1
Long-Distance Migrants: All,52,0,1981,0.008264,0.06762,-0.1238,0.1421,0.8298,-11.64,15.27
Long-Distance Migrants: All,52,0,1982,0.006018,0.07252,-0.1355,0.1496,0.6036,-12.67,16.13
Long-Distance Migrants: All,52,0,1983,0.001637,0.07734,-0.1516,0.1537,0.1639,-14.06,16.61
Long-Distance Migrants: All,52,0,1984,-0.004428,0.08158,-0.1636,0.1562,-0.4419,-15.09,16.9
Long-Distance Migrants: All,52,0,1985,-0.01165,0.08604,-0.1797,0.1577,-1.158,-16.45,17.08
Long-Distance Migrants: All,52,0,1986,-0.02036,0.09035,-0.194,0.1565,-2.016,-17.63,16.94
Long-Distance Migrants: All,52,0,1987,-0.02961,0.09452,-0.2127,0.1552,-2.918,-19.16,16.79
Long-Distance Migrants: All,52,0,1988,-0.03964,0.09842,-0.2317,0.1556,-3.887,-20.68,16.84
Long-Distance Migrants: All,52,0,1989,-0.05047,0.1021,-0.2493,0.1521,-4.922,-22.07,16.43
Long-Distance Migrants: All,52,0,1990,-0.062,0.1055,-0.269,0.148,-6.012,-23.59,15.95
Long-Distance Migrants: All,52,0,1991,-0.07443,0.1093,-0.2921,0.1401,-7.172,-25.33,15.04
Long-Distance Migrants: All,52,0,1992,-0.08821,0.1127,-0.3107,0.1323,-8.444,-26.71,14.15
Long-Distance Migrants: All,52,0,1993,-0.1025,0.1164,-0.3338,0.1272,-9.743,-28.38,13.57
Long-Distance Migrants: All,52,0,1994,-0.1175,0.1196,-0.3551,0.1175,-11.08,-29.89,12.46
Long-Distance Migrants: All,52,0,1995,-0.1331,0.1225,-0.3776,0.105,-12.46,-31.45,11.07
Long-Distance Migrants: All,52,0,1996,-0.1491,0.1254,-0.396,0.098,-13.85,-32.7,10.3
Long-Distance Migrants: All,52,0,1997,-0.1649,0.1282,-0.4166,0.08392,-15.21,-34.07,8.755
Long-Distance Migrants: All,52,0,1998,-0.1804,0.131,-0.437,0.07418,-16.5,-35.4,7.701
Long-Distance Migrants: All,52,0,1999,-0.1957,0.134,-0.4601,0.06608,-17.78,-36.88,6.832
Long-Distance Migrants: All,52,0,2000,-0.2105,0.1366,-0.4799,0.05889,-18.98,-38.12,6.066
Long-Distance Migrants: All,52,0,2001,-0.2248,0.1393,-0.5004,0.04584,-20.13,-39.37,4.69
Long-Distance Migrants: All,52,0,2002,-0.2376,0.1416,-0.5175,0.04097,-21.15,-40.4,4.182
Long-Distance Migrants: All,52,0,2003,-0.2495,0.1437,-0.5328,0.03261,-22.08,-41.31,3.315
Long-Distance Migrants: All,52,0,2004,-0.2602,0.1456,-0.5483,0.02593,-22.91,-42.21,2.627
Long-Distance Migrants: All,52,0,2005,-0.2698,0.1477,-0.5645,0.02116,-23.65,-43.14,2.139
Long-Distance Migrants: All,52,0,2006,-0.2795,0.1497,-0.5767,0.0133,-24.38,-43.82,1.339
Long-Distance Migrants: All,52,0,2007,-0.29,0.1515,-0.586,0.005446,-25.17,-44.34,0.5461
Long-Distance Migrants: All,52,0,2008,-0.3006,0.15310000000000001,-0.6006,-0.002279,-25.96,-45.15,-0.2277
Long-Distance Migrants: All,52,0,2009,-0.3104,0.155,-0.6151,-0.01046,-26.69,-45.94,-1.04
Long-Distance Migrants: All,52,0,2010,-0.3202,0.1564,-0.6277,-0.01517,-27.4,-46.62,-1.505
Long-Distance Migrants: All,52,0,2011,-0.3284,0.158,-0.6363,-0.02324,-27.99,-47.07,-2.297
Long-Distance Migrants: All,52,0,2012,-0.3351,0.1596,-0.6439,-0.02768,-28.47,-47.48,-2.73
Long-Distance Migrants: All,52,0,2013,-0.3406,0.1612,-0.6519,-0.0294,-28.86,-47.89,-2.897
Long-Distance Migrants: All,52,0,2014,-0.3443,0.1627,-0.6592,-0.02779,-29.13,-48.27,-2.74
Long-Distance Migrants: All,52,0,2015,-0.3462,0.1641,-0.665,-0.03044,-29.26,-48.57,-2.998
Long-Distance Migrants: All,52,0,2016,-0.3464,0.1655,-0.6708,-0.02331,-29.27,-48.87,-2.304
Long-Distance Migrants: All,52,0,2017,-0.3454,0.1671,-0.6709,-0.01886,-29.2,-48.88,-1.868
Long-Distance Migrants: All,52,0,2018,-0.3439,0.1683,-0.6716,-0.01714,-29.1,-48.91,-1.699
Long-Distance Migrants: All,52,0,2019,-0.3422,0.1693,-0.67,-0.01114,-28.98,-48.83,-1.108
Long-Distance Migrants: All,52,0,2020,-0.3397,0.17,-0.67,-0.006147,-28.8,-48.83,-0.6128
Long-Distance Migrants: All,52,0,2021,-0.3383,0.1705,-0.6695,-0.005047,-28.7,-48.8,-0.5034
Long-Distance Migrants: All,52,0,2022,-0.3373,0.1706,-0.6686,-0.003824,-28.63,-48.76,-0.3816
Long-Distance Migrants: Short-Distance Migrants,52,35,1970,0,0,0,0,0,0,0
Long-Distance Migrants: Short-Distance Migrants,52,35,1971,0.001032,0.003312,-0.00598,0.00838,0.1033,-0.5963,0.8415
Long-Distance Migrants: Short-Distance Migrants,52,35,1972,0.002059,0.008154,-0.01462,0.01882,0.2061,-1.451,1.9
Long-Distance Migrants: Short-Distance Migrants,52,35,1973,0.00236,0.01565,-0.02823,0.03308,0.2363,-2.784,3.363
Long-Distance Migrants: Short-Distance Migrants,52,35,1974,0.001201,0.02307,-0.04382,0.04666,0.1202,-4.288,4.776
Long-Distance Migrants: Short-Distance Migrants,52,35,1975,-0.001127,0.03137,-0.06232,0.06018,-0.1127,-6.042,6.203
Long-Distance Migrants: Short-Distance Migrants,52,35,1976,-0.004476,0.03999,-0.08322,0.07306,-0.4466,-7.985,7.579
Long-Distance Migrants: Short-Distance Migrants,52,35,1977,-0.008274,0.04777,-0.1018,0.08612,-0.824,-9.677,8.994
Long-Distance Migrants: Short-Distance Migrants,52,35,1978,-0.01254,0.05428,-0.1179,0.09443,-1.246,-11.13,9.903
Long-Distance Migrants: Short-Distance Migrants,52,35,1979,-0.01681,0.05999,-0.1346,0.1004,-1.667,-12.6,10.56
Long-Distance Migrants: Short-Distance Migrants,52,35,1980,-0.02037,0.06492,-0.1469,0.1077,-2.017,-13.66,11.38
Long-Distance Migrants: Short-Distance Migrants,52,35,1981,-0.02362,0.07015,-0.1584,0.1141,-2.334,-14.65,12.09
Long-Distance Migrants: Short-Distance Migrants,52,35,1982,-0.02616,0.07457,-0.1708,0.1208,-2.582,-15.7,12.84
Long-Distance Migrants: Short-Distance Migrants,52,35,1983,-0.02848,0.07892,-0.1828,0.1265,-2.808,-16.71,13.48
Long-Distance Migrants: Short-Distance Migrants,52,35,1984,-0.02919,0.08313,-0.1902,0.1338,-2.877,-17.32,14.32
Long-Distance Migrants: Short-Distance Migrants,52,35,1985,-0.02912,0.08686,-0.1976,0.141,-2.87,-17.93,15.14
Long-Distance Migrants: Short-Distance Migrants,52,35,1986,-0.029,0.09064,-0.2051,0.1509,-2.859,-18.55,16.29
Long-Distance Migrants: Short-Distance Migrants,52,35,1987,-0.02773,0.09437,-0.2122,0.1592,-2.735,-19.12,17.26
Long-Distance Migrants: Short-Distance Migrants,52,35,1988,-0.02644,0.098,-0.2191,0.1688,-2.61,-19.67,18.39
Long-Distance Migrants: Short-Distance Migrants,52,35,1989,-0.02548,0.1016,-0.2245,0.1752,-2.516,-20.1,19.15
Long-Distance Migrants: Short-Distance Migrants,52,35,1990,-0.02477,0.1051,-0.229,0.1842,-2.446,-20.46,20.22
Long-Distance Migrants: Short-Distance Migrants,52,35,1991,-0.02529,0.1088,-0.2388,0.1917,-2.498,-21.25,21.13
Long-Distance Migrants: Short-Distance Migrants,52,35,1992,-0.02649,0.1123,-0.2465,0.1958,-2.614,-21.85,21.62
Long-Distance Migrants: Short-Distance Migrants,52,35,1993,-0.02974,0.1163,-0.256,0.2017,-2.93,-22.58,22.35
Long-Distance Migrants: Short-Distance Migrants,52,35,1994,-0.03367,0.1201,-0.2688,0.2046,-3.311,-23.57,22.7
Long-Distance Migrants: Short-Distance Migrants,52,35,1995,-0.03846,0.1245,-0.2809,0.2066,-3.773,-24.49,22.95
Long-Distance Migrants: Short-Distance Migrants,52,35,1996,-0.0441,0.1283,-0.294,0.2091,-4.314,-25.47,23.26
Long-Distance Migrants: Short-Distance Migrants,52,35,1997,-0.04971,0.1322,-0.3075,0.2085,-4.849,-26.47,23.19
Long-Distance Migrants: Short-Distance Migrants,52,35,1998,-0.05552,0.1355,-0.3179,0.2122,-5.401,-27.23,23.63
Long-Distance Migrants: Short-Distance Migrants,52,35,1999,-0.06101,0.1383,-0.3288,0.2113,-5.918,-28.02,23.53
Long-Distance Migrants: Short-Distance Migrants,52,35,2000,-0.06575,0.1409,-0.3397,0.2118,-6.363,-28.8,23.59
Long-Distance Migrants: Short-Distance Migrants,52,35,2001,-0.06966,0.1429,-0.3467,0.2139,-6.729,-29.3,23.84
Long-Distance Migrants: Short-Distance Migrants,52,35,2002,-0.07167,0.145,-0.3531,0.2142,-6.916,-29.75,23.88
Long-Distance Migrants: Short-Distance Migrants,52,35,2003,-0.07169,0.147,-0.3594,0.2153,-6.918,-30.19,24.02
Long-Distance Migrants: Short-Distance Migrants,52,35,2004,-0.06997,0.1487,-0.3614,0.2208,-6.758,-30.33,24.7
Long-Distance Migrants: Short-Distance Migrants,52,35,2005,-0.06728,0.1507,-0.3581,0.2309,-6.506,-30.1,25.97
Long-Distance Migrants: Short-Distance Migrants,52,35,2006,-0.06498,0.1525,-0.3608,0.2355,-6.292,-30.29,26.55
Long-Distance Migrants: Short-Distance Migrants,52,35,2007,-0.06341,0.1541,-0.3637,0.2401,-6.144,-30.49,27.14
Long-Distance Migrants: Short-Distance Migrants,52,35,2008,-0.06321,0.1555,-0.3646,0.2454,-6.126,-30.55,27.82
Long-Distance Migrants: Short-Distance Migrants,52,35,2009,-0.06417,0.1572,-0.3711,0.2467,-6.216,-31.01,27.97
Long-Distance Migrants: Short-Distance Migrants,52,35,2010,-0.06597,0.159,-0.3741,0.2491,-6.384,-31.21,28.29
Long-Distance Migrants: Short-Distance Migrants,52,35,2011,-0.06871,0.161,-0.3813,0.2515,-6.64,-31.7,28.6
Long-Distance Migrants: Short-Distance Migrants,52,35,2012,-0.07129,0.1628,-0.386,0.2533,-6.881,-32.02,28.83
Long-Distance Migrants: Short-Distance Migrants,52,35,2013,-0.07369,0.1647,-0.394,0.2532,-7.104,-32.56,28.82
Long-Distance Migrants: Short-Distance Migrants,52,35,2014,-0.07582,0.1666,-0.401,0.2536,-7.302,-33.04,28.86
Long-Distance Migrants: Short-Distance Migrants,52,35,2015,-0.07774,0.1684,-0.4027,0.2525,-7.48,-33.15,28.72
Long-Distance Migrants: Short-Distance Migrants,52,35,2016,-0.08054,0.1701,-0.412,0.2529,-7.738,-33.77,28.77
Long-Distance Migrants: Short-Distance Migrants,52,35,2017,-0.08443,0.1712,-0.4167,0.2516,-8.097,-34.08,28.61
Long-Distance Migrants: Short-Distance Migrants,52,35,2018,-0.08895,0.1726,-0.4255,0.2487,-8.511,-34.66,28.24
Long-Distance Migrants: Short-Distance Migrants,52,35,2019,-0.09374,0.1732,-0.4298,0.2449,-8.948,-34.93,27.75
Long-Distance Migrants: Short-Distance Migrants,52,35,2020,-0.09865,0.1739,-0.437,0.2424,-9.394,-35.4,27.43
Long-Distance Migrants: Short-Distance Migrants,52,35,2021,-0.103,0.1742,-0.439,0.2384,-9.788,-35.53,26.92
Long-Distance Migrants: Short-Distance Migrants,52,35,2022,-0.1115,0.1746,-0.4457,0.2292,-10.55,-35.96,25.76
Long-Distance Migrants: Residents,52,36,1970,0,0,0,0,0,0,0
Long-Distance Migrants: Residents,52,36,1971,0.004456,0.008612,-0.014,0.02221,0.4466,-1.391,2.246
Long-Distance Migrants: Residents,52,36,1972,0.009396,0.01424,-0.01907,0.03772,0.944,-1.889,3.844
Long-Distance Migrants: Residents,52,36,1973,0.0145,0.02242,-0.03058,0.05892,1.461,-3.011,6.069
Long-Distance Migrants: Residents,52,36,1974,0.01928,0.03623,-0.05229,0.09045,1.947,-5.095,9.467
Long-Distance Migrants: Residents,52,36,1975,0.02327,0.0551,-0.085319999999999993,0.1306,2.354,-8.178,13.95
Long-Distance Migrants: Residents,52,36,1976,0.02551,0.0741,-0.1204,0.1715,2.584,-11.34,18.7
Long-Distance Migrants: Residents,52,36,1977,0.02902,0.09116,-0.1517,0.2072,2.944,-14.08,23.02
Long-Distance Migrants: Residents,52,36,1978,0.03262,0.1061,-0.1782,0.2402,3.316,-16.32,27.15
Long-Distance Migrants: Residents,52,36,1979,0.03562,0.1184,-0.1984,0.2725,3.627,-18,31.33
Long-Distance Migrants: Residents,52,36,1980,0.03853,0.1286,-0.2168,0.2971,3.928,-19.49,34.6
Long-Distance Migrants: Residents,52,36,1981,0.04176,0.1365,-0.2264,0.3115,4.265,-20.26,36.54
Long-Distance Migrants: Residents,52,36,1982,0.04529,0.1425,-0.2311,0.3273,4.633,-20.63,38.72
Long-Distance Migrants: Residents,52,36,1983,0.04848,0.1472,-0.24,0.3366,4.968,-21.34,40.02
Long-Distance Migrants: Residents,52,36,1984,0.05241,0.151,-0.2452,0.3493,5.38,-21.75,41.81
Long-Distance Migrants: Residents,52,36,1985,0.05643,0.1537,-0.2444,0.3574,5.805,-21.69,42.97
Long-Distance Migrants: Residents,52,36,1986,0.06151,0.156,-0.2435,0.3685,6.344,-21.61,44.55
Long-Distance Migrants: Residents,52,36,1987,0.06624,0.158,-0.2429,0.3775,6.848,-21.56,45.87
Long-Distance Migrants: Residents,52,36,1988,0.07187,0.1602,-0.2404,0.3856,7.452,-21.37,47.05
Long-Distance Migrants: Residents,52,36,1989,0.0768,0.1625,-0.2379,0.3965,7.983,-21.17,48.66
Long-Distance Migrants: Residents,52,36,1990,0.08065,0.1646,-0.2403,0.4054,8.399,-21.36,49.99
Long-Distance Migrants: Residents,52,36,1991,0.08404,0.1667,-0.2431,0.412,8.767,-21.58,50.98
Long-Distance Migrants: Residents,52,36,1992,0.08629,0.1688,-0.2426,0.4167,9.012,-21.54,51.7
Long-Distance Migrants: Residents,52,36,1993,0.08813,0.1706,-0.2434,0.4218,9.213,-21.61,52.47
Long-Distance Migrants: Residents,52,36,1994,0.08951,0.172,-0.2451,0.4259,9.363,-21.74,53.09
Long-Distance Migrants: Residents,52,36,1995,0.09119,0.1732,-0.2467,0.4287,9.548,-21.86,53.53
Long-Distance Migrants: Residents,52,36,1996,0.09302,0.1745,-0.2476,0.4358,9.749,-21.93,54.62
Long-Distance Migrants: Residents,52,36,1997,0.09538,0.1754,-0.2446,0.4381,10.01,-21.69,54.98
Long-Distance Migrants: Residents,52,36,1998,0.09823,0.1766,-0.2463,0.4437,10.32,-21.83,55.84
Long-Distance Migrants: Residents,52,36,1999,0.1013,0.1779,-0.2454,0.4492,10.66,-21.76,56.7
Long-Distance Migrants: Residents,52,36,2000,0.104,0.1792,-0.2427,0.4554,10.96,-21.55,57.69
Long-Distance Migrants: Residents,52,36,2001,0.1058,0.1802,-0.2436,0.4585,11.16,-21.62,58.17
Long-Distance Migrants: Residents,52,36,2002,0.1063,0.1816,-0.2447,0.4623,11.22,-21.71,58.77
Long-Distance Migrants: Residents,52,36,2003,0.1057,0.183,-0.2489,0.4628,11.15,-22.03,58.86
Long-Distance Migrants: Residents,52,36,2004,0.1036,0.1843,-0.2536,0.4633,10.92,-22.4,58.93
Long-Distance Migrants: Residents,52,36,2005,0.1003,0.1859,-0.2583,0.4675,10.55,-22.76,59.59
Long-Distance Migrants: Residents,52,36,2006,0.09622,0.1877,-0.2703,0.4644,10.1,-23.69,59.11
Long-Distance Migrants: Residents,52,36,2007,0.09148,0.1889,-0.278,0.4651,9.58,-24.27,59.21
Long-Distance Migrants: Residents,52,36,2008,0.0868,0.1904,-0.2807,0.4607,9.068,-24.48,58.51
Long-Distance Migrants: Residents,52,36,2009,0.08281,0.1913,-0.2886,0.4579,8.634,-25.07,58.08
Long-Distance Migrants: Residents,52,36,2010,0.07939,0.1921,-0.2939,0.456,8.262,-25.46,57.77
Long-Distance Migrants: Residents,52,36,2011,0.0767,0.1929,-0.2968,0.4581,7.972,-25.68,58.11
Long-Distance Migrants: Residents,52,36,2012,0.07501,0.1937,-0.3036,0.4555,7.79,-26.18,57.69
Long-Distance Migrants: Residents,52,36,2013,0.07407,0.1946,-0.3072,0.4565,7.688,-26.45,57.86
Long-Distance Migrants: Residents,52,36,2014,0.07379,0.1954,-0.3085,0.4596,7.658,-26.55,58.34
Long-Distance Migrants: Residents,52,36,2015,0.07416,0.196,-0.3049,0.4613,7.698,-26.28,58.61
Long-Distance Migrants: Residents,52,36,2016,0.07533,0.1969,-0.308,0.4631,7.824,-26.51,58.89
Long-Distance Migrants: Residents,52,36,2017,0.07699,0.1977,-0.3067,0.4668,8.003,-26.41,59.48
Long-Distance Migrants: Residents,52,36,2018,0.07834,0.1988,-0.3084,0.4688,8.149,-26.54,59.81
Long-Distance Migrants: Residents,52,36,2019,0.07937,0.1998,-0.3069,0.474,8.26,-26.43,60.64
Long-Distance Migrants: Residents,52,36,2020,0.0798,0.2005,-0.3074,0.4757,8.307,-26.47,60.91
Long-Distance Migrants: Residents,52,36,2021,0.07897,0.2013,-0.3108,0.4756,8.218,-26.71,60.9
Long-Distance Migrants: Residents,52,36,2022,0.07637,0.2019,-0.3134,0.4752,7.936,-26.91,60.83
Shorebirds: All,35,0,1980,0,0,0,0,0,0,0
Shorebirds: All,35,0,1981,-0.00261,0.01727,-0.0367,0.03261,-0.2606,-3.604,3.315
Shorebirds: All,35,0,1982,-0.006369,0.02478,-0.05566,0.04286,-0.6349,-5.414,4.379
Shorebirds: All,35,0,1983,-0.01174,0.02974,-0.07,0.0474,-1.168,-6.761,4.854
Shorebirds: All,35,0,1984,-0.01958,0.03369,-0.08406,0.04746,-1.939,-8.062,4.86
Shorebirds: All,35,0,1985,-0.02918,0.03706,-0.1023,0.04445,-2.876,-9.724,4.545
Shorebirds: All,35,0,1986,-0.04075,0.04073,-0.121,0.03887,-3.993,-11.4,3.963
Shorebirds: All,35,0,1987,-0.05419,0.04502,-0.1425,0.033890000000000003,-5.274,-13.28,3.448
Shorebirds: All,35,0,1988,-0.06916,0.05028,-0.1692,0.02891,-6.682,-15.57,2.934
Shorebirds: All,35,0,1989,-0.08515,0.05579,-0.1943,0.02506,-8.163,-17.66,2.538
Shorebirds: All,35,0,1990,-0.1015,0.06105,-0.2215,0.01828,-9.648,-19.87,1.845
Shorebirds: All,35,0,1991,-0.118,0.06606,-0.2487,0.01274,-11.13,-22.02,1.282
Shorebirds: All,35,0,1992,-0.1335,0.07034,-0.2728,0.004633,-12.5,-23.87,0.4644
Shorebirds: All,35,0,1993,-0.1478,0.07422,-0.2931,-4.668e-4,-13.74,-25.41,-0.04667
Shorebirds: All,35,0,1994,-0.161,0.07729,-0.3109,-0.007826,-14.87,-26.72,-0.7795
Shorebirds: All,35,0,1995,-0.1729,0.08034,-0.3286,-0.01358,-15.88,-28.01,-1.349
Shorebirds: All,35,0,1996,-0.1843,0.08345,-0.3477,-0.01845,-16.83,-29.37,-1.828
Shorebirds: All,35,0,1997,-0.1953,0.08639,-0.3649,-0.02485,-17.74,-30.58,-2.454
Shorebirds: All,35,0,1998,-0.2064,0.08923,-0.3812,-0.03028,-18.65,-31.7,-2.982
Shorebirds: All,35,0,1999,-0.2181,0.09242,-0.3981,-0.03703,-19.6,-32.84,-3.635
Shorebirds: All,35,0,2000,-0.2307,0.09567,-0.4164,-0.04347,-20.6,-34.06,-4.253
Shorebirds: All,35,0,2001,-0.2435,0.09899,-0.4361,-0.04789,-21.61,-35.34,-4.676
Shorebirds: All,35,0,2002,-0.2567,0.1022,-0.4558,-0.05566,-22.64,-36.61,-5.414
Shorebirds: All,35,0,2003,-0.2701,0.1053,-0.4734,-0.0633,-23.67,-37.71,-6.134
Shorebirds: All,35,0,2004,-0.2844,0.1086,-0.4946,-0.07311,-24.75,-39.02,-7.05
Shorebirds: All,35,0,2005,-0.2996,0.1126,-0.5174,-0.08359,-25.89,-40.4,-8.019
Shorebirds: All,35,0,2006,-0.3157,0.1166,-0.5416,-0.08924,-27.07,-41.82,-8.537
Shorebirds: All,35,0,2007,-0.3338,0.1208,-0.5675,-0.09949,-28.38,-43.31,-9.47
Shorebirds: All,35,0,2008,-0.3531,0.1254,-0.5954,-0.1063,-29.75,-44.87,-10.08
Shorebirds: All,35,0,2009,-0.3733,0.1297,-0.6254,-0.1211,-31.15,-46.49,-11.41
Shorebirds: All,35,0,2010,-0.3936,0.1339,-0.6525,-0.1297,-32.54,-47.93,-12.17
Shorebirds: All,35,0,2011,-0.4143,0.1379,-0.6844,-0.1414,-33.92,-49.56,-13.19
Shorebirds: All,35,0,2012,-0.4342,0.1413,-0.7103,-0.156,-35.22,-50.85,-14.44
Shorebirds: All,35,0,2013,-0.453,0.1446,-0.7388,-0.168,-36.43,-52.23,-15.46
Shorebirds: All,35,0,2014,-0.4699,0.1474,-0.7581,-0.1811,-37.5,-53.14,-16.56
Shorebirds: All,35,0,2015,-0.4839,0.1493,-0.7779,-0.1882,-38.36,-54.06,-17.16
Shorebirds: All,35,0,2016,-0.4952,0.1509,-0.7913,-0.196,-39.05,-54.67,-17.8
Shorebirds: All,35,0,2017,-0.5043,0.152,-0.8059,-0.2032,-39.61,-55.33,-18.39
Shorebirds: All,35,0,2018,-0.5113,0.1528,-0.8145,-0.2069,-40.03,-55.71,-18.69
Shorebirds: All,35,0,2019,-0.5176,0.1533,-0.8211,-0.2136,-40.41,-56.01,-19.23
Aerial Insectivores: All,41,0,1970,0,0,0,0,0,0,0
Aerial Insectivores: All,41,0,1971,-0.002636,0.01183,-0.02798,0.02152,-0.2632,-2.759,2.176
Aerial Insectivores: All,41,0,1972,-0.005498,0.01919,-0.04473,0.0326,-0.5482,-4.374,3.314
Aerial Insectivores: All,41,0,1973,-0.008841,0.02664,-0.06162,0.04412,-0.8802,-5.976,4.51
Aerial Insectivores: All,41,0,1974,-0.01202,0.03345,-0.07926,0.05444,-1.195,-7.62,5.595
Aerial Insectivores: All,41,0,1975,-0.01463,0.04096,-0.096560000000000007,0.06575,-1.453,-9.204,6.796
Aerial Insectivores: All,41,0,1976,-0.01638,0.0482,-0.1122,0.07802,-1.625,-10.61,8.114
Aerial Insectivores: All,41,0,1977,-0.01757,0.05417,-0.1252,0.08959,-1.742,-11.77,9.372
Aerial Insectivores: All,41,0,1978,-0.01863,0.05943,-0.1367,0.09885,-1.845,-12.78,10.39
Aerial Insectivores: All,41,0,1979,-0.01983,0.06346,-0.1458,0.1058,-1.964,-13.57,11.16
Aerial Insectivores: All,41,0,1980,-0.02164,0.06737,-0.1562,0.11,-2.141,-14.46,11.63
Aerial Insectivores: All,41,0,1981,-0.02415,0.07162,-0.1665,0.1163,-2.387,-15.34,12.33
Aerial Insectivores: All,41,0,1982,-0.02738,0.07631,-0.1776,0.1225,-2.701,-16.27,13.04
Aerial Insectivores: All,41,0,1983,-0.03095,0.08141,-0.1917,0.127,-3.047,-17.45,13.54
Aerial Insectivores: All,41,0,1984,-0.03512,0.08615,-0.2032,0.1356,-3.451,-18.39,14.52
Aerial Insectivores: All,41,0,1985,-0.04063,0.09158,-0.2198,0.1394,-3.981,-19.73,14.96
Aerial Insectivores: All,41,0,1986,-0.04721,0.09728,-0.2382,0.144,-4.611,-21.2,15.49
Aerial Insectivores: All,41,0,1987,-0.05592,0.1031,-0.258,0.1463,-5.438,-22.74,15.76
Aerial Insectivores: All,41,0,1988,-0.06651,0.1088,-0.2784,0.1471,-6.435,-24.3,15.85
Aerial Insectivores: All,41,0,1989,-0.07954,0.1148,-0.3048,0.1446,-7.646,-26.28,15.56
Aerial Insectivores: All,41,0,1990,-0.09435,0.1204,-0.3324,0.141,-9.003,-28.28,15.14
Aerial Insectivores: All,41,0,1991,-0.1111,0.1254,-0.3566,0.1362,-10.52,-29.99,14.59
Aerial Insectivores: All,41,0,1992,-0.1316,0.1304,-0.3845,0.1251,-12.33,-31.92,13.33
Aerial Insectivores: All,41,0,1993,-0.1558,0.135,-0.4164,0.1066,-14.43,-34.06,11.24
Aerial Insectivores: All,41,0,1994,-0.1827,0.1387,-0.4503,0.09131,-16.69,-36.26,9.56
Aerial Insectivores: All,41,0,1995,-0.2111,0.1416,-0.4848,0.06662,-19.03,-38.42,6.889
Aerial Insectivores: All,41,0,1996,-0.2405,0.144,-0.5211,0.04073,-21.38,-40.61,4.157
Aerial Insectivores: All,41,0,1997,-0.2706,0.1467,-0.5562,0.01686,-23.7,-42.66,1.7
Aerial Insectivores: All,41,0,1998,-0.3007,0.1492,-0.5929,-0.008768,-25.97,-44.73,-0.873
Aerial Insectivores: All,41,0,1999,-0.3301,0.1517,-0.6256,-0.03168,-28.11,-46.5,-3.118
Aerial Insectivores: All,41,0,2000,-0.359,0.1542,-0.6586,-0.05718,-30.17,-48.24,-5.557
Aerial Insectivores: All,41,0,2001,-0.386,0.1565,-0.6892,-0.07663,-32.02,-49.8,-7.377
Aerial Insectivores: All,41,0,2002,-0.4108,0.1583,-0.7169,-0.09929,-33.69,-51.17,-9.452
Aerial Insectivores: All,41,0,2003,-0.4326,0.1596,-0.7429,-0.1199,-35.12,-52.42,-11.3
Aerial Insectivores: All,41,0,2004,-0.4513,0.1602,-0.7621,-0.1393,-36.32,-53.33,-13
Aerial Insectivores: All,41,0,2005,-0.4672,0.1607,-0.7785,-0.1535,-37.33,-54.09,-14.23
Aerial Insectivores: All,41,0,2006,-0.4811,0.1611,-0.7934,-0.1679,-38.19,-54.77,-15.45
Aerial Insectivores: All,41,0,2007,-0.4936,0.1614,-0.804,-0.18,-38.96,-55.25,-16.47
Aerial Insectivores: All,41,0,2008,-0.505,0.1616,-0.8181,-0.1901,-39.65,-55.87,-17.31
Aerial Insectivores: All,41,0,2009,-0.5154,0.1618,-0.829,-0.2001,-40.28,-56.35,-18.13
Aerial Insectivores: All,41,0,2010,-0.5249,0.1621,-0.8381,-0.2094,-40.84,-56.75,-18.89
Aerial Insectivores: All,41,0,2011,-0.5335,0.1628,-0.8478,-0.2162,-41.34,-57.17,-19.44
Aerial Insectivores: All,41,0,2012,-0.5407,0.1636,-0.8569,-0.2213,-41.77,-57.55,-19.86
Aerial Insectivores: All,41,0,2013,-0.5462,0.1647,-0.8632,-0.2259,-42.08,-57.82,-20.22
Aerial Insectivores: All,41,0,2014,-0.5494,0.1656,-0.8686,-0.2256,-42.27,-58.05,-20.19
Aerial Insectivores: All,41,0,2015,-0.5507,0.1669,-0.8728,-0.2237,-42.35,-58.22,-20.04
Aerial Insectivores: All,41,0,2016,-0.5508,0.168,-0.8744,-0.2233,-42.35,-58.29,-20.01
Aerial Insectivores: All,41,0,2017,-0.5498,0.1688,-0.8736,-0.2216,-42.29,-58.26,-19.88
Aerial Insectivores: All,41,0,2018,-0.5486,0.1698,-0.8767,-0.2199,-42.22,-58.38,-19.74
Aerial Insectivores: All,41,0,2019,-0.5472,0.1705,-0.876,-0.2157,-42.15,-58.35,-19.41
Aerial Insectivores: All,41,0,2020,-0.5461,0.1712,-0.8777,-0.2117,-42.08,-58.43,-19.08
Aerial Insectivores: All,41,0,2021,-0.5451,0.1718,-0.8776,-0.2127,-42.02,-58.42,-19.16
Aerial Insectivores: All,41,0,2022,-0.5445,0.172,-0.8766,-0.2108,-41.98,-58.38,-19.01
"Aerial Insectivores: Swifts, swallows, and nightjars",41,28,1970,0,0,0,0,0,0,0
"Aerial Insectivores: Swifts, swallows, and nightjars",41,28,1971,-0.008643,0.02011,-0.05145,0.033,-0.8606,-5.014,3.355
"Aerial Insectivores: Swifts, swallows, and nightjars",41,28,1972,-0.01826,0.03074,-0.08226,0.04274,-1.81,-7.896,4.367
"Aerial Insectivores: Swifts, swallows, and nightjars",41,28,1973,-0.02915,0.03953,-0.1101,0.0493,-2.873,-10.42,5.054
"Aerial Insectivores: Swifts, swallows, and nightjars",41,28,1974,-0.0403,0.04732,-0.1353,0.05341,-3.95,-12.65,5.486
"Aerial Insectivores: Swifts, swallows, and nightjars",41,28,1975,-0.05183,0.05474,-0.1603,0.05549,-5.051,-14.81,5.706
"Aerial Insectivores: Swifts, swallows, and nightjars",41,28,1976,-0.06343,0.06127,-0.1832,0.05734,-6.146,-16.74,5.902
"Aerial Insectivores: Swifts, swallows, and nightjars",41,28,1977,-0.07448,0.06641,-0.2046,0.05702,-7.178,-18.5,5.867
"Aerial Insectivores: Swifts, swallows, and nightjars",41,28,1978,-0.08597,0.07118,-0.2276,0.0546,-8.238,-20.35,5.612
"Aerial Insectivores: Swifts, swallows, and nightjars",41,28,1979,-0.0984,0.07491,-0.2456,0.04802,-9.371,-21.78,4.919
"Aerial Insectivores: Swifts, swallows, and nightjars",41,28,1980,-0.1113,0.07881,-0.2659,0.04173,-10.53,-23.35,4.261
"Aerial Insectivores: Swifts, swallows, and nightjars",41,28,1981,-0.125,0.08334,-0.2887,0.03677,-11.75,-25.08,3.746
"Aerial Insectivores: Swifts, swallows, and nightjars",41,28,1982,-0.1391,0.08859,-0.3123,0.03539,-12.98,-26.82,3.602
"Aerial Insectivores: Swifts, swallows, and nightjars",41,28,1983,-0.154,0.09401,-0.3383,0.03125,-14.27,-28.71,3.174
"Aerial Insectivores: Swifts, swallows, and nightjars",41,28,1984,-0.1696,0.1001,-0.3646,0.02882,-15.6,-30.55,2.924
"Aerial Insectivores: Swifts, swallows, and nightjars",41,28,1985,-0.1859,0.1056,-0.3902,0.02341,-16.96,-32.31,2.368
"Aerial Insectivores: Swifts, swallows, and nightjars",41,28,1986,-0.2045,0.1116,-0.4217,0.0164,-18.5,-34.4,1.654
"Aerial Insectivores: Swifts, swallows, and nightjars",41,28,1987,-0.226,0.1181,-0.4584,0.006886,-20.23,-36.77,0.6909
"Aerial Insectivores: Swifts, swallows, and nightjars",41,28,1988,-0.2505,0.1253,-0.4934,-0.001389,-22.16,-38.95,-0.1388
"Aerial Insectivores: Swifts, swallows, and nightjars",41,28,1989,-0.2785,0.132,-0.5353,-0.01605,-24.31,-41.45,-1.592
"Aerial Insectivores: Swifts, swallows, and nightjars",41,28,1990,-0.3089,0.1382,-0.5807,-0.03373,-26.57,-44.05,-3.317
"Aerial Insectivores: Swifts, swallows, and nightjars",41,28,1991,-0.3423,0.1441,-0.6243,-0.05711,-28.99,-46.44,-5.551
"Aerial Insectivores: Swifts, swallows, and nightjars",41,28,1992,-0.3772,0.1493,-0.6679,-0.08262,-31.42,-48.72,-7.93
"Aerial Insectivores: Swifts, swallows, and nightjars",41,28,1993,-0.4132,0.1543,-0.7147,-0.1098,-33.85,-51.06,-10.4
"Aerial Insectivores: Swifts, swallows, and nightjars",41,28,1994,-0.4505,0.159,-0.7594,-0.1375,-36.27,-53.2,-12.85
"Aerial Insectivores: Swifts, swallows, and nightjars",41,28,1995,-0.4883,0.1633,-0.8065,-0.167,-38.64,-55.36,-15.38
"Aerial Insectivores: Swifts, swallows, and nightjars",41,28,1996,-0.5269,0.1661,-0.8524,-0.1987,-40.96,-57.36,-18.02
"Aerial Insectivores: Swifts, swallows, and nightjars",41,28,1997,-0.5655,0.1696,-0.8968,-0.2297,-43.19,-59.21,-20.52
"Aerial Insectivores: Swifts, swallows, and nightjars",41,28,1998,-0.6051,0.1724,-0.9395,-0.2656,-45.4,-60.92,-23.33
"Aerial Insectivores: Swifts, swallows, and nightjars",41,28,1999,-0.6452,0.1758,-0.9887,-0.2973,-47.54,-62.79,-25.72
"Aerial Insectivores: Swifts, swallows, and nightjars",41,28,2000,-0.6852,0.1789,-1.034,-0.3303,-49.6,-64.45,-28.13
"Aerial Insectivores: Swifts, swallows, and nightjars",41,28,2001,-0.7241,0.1813,-1.078,-0.3654,-51.52,-65.98,-30.61
"Aerial Insectivores: Swifts, swallows, and nightjars",41,28,2002,-0.7608,0.1834,-1.118,-0.396,-53.27,-67.3,-32.7
"Aerial Insectivores: Swifts, swallows, and nightjars",41,28,2003,-0.7933,0.1845,-1.154,-0.4301,-54.76,-68.47,-34.96
"Aerial Insectivores: Swifts, swallows, and nightjars",41,28,2004,-0.8212,0.1852,-1.183,-0.4586,-56.01,-69.36,-36.78
"Aerial Insectivores: Swifts, swallows, and nightjars",41,28,2005,-0.8451,0.1861,-1.211,-0.4808,-57.05,-70.2,-38.17
"Aerial Insectivores: Swifts, swallows, and nightjars",41,28,2006,-0.8664,0.187,-1.232,-0.4981,-57.95,-70.83,-39.23
"Aerial Insectivores: Swifts, swallows, and nightjars",41,28,2007,-0.8852,0.188,-1.252,-0.5154,-58.74,-71.4,-40.27
"Aerial Insectivores: Swifts, swallows, and nightjars",41,28,2008,-0.9016,0.1888,-1.271,-0.5321,-59.41,-71.96,-41.26
"Aerial Insectivores: Swifts, swallows, and nightjars",41,28,2009,-0.9155,0.1894,-1.285,-0.5416,-59.97,-72.34,-41.82
"Aerial Insectivores: Swifts, swallows, and nightjars",41,28,2010,-0.9272,0.1903,-1.297,-0.5522,-60.43,-72.65,-42.43
"Aerial Insectivores: Swifts, swallows, and nightjars",41,28,2011,-0.9368,0.1913,-1.31,-0.5596,-60.81,-73.02,-42.86
"Aerial Insectivores: Swifts, swallows, and nightjars",41,28,2012,-0.9439,0.1922,-1.316,-0.5602,-61.09,-73.19,-42.89
"Aerial Insectivores: Swifts, swallows, and nightjars",41,28,2013,-0.9483,0.1929,-1.322,-0.5638,-61.26,-73.35,-43.1
"Aerial Insectivores: Swifts, swallows, and nightjars",41,28,2014,-0.9503,0.1941,-1.327,-0.5631,-61.34,-73.48,-43.05
"Aerial Insectivores: Swifts, swallows, and nightjars",41,28,2015,-0.9489,0.1957,-1.331,-0.5627,-61.28,-73.59,-43.03
"Aerial Insectivores: Swifts, swallows, and nightjars",41,28,2016,-0.9453,0.1973,-1.329,-0.5559,-61.14,-73.54,-42.64
"Aerial Insectivores: Swifts, swallows, and nightjars",41,28,2017,-0.9407,0.1991,-1.331,-0.5437,-60.96,-73.58,-41.94
"Aerial Insectivores: Swifts, swallows, and nightjars",41,28,2018,-0.936,0.2015,-1.329,-0.5367,-60.78,-73.53,-41.54
"Aerial Insectivores: Swifts, swallows, and nightjars",41,28,2019,-0.9305,0.2032,-1.329,-0.5293,-60.56,-73.51,-41.1
"Aerial Insectivores: Swifts, swallows, and nightjars",41,28,2020,-0.9247,0.205,-1.326,-0.5174,-60.33,-73.44,-40.39
"Aerial Insectivores: Swifts, swallows, and nightjars",41,28,2021,-0.9183,0.2067,-1.324,-0.5094,-60.08,-73.39,-39.92
"Aerial Insectivores: Swifts, swallows, and nightjars",41,28,2022,-0.9121,0.2081,-1.32,-0.4997,-59.83,-73.28,-39.33
Aerial Insectivores: Flycatchers,41,29,1970,0,0,0,0,0,0,0
Aerial Insectivores: Flycatchers,41,29,1971,0.001797,0.01174,-0.02294,0.02623,0.1798,-2.268,2.658
Aerial Insectivores: Flycatchers,41,29,1972,0.003738,0.01748,-0.03182,0.04072,0.3745,-3.132,4.156
Aerial Insectivores: Flycatchers,41,29,1973,0.006247,0.02334,-0.04045,0.05351,0.6267,-3.964,5.497
Aerial Insectivores: Flycatchers,41,29,1974,0.009613,0.02968,-0.05092,0.07019,0.9659,-4.965,7.271
Aerial Insectivores: Flycatchers,41,29,1975,0.01453,0.03688,-0.05911,0.08856,1.464,-5.74,9.26
Aerial Insectivores: Flycatchers,41,29,1976,0.02124,0.04474,-0.06577,0.1117,2.147,-6.365,11.82
Aerial Insectivores: Flycatchers,41,29,1977,0.0291,0.05174,-0.07295,0.1327,2.953,-7.035,14.2
Aerial Insectivores: Flycatchers,41,29,1978,0.03793,0.05749,-0.0743,0.151,3.866,-7.161,16.3
Aerial Insectivores: Flycatchers,41,29,1979,0.045469999999999997,0.06143,-0.07676,0.1676,4.652,-7.389,18.24
Aerial Insectivores: Flycatchers,41,29,1980,0.05261,0.06481,-0.07569,0.1805,5.402,-7.289,19.79
Aerial Insectivores: Flycatchers,41,29,1981,0.05938,0.06815,-0.07582,0.1937,6.118,-7.302,21.37
Aerial Insectivores: Flycatchers,41,29,1982,0.06536,0.07165,-0.07623,0.2057,6.754,-7.34,22.83
Aerial Insectivores: Flycatchers,41,29,1983,0.07031,0.07564,-0.07899,0.2181,7.284,-7.595,24.38
Aerial Insectivores: Flycatchers,41,29,1984,0.07478,0.08032,-0.08555,0.2314,7.765,-8.199,26.03
Aerial Insectivores: Flycatchers,41,29,1985,0.07817,0.08496,-0.08928,0.2446,8.131,-8.541,27.71
Aerial Insectivores: Flycatchers,41,29,1986,0.08043,0.08998,-0.0971,0.2542,8.375,-9.254,28.95
Aerial Insectivores: Flycatchers,41,29,1987,0.08205,0.09603,-0.1064,0.2688,8.551,-10.1,30.84
Aerial Insectivores: Flycatchers,41,29,1988,0.0833,0.1015,-0.1148,0.284,8.686,-10.85,32.84
Aerial Insectivores: Flycatchers,41,29,1989,0.08273,0.107,-0.1289,0.2906,8.624,-12.1,33.72
Aerial Insectivores: Flycatchers,41,29,1990,0.08057,0.1121,-0.1413,0.2985,8.391,-13.18,34.78
Aerial Insectivores: Flycatchers,41,29,1991,0.07561,0.1167,-0.1549,0.3029,7.854,-14.35,35.38
Aerial Insectivores: Flycatchers,41,29,1992,0.0665,0.1213,-0.174,0.3027,6.876,-15.97,35.36
Aerial Insectivores: Flycatchers,41,29,1993,0.05281,0.1257,-0.1943,0.299,5.422,-17.65,34.85
Aerial Insectivores: Flycatchers,41,29,1994,0.03436,0.1297,-0.2197,0.2885,3.495,-19.73,33.44
Aerial Insectivores: Flycatchers,41,29,1995,0.01352,0.1334,-0.2503,0.2745,1.362,-22.14,31.59
Aerial Insectivores: Flycatchers,41,29,1996,-0.008558,0.1359,-0.274,0.2583,-0.8522,-23.97,29.47
Aerial Insectivores: Flycatchers,41,29,1997,-0.0316,0.1379,-0.3033,0.2397,-3.11,-26.17,27.09
Aerial Insectivores: Flycatchers,41,29,1998,-0.05321,0.1398,-0.3273,0.2207,-5.182,-27.91,24.7
Aerial Insectivores: Flycatchers,41,29,1999,-0.07421,0.1416,-0.3526,0.2024,-7.153,-29.71,22.43
Aerial Insectivores: Flycatchers,41,29,2000,-0.0935,0.1435,-0.3732,0.1859,-8.926,-31.15,20.43
Aerial Insectivores: Flycatchers,41,29,2001,-0.1106,0.1456,-0.3932,0.1765,-10.47,-32.51,19.3
Aerial Insectivores: Flycatchers,41,29,2002,-0.1258,0.147,-0.4126,0.1646,-11.82,-33.81,17.89
Aerial Insectivores: Flycatchers,41,29,2003,-0.1388,0.1481,-0.4263,0.1554,-12.96,-34.71,16.82
Aerial Insectivores: Flycatchers,41,29,2004,-0.1504,0.1489,-0.4393,0.1438,-13.96,-35.55,15.47
Aerial Insectivores: Flycatchers,41,29,2005,-0.161,0.1493,-0.452,0.1331,-14.87,-36.36,14.24
Aerial Insectivores: Flycatchers,41,29,2006,-0.1711,0.1496,-0.4623,0.121,-15.73,-37.02,12.86
Aerial Insectivores: Flycatchers,41,29,2007,-0.1812,0.1498,-0.4727,0.1119,-16.57,-37.67,11.84
Aerial Insectivores: Flycatchers,41,29,2008,-0.1907,0.15,-0.481,0.1027,-17.36,-38.18,10.81
Aerial Insectivores: Flycatchers,41,29,2009,-0.1997,0.1502,-0.4922,0.09479,-18.11,-38.87,9.943
Aerial Insectivores: Flycatchers,41,29,2010,-0.2083,0.1506,-0.5016,0.08778,-18.81,-39.45,9.175
Aerial Insectivores: Flycatchers,41,29,2011,-0.2164,0.1513,-0.5115,0.0819,-19.46,-40.04,8.534
Aerial Insectivores: Flycatchers,41,29,2012,-0.2238,0.1524,-0.5211,0.07598,-20.05,-40.61,7.894
Aerial Insectivores: Flycatchers,41,29,2013,-0.2305,0.1534,-0.5307,0.07238,-20.59,-41.18,7.506
Aerial Insectivores: Flycatchers,41,29,2014,-0.2352,0.1547,-0.5383,0.07041,-20.96,-41.63,7.295
Aerial Insectivores: Flycatchers,41,29,2015,-0.2388,0.1557,-0.5451,0.06789,-21.24,-42.02,7.024
Aerial Insectivores: Flycatchers,41,29,2016,-0.2412,0.1567,-0.5487,0.06637,-21.43,-42.23,6.863
Aerial Insectivores: Flycatchers,41,29,2017,-0.2424,0.1574,-0.5506,0.06713,-21.52,-42.34,6.943
Aerial Insectivores: Flycatchers,41,29,2018,-0.2432,0.1579,-0.5514,0.0677,-21.59,-42.38,7.005
Aerial Insectivores: Flycatchers,41,29,2019,-0.2445,0.1583,-0.5546,0.06833,-21.69,-42.57,7.072
Aerial Insectivores: Flycatchers,41,29,2020,-0.2459,0.1587,-0.5581,0.06851,-21.8,-42.77,7.091
Aerial Insectivores: Flycatchers,41,29,2021,-0.2475,0.1591,-0.5602,0.0656,-21.93,-42.89,6.779
Aerial Insectivores: Flycatchers,41,29,2022,-0.2495,0.1594,-0.5624,0.06404,-22.08,-43.02,6.614
Grassland Birds: All,40,0,1970,0,0,0,0,0,0,0
Grassland Birds: All,40,0,1971,0.002586,0.01751,-0.03381,0.03833,0.2589,-3.325,3.907
Grassland Birds: All,40,0,1972,0.003303,0.02782,-0.05198,0.059,0.3309,-5.065,6.078
Grassland Birds: All,40,0,1973,-4.773e-4,0.03995,-0.07941,0.07815,-0.04772,-7.634,8.128
Grassland Birds: All,40,0,1974,-0.009516,0.0564,-0.121,0.1004,-0.9471,-11.4,10.56
Grassland Birds: All,40,0,1975,-0.02462,0.07572,-0.1707,0.1248,-2.432,-15.69,13.29
Grassland Birds: All,40,0,1976,-0.04432,0.09486,-0.2333,0.1387,-4.335,-20.81,14.88
Grassland Birds: All,40,0,1977,-0.06508,0.1126,-0.2863,0.1548,-6.301,-24.9,16.74
Grassland Birds: All,40,0,1978,-0.08748,0.1278,-0.341,0.1637,-8.376,-28.89,17.78
Grassland Birds: All,40,0,1979,-0.1092,0.141,-0.3896,0.1627,-10.35,-32.27,17.67
Grassland Birds: All,40,0,1980,-0.1312,0.1512,-0.4307,0.1622,-12.29,-34.99,17.61
Grassland Birds: All,40,0,1981,-0.1536,0.1593,-0.4665,0.1561,-14.24,-37.28,16.89
Grassland Birds: All,40,0,1982,-0.1761,0.1654,-0.4982,0.1459,-16.15,-39.24,15.71
Grassland Birds: All,40,0,1983,-0.1976,0.1704,-0.5282,0.1345,-17.93,-41.04,14.39
Grassland Birds: All,40,0,1984,-0.2184,0.1752,-0.5626,0.1223,-19.62,-43.03,13.01
Grassland Birds: All,40,0,1985,-0.2381,0.1798,-0.5892,0.1109,-21.19,-44.52,11.73
Grassland Birds: All,40,0,1986,-0.2563,0.1844,-0.6161,0.1095,-22.61,-46,11.57
Grassland Birds: All,40,0,1987,-0.2739,0.1885,-0.6436,0.09759,-23.96,-47.46,10.25
Grassland Birds: All,40,0,1988,-0.2921,0.1923,-0.6684,0.0859,-25.33,-48.75,8.969
Grassland Birds: All,40,0,1989,-0.3126,0.1955,-0.6953,0.06723,-26.84,-50.11,6.954
Grassland Birds: All,40,0,1990,-0.3358,0.1986,-0.7251,0.05204,-28.52,-51.57,5.342
Grassland Birds: All,40,0,1991,-0.3644,0.2017,-0.7623,0.0285,-30.54,-53.34,2.891
Grassland Birds: All,40,0,1992,-0.3989,0.205,-0.8007,-0.002398,-32.89,-55.1,-0.2395
Grassland Birds: All,40,0,1993,-0.4384,0.2093,-0.8528,-0.03211,-35.49,-57.38,-3.16
Grassland Birds: All,40,0,1994,-0.4821,0.2141,-0.9038,-0.06241,-38.25,-59.5,-6.05
Grassland Birds: All,40,0,1995,-0.5263,0.2196,-0.9616,-0.09601,-40.92,-61.77,-9.154
Grassland Birds: All,40,0,1996,-0.5707,0.2251,-1.018,-0.1262,-43.49,-63.88,-11.86
Grassland Birds: All,40,0,1997,-0.613,0.2303,-1.068,-0.1612,-45.83,-65.61,-14.88
Grassland Birds: All,40,0,1998,-0.6522,0.2351,-1.114,-0.1903,-47.91,-67.18,-17.33
Grassland Birds: All,40,0,1999,-0.6881,0.2397,-1.156,-0.2155,-49.75,-68.53,-19.39
Grassland Birds: All,40,0,2000,-0.7187,0.2441,-1.196,-0.239,-51.26,-69.75,-21.26
Grassland Birds: All,40,0,2001,-0.7432,0.2475,-1.227,-0.2577,-52.44,-70.69,-22.71
Grassland Birds: All,40,0,2002,-0.7603,0.2519,-1.257,-0.2653,-53.25,-71.54,-23.31
Grassland Birds: All,40,0,2003,-0.7718,0.2564,-1.274,-0.2712,-53.78,-72.04,-23.75
Grassland Birds: All,40,0,2004,-0.7787,0.26,-1.288,-0.2663,-54.1,-72.43,-23.38
Grassland Birds: All,40,0,2005,-0.7838,0.2639,-1.3,-0.2682,-54.33,-72.75,-23.53
Grassland Birds: All,40,0,2006,-0.7905,0.2661,-1.314,-0.2691,-54.64,-73.13,-23.6
Grassland Birds: All,40,0,2007,-0.8019,0.269,-1.33,-0.2742,-55.15,-73.56,-23.98
Grassland Birds: All,40,0,2008,-0.8188,0.272,-1.353,-0.2856,-55.91,-74.16,-24.84
Grassland Birds: All,40,0,2009,-0.8408,0.2747,-1.381,-0.2958,-56.86,-74.86,-25.61
Grassland Birds: All,40,0,2010,-0.8668,0.2773,-1.416,-0.3156,-57.97,-75.73,-27.06
Grassland Birds: All,40,0,2011,-0.8948,0.2808,-1.448,-0.3392,-59.13,-76.49,-28.76
Grassland Birds: All,40,0,2012,-0.9227,0.2835,-1.478,-0.3612,-60.26,-77.2,-30.31
Grassland Birds: All,40,0,2013,-0.9501,0.2863,-1.513,-0.3819,-61.33,-77.97,-31.74
Grassland Birds: All,40,0,2014,-0.9754,0.2899,-1.544,-0.3966,-62.29,-78.65,-32.74
Grassland Birds: All,40,0,2015,-0.9984,0.2926,-1.571,-0.4183,-63.15,-79.22,-34.19
Grassland Birds: All,40,0,2016,-1.021,0.2949,-1.598,-0.44,-63.97,-79.76,-35.6
Grassland Birds: All,40,0,2017,-1.042,0.2969,-1.623,-0.4581,-64.72,-80.28,-36.75
Grassland Birds: All,40,0,2018,-1.061,0.2983,-1.646,-0.4752,-65.41,-80.71,-37.83
Grassland Birds: All,40,0,2019,-1.079,0.2999,-1.664,-0.4883,-66.01,-81.06,-38.63
Grassland Birds: All,40,0,2020,-1.093,0.3011,-1.678,-0.4969,-66.47,-81.33,-39.16
Grassland Birds: All,40,0,2021,-1.104,0.3025,-1.693,-0.5038,-66.83,-81.61,-39.58
Grassland Birds: All,40,0,2022,-1.113,0.3036,-1.707,-0.5122,-67.16,-81.86,-40.08
Grassland Birds: Native Grassland Specialists,40,1,1970,0,0,0,0,0,0,0
Grassland Birds: Native Grassland Specialists,40,1,1971,0.0202,0.02586,-0.03432,0.07072,2.041,-3.374,7.328
Grassland Birds: Native Grassland Specialists,40,1,1972,0.03639,0.03617,-0.03949,0.107,3.706,-3.872,11.3
Grassland Birds: Native Grassland Specialists,40,1,1973,0.04461,0.04668,-0.05295,0.1354,4.561,-5.157,14.5
Grassland Birds: Native Grassland Specialists,40,1,1974,0.0427,0.05848,-0.07996,0.1581,4.363,-7.685,17.13
Grassland Birds: Native Grassland Specialists,40,1,1975,0.03202,0.07215,-0.1194,0.1742,3.254,-11.25,19.03
Grassland Birds: Native Grassland Specialists,40,1,1976,0.01468,0.08386,-0.1594,0.1793,1.479,-14.73,19.64
Grassland Birds: Native Grassland Specialists,40,1,1977,-0.005022,0.09388,-0.1997,0.1787,-0.5009,-18.1,19.57
Grassland Birds: Native Grassland Specialists,40,1,1978,-0.0275,0.1023,-0.237,0.1741,-2.713,-21.1,19.02
Grassland Birds: Native Grassland Specialists,40,1,1979,-0.0532,0.1104,-0.2786,0.1619,-5.181,-24.32,17.57
Grassland Birds: Native Grassland Specialists,40,1,1980,-0.08256,0.1186,-0.3222,0.1505,-7.924,-27.55,16.24
Grassland Birds: Native Grassland Specialists,40,1,1981,-0.1154,0.1276,-0.3741,0.1358,-10.9,-31.21,14.55
Grassland Birds: Native Grassland Specialists,40,1,1982,-0.1494,0.1377,-0.4271,0.1211,-13.88,-34.76,12.88
Grassland Birds: Native Grassland Specialists,40,1,1983,-0.1834,0.1492,-0.4822,0.1052,-16.76,-38.26,11.1
Grassland Birds: Native Grassland Specialists,40,1,1984,-0.2151,0.1617,-0.5399,0.1012,-19.35,-41.72,10.65
Grassland Birds: Native Grassland Specialists,40,1,1985,-0.2447,0.1754,-0.5958,0.09757,-21.7,-44.89,10.25
Grassland Birds: Native Grassland Specialists,40,1,1986,-0.2742,0.1884,-0.6491,0.09775,-23.98,-47.75,10.27
Grassland Birds: Native Grassland Specialists,40,1,1987,-0.3054,0.2003,-0.7001,0.08738,-26.31,-50.35,9.132
Grassland Birds: Native Grassland Specialists,40,1,1988,-0.3407,0.2119,-0.7627,0.07738,-28.87,-53.36,8.046
Grassland Birds: Native Grassland Specialists,40,1,1989,-0.3797,0.2212,-0.8167,0.05999,-31.59,-55.81,6.183
Grassland Birds: Native Grassland Specialists,40,1,1990,-0.4263,0.2303,-0.8814,0.0227,-34.71,-58.58,2.296
Grassland Birds: Native Grassland Specialists,40,1,1991,-0.4787,0.2387,-0.9502,-0.01126,-38.04,-61.33,-1.12
Grassland Birds: Native Grassland Specialists,40,1,1992,-0.5399,0.2477,-1.027,-0.05789,-41.72,-64.18,-5.624
Grassland Birds: Native Grassland Specialists,40,1,1993,-0.6063,0.2558,-1.114,-0.1133,-45.47,-67.19,-10.71
Grassland Birds: Native Grassland Specialists,40,1,1994,-0.6786,0.2647,-1.207,-0.1653,-49.27,-70.1,-15.24
Grassland Birds: Native Grassland Specialists,40,1,1995,-0.7548,0.2744,-1.306,-0.2252,-52.99,-72.91,-20.16
Grassland Birds: Native Grassland Specialists,40,1,1996,-0.8343,0.285,-1.4,-0.2807,-56.58,-75.35,-24.48
Grassland Birds: Native Grassland Specialists,40,1,1997,-0.9156,0.2963,-1.504,-0.335,-59.97,-77.78,-28.46
Grassland Birds: Native Grassland Specialists,40,1,1998,-0.9973,0.3083,-1.602,-0.391,-63.11,-79.85,-32.36
Grassland Birds: Native Grassland Specialists,40,1,1999,-1.077,0.3202,-1.711,-0.4518,-65.95,-81.94,-36.35
Grassland Birds: Native Grassland Specialists,40,1,2000,-1.153,0.3321,-1.808,-0.5041,-68.43,-83.61,-39.59
Grassland Birds: Native Grassland Specialists,40,1,2001,-1.219,0.3413,-1.9,-0.5498,-70.46,-85.04,-42.29
Grassland Birds: Native Grassland Specialists,40,1,2002,-1.275,0.3508,-1.972,-0.58,-72.05,-86.09,-44.01
Grassland Birds: Native Grassland Specialists,40,1,2003,-1.32,0.3613,-2.036,-0.6045,-73.28,-86.94,-45.37
Grassland Birds: Native Grassland Specialists,40,1,2004,-1.36,0.3707,-2.102,-0.6257,-74.32,-87.78,-46.51
Grassland Birds: Native Grassland Specialists,40,1,2005,-1.396,0.3781,-2.153,-0.6526,-75.25,-88.38,-47.93
Grassland Birds: Native Grassland Specialists,40,1,2006,-1.436,0.3859,-2.204,-0.6761,-76.21,-88.96,-49.14
Grassland Birds: Native Grassland Specialists,40,1,2007,-1.482,0.3922,-2.261,-0.7116,-77.27,-89.57,-50.92
Grassland Birds: Native Grassland Specialists,40,1,2008,-1.534,0.3976,-2.32,-0.7577,-78.44,-90.17,-53.12
Grassland Birds: Native Grassland Specialists,40,1,2009,-1.593,0.403,-2.387,-0.803,-79.66,-90.81,-55.2
Grassland Birds: Native Grassland Specialists,40,1,2010,-1.657,0.4072,-2.459,-0.8572,-80.94,-91.45,-57.57
Grassland Birds: Native Grassland Specialists,40,1,2011,-1.726,0.4112,-2.541,-0.9149,-82.2,-92.12,-59.94
Grassland Birds: Native Grassland Specialists,40,1,2012,-1.795,0.4154,-2.62,-0.9766,-83.39,-92.72,-62.34
Grassland Birds: Native Grassland Specialists,40,1,2013,-1.862,0.42,-2.692,-1.033,-84.47,-93.23,-64.42
Grassland Birds: Native Grassland Specialists,40,1,2014,-1.926,0.4245,-2.765,-1.085,-85.43,-93.7,-66.2
Grassland Birds: Native Grassland Specialists,40,1,2015,-1.988,0.428,-2.835,-1.136,-86.3,-94.13,-67.89
Grassland Birds: Native Grassland Specialists,40,1,2016,-2.047,0.4307,-2.899,-1.192,-87.09,-94.49,-69.65
Grassland Birds: Native Grassland Specialists,40,1,2017,-2.106,0.4322,-2.958,-1.252,-87.82,-94.81,-71.39
Grassland Birds: Native Grassland Specialists,40,1,2018,-2.162,0.4327,-3.015,-1.306,-88.49,-95.1,-72.92
Grassland Birds: Native Grassland Specialists,40,1,2019,-2.214,0.4331,-3.068,-1.361,-89.07,-95.35,-74.37
Grassland Birds: Native Grassland Specialists,40,1,2020,-2.26,0.4336,-3.112,-1.404,-89.56,-95.55,-75.45
Grassland Birds: Native Grassland Specialists,40,1,2021,-2.3,0.434,-3.154,-1.442,-89.97,-95.73,-76.35
Grassland Birds: Native Grassland Specialists,40,1,2022,-2.337,0.435,-3.191,-1.473,-90.33,-95.89,-77.07
Grassland Birds: Present in Agricultural Landscapes,40,2,1970,0,0,0,0,0,0,0
Grassland Birds: Present in Agricultural Landscapes,40,2,1971,9.207e-4,0.01803,-0.03646,0.03732,0.09212,-3.581,3.803
Grassland Birds: Present in Agricultural Landscapes,40,2,1972,0.001019,0.02763,-0.05425,0.05669,0.1019,-5.28,5.833
Grassland Birds: Present in Agricultural Landscapes,40,2,1973,-7.605e-4,0.03633,-0.07296,0.07135,-0.07602,-7.036,7.396
Grassland Birds: Present in Agricultural Landscapes,40,2,1974,-0.005475,0.04485,-0.09412,0.08291,-0.546,-8.982,8.644
Grassland Birds: Present in Agricultural Landscapes,40,2,1975,-0.01304,0.05424,-0.1199,0.09403,-1.296,-11.3,9.859
Grassland Birds: Present in Agricultural Landscapes,40,2,1976,-0.02219,0.06348,-0.1474,0.1022,-2.195,-13.7,10.76
Grassland Birds: Present in Agricultural Landscapes,40,2,1977,-0.03114,0.07143,-0.1749,0.1098,-3.066,-16.05,11.6
Grassland Birds: Present in Agricultural Landscapes,40,2,1978,-0.04009,0.0779,-0.1947,0.1119,-3.93,-17.69,11.85
Grassland Birds: Present in Agricultural Landscapes,40,2,1979,-0.04784,0.0832,-0.2124,0.1148,-4.671,-19.13,12.17
Grassland Birds: Present in Agricultural Landscapes,40,2,1980,-0.05513,0.08769,-0.2302,0.1167,-5.364,-20.57,12.38
Grassland Birds: Present in Agricultural Landscapes,40,2,1981,-0.06314,0.09164,-0.2448,0.116,-6.119,-21.72,12.31
Grassland Birds: Present in Agricultural Landscapes,40,2,1982,-0.07245,0.09561,-0.2613,0.1154,-6.989,-23,12.24
Grassland Birds: Present in Agricultural Landscapes,40,2,1983,-0.08255,0.09952,-0.2806,0.1102,-7.923,-24.47,11.65
Grassland Birds: Present in Agricultural Landscapes,40,2,1984,-0.09296,0.1038,-0.2987,0.1103,-8.877,-25.82,11.67
Grassland Birds: Present in Agricultural Landscapes,40,2,1985,-0.1023,0.1079,-0.316,0.1105,-9.723,-27.09,11.69
Grassland Birds: Present in Agricultural Landscapes,40,2,1986,-0.1101,0.1117,-0.3313,0.1102,-10.43,-28.2,11.65
Grassland Birds: Present in Agricultural Landscapes,40,2,1987,-0.1169,0.1158,-0.3419,0.1098,-11.03,-28.96,11.61
Grassland Birds: Present in Agricultural Landscapes,40,2,1988,-0.1235,0.1194,-0.3561,0.1089,-11.62,-29.96,11.5
Grassland Birds: Present in Agricultural Landscapes,40,2,1989,-0.1321,0.1221,-0.3716,0.1058,-12.38,-31.04,11.16
Grassland Birds: Present in Agricultural Landscapes,40,2,1990,-0.1444,0.1242,-0.3892,0.09734,-13.45,-32.24,10.22
Grassland Birds: Present in Agricultural Landscapes,40,2,1991,-0.1614,0.1265,-0.4095,0.08424,-14.9,-33.6,8.79
Grassland Birds: Present in Agricultural Landscapes,40,2,1992,-0.1834,0.1295,-0.4364,0.06983,-16.75,-35.36,7.232
Grassland Birds: Present in Agricultural Landscapes,40,2,1993,-0.2099,0.1341,-0.4724,0.05229,-18.93,-37.65,5.368
Grassland Birds: Present in Agricultural Landscapes,40,2,1994,-0.2398,0.1394,-0.5141,0.03272,-21.32,-40.19,3.326
Grassland Birds: Present in Agricultural Landscapes,40,2,1995,-0.2703,0.1453,-0.5562,0.01521,-23.69,-42.66,1.533
Grassland Birds: Present in Agricultural Landscapes,40,2,1996,-0.2992,0.1506,-0.5966,-0.001842,-25.86,-44.93,-0.184
Grassland Birds: Present in Agricultural Landscapes,40,2,1997,-0.3258,0.1546,-0.6288,-0.02138,-27.81,-46.68,-2.116
Grassland Birds: Present in Agricultural Landscapes,40,2,1998,-0.3487,0.1581,-0.6592,-0.03674,-29.44,-48.27,-3.607
Grassland Birds: Present in Agricultural Landscapes,40,2,1999,-0.3677,0.1602,-0.6798,-0.0507,-30.76,-49.33,-4.944
Grassland Birds: Present in Agricultural Landscapes,40,2,2000,-0.3817,0.162,-0.6993,-0.06218,-31.73,-50.31,-6.028
Grassland Birds: Present in Agricultural Landscapes,40,2,2001,-0.3903,0.1637,-0.7115,-0.06753,-32.31,-50.91,-6.53
Grassland Birds: Present in Agricultural Landscapes,40,2,2002,-0.3922,0.1662,-0.7196,-0.06599,-32.44,-51.3,-6.386
Grassland Birds: Present in Agricultural Landscapes,40,2,2003,-0.3889,0.1696,-0.7253,-0.05422,-32.22,-51.58,-5.277
Grassland Birds: Present in Agricultural Landscapes,40,2,2004,-0.3827,0.1726,-0.7214,-0.04286,-31.8,-51.4,-4.195
Grassland Birds: Present in Agricultural Landscapes,40,2,2005,-0.3759,0.1745,-0.72,-0.03065,-31.33,-51.32,-3.018
Grassland Birds: Present in Agricultural Landscapes,40,2,2006,-0.3718,0.1759,-0.7208,-0.02735,-31.05,-51.37,-2.697
Grassland Birds: Present in Agricultural Landscapes,40,2,2007,-0.3718,0.1774,-0.7218,-0.0247,-31.05,-51.41,-2.44
Grassland Birds: Present in Agricultural Landscapes,40,2,2008,-0.3767,0.1795,-0.7319,-0.02007,-31.39,-51.9,-1.987
Grassland Birds: Present in Agricultural Landscapes,40,2,2009,-0.3864,0.1828,-0.745,-0.02992,-32.05,-52.52,-2.948
Grassland Birds: Present in Agricultural Landscapes,40,2,2010,-0.4,0.1858,-0.763,-0.0358,-32.97,-53.37,-3.516
Grassland Birds: Present in Agricultural Landscapes,40,2,2011,-0.416,0.188,-0.786,-0.04883,-34.03,-54.43,-4.766
Grassland Birds: Present in Agricultural Landscapes,40,2,2012,-0.4324,0.192,-0.8096,-0.05837,-35.1,-55.5,-5.67
Grassland Birds: Present in Agricultural Landscapes,40,2,2013,-0.4482,0.196,-0.8314,-0.06903,-36.12,-56.46,-6.671
Grassland Birds: Present in Agricultural Landscapes,40,2,2014,-0.4626,0.1996,-0.8519,-0.07758,-37.04,-57.34,-7.465
Grassland Birds: Present in Agricultural Landscapes,40,2,2015,-0.4758,0.2038,-0.8776,-0.0842,-37.86,-58.42,-8.075
Grassland Birds: Present in Agricultural Landscapes,40,2,2016,-0.4878,0.207,-0.894,-0.08576,-38.6,-59.1,-8.219
Grassland Birds: Present in Agricultural Landscapes,40,2,2017,-0.5005,0.2094,-0.91,-0.09534,-39.38,-59.75,-9.093
Grassland Birds: Present in Agricultural Landscapes,40,2,2018,-0.5123,0.2117,-0.929,-0.1014,-40.09,-60.51,-9.639
Grassland Birds: Present in Agricultural Landscapes,40,2,2019,-0.5225,0.2135,-0.944,-0.1085,-40.7,-61.09,-10.28
Grassland Birds: Present in Agricultural Landscapes,40,2,2020,-0.5302,0.2152,-0.9501,-0.1088,-41.15,-61.33,-10.31
Grassland Birds: Present in Agricultural Landscapes,40,2,2021,-0.5357,0.2168,-0.9613,-0.1132,-41.48,-61.76,-10.7
Grassland Birds: Present in Agricultural Landscapes,40,2,2022,-0.5418,0.2183,-0.9696,-0.1188,-41.83,-62.08,-11.2
