groupName,groupID,year,log_scale_indicator,log_scale_indicator_sd,log_scale_indicator_lci,log_scale_indicator_uci,percent_diff,percent_diff_lci,percent_diff_uci,q5,q10,q20,q25,q75,q80,q90,q95,p_decrease,p_increase,plotting_name
Waterfowl: All,33,1970,0,0,0,0,0,0,0,0,0,0,0,0,0,0,0,0,0,Waterfowl
Waterfowl: All,33,1971,-4.419e-4,0.004057,-0.008851,0.007782,-0.04418,-0.8812,0.7812,-0.0068113725,-0.00504233,-0.00326902,-0.0026838350000000003,0.0018115549999999998,0.0023895760000000005,0.00415814,0.005839413499999999,0.55075,0.44925,Waterfowl
Waterfowl: All,33,1972,-5.876e-4,0.005715,-0.01229,0.01105,-0.05874,-1.222,1.111,-0.009736428,-0.007340764999999999,-0.004855584,-0.0039495325,0.002820775,0.003707638,0.006182165000000001,0.008656850999999998,0.5515625,0.4484375,Waterfowl
Waterfowl: All,33,1973,-4.213e-4,0.007134,-0.01468,0.0137,-0.04212,-1.458,1.38,-0.012027240000000002,-0.009056259,-0.005816226,-0.0046888,0.0038907825000000004,0.005002048000000001,0.008192186000000002,0.011154809999999994,0.525375,0.474625,Waterfowl
Waterfowl: All,33,1974,-7.67e-5,0.008757,-0.01736,0.01768,-0.00767,-1.721,1.783,-0.0141922,-0.010643199999999998,-0.006748563999999999,-0.00539654,0.0052520399999999995,0.006651604,0.010491219999999999,0.014165599999999988,0.50725,0.49275,Waterfowl
Waterfowl: All,33,1975,5.18e-4,0.01176,-0.02309,0.02472,0.05181,-2.282,2.503,-0.018388119999999997,-0.013586899999999999,-0.008258304,-0.006547237500000001,0.0074656675,0.009349234000000003,0.0148015,0.01995044499999998,0.48425,0.51575,Waterfowl
Waterfowl: All,33,1976,0.001341,0.02045,-0.03944,0.04173,0.1342,-3.867,4.261,-0.03193773,-0.02390257,-0.01465526,-0.011351475,0.014107075,0.017501580000000003,0.026799330000000003,0.03462265999999999,0.4715625,0.5284375,Waterfowl
Waterfowl: All,33,1977,0.002957,0.03025,-0.05799,0.06242,0.2961,-5.634,6.441,-0.046927979999999994,-0.035112109999999995,-0.0216005,-0.016503925,0.022392525,0.02768196,0.04103911000000001,0.05197547499999999,0.454125,0.545875,Waterfowl
Waterfowl: All,33,1978,0.006386,0.04043,-0.0748,0.08576,0.6407,-7.207,8.955,-0.0599543,-0.04456145,-0.0264736,-0.019827125,0.032753149999999995,0.03967448000000001,0.05733895000000001,0.07212899999999998,0.43225,0.56775,Waterfowl
Waterfowl: All,33,1979,0.01046,0.05119,-0.09054,0.1115,1.052,-8.656,11.8,-0.073888915,-0.05511065,-0.0318988,-0.023438425,0.044305,0.053247260000000005,0.07496959,0.09352776,0.412875,0.587125,Waterfowl
Waterfowl: All,33,1980,0.01522,0.06225,-0.1086,0.1383,1.533,-10.29,14.84,-0.08764374999999999,-0.06388647,-0.03638928,-0.025944750000000003,0.05654055,0.06628934000000002,0.09406169,0.11736589999999998,0.39875,0.60125,Waterfowl
Waterfowl: All,33,1981,0.02094,0.07276,-0.1221,0.1658,2.116,-11.5,18.03,-0.09794813,-0.07172622000000001,-0.03964282,-0.02755905,0.06972475,0.08181458,0.11283590000000003,0.13969795,0.3884375,0.6115625,Waterfowl
Waterfowl: All,33,1982,0.02682,0.08273,-0.1362,0.1901,2.718,-12.73,20.94,-0.11012519999999999,-0.07898674,-0.04217626,-0.028438175,0.081926425,0.09605412,0.1315989,0.16209599999999996,0.3735625,0.6264375,Waterfowl
Waterfowl: All,33,1983,0.03402,0.09192,-0.1492,0.2143,3.461,-13.86,23.9,-0.11758835,-0.08298525,-0.04290243999999999,-0.027465125,0.095392475,0.109809,0.1502068,0.18487684999999998,0.355875,0.644125,Waterfowl
Waterfowl: All,33,1984,0.04197,0.1002,-0.156,0.2374,4.286,-14.45,26.79,-0.12408224999999998,-0.0853793,-0.04117447999999999,-0.0257755,0.10919999999999999,0.1253368,0.16924920000000004,0.20699425000000002,0.3374375,0.6625625,Waterfowl
Waterfowl: All,33,1985,0.05143,0.1072,-0.1631,0.2588,5.277,-15.05,29.54,-0.1259473,-0.08373600999999999,-0.03722182,-0.0202895,0.12296375,0.14041120000000004,0.1883322,0.22756839999999998,0.3124375,0.6875625,Waterfowl
Waterfowl: All,33,1986,0.06196,0.1139,-0.1639,0.2859,6.392,-15.12,33.09,-0.1252165,-0.08270438,-0.03272596,-0.014606025,0.1388465,0.15703640000000002,0.2067641,0.2478432999999999,0.2923125,0.7076875,Waterfowl
Waterfowl: All,33,1987,0.07373,0.1201,-0.1642,0.3083,7.651,-15.14,36.11,-0.12518245,-0.07747894999999999,-0.02721379999999996,-0.0064410625,0.15517725000000002,0.174769,0.22747720000000002,0.2714637,0.2675625,0.7324375,Waterfowl
Waterfowl: All,33,1988,0.08736,0.1255,-0.1613,0.3341,9.129,-14.9,39.66,-0.1201781,-0.07221104,-0.017095059999999995,0.0031751725,0.1726245,0.19423080000000006,0.2472456,0.29224719999999993,0.242875,0.757125,Waterfowl
Waterfowl: All,33,1989,0.1011,0.1295,-0.1559,0.3564,10.64,-14.43,42.82,-0.11230685,-0.06364604,-0.006471821999999999,0.014018949999999999,0.18747149999999999,0.209046,0.2679958,0.313756,0.2165625,0.7834375,Waterfowl
Waterfowl: All,33,1990,0.1157,0.1334,-0.1455,0.3785,12.26,-13.54,46.01,-0.10473275000000001,-0.05424332999999999,0.0031350420000000032,0.02544805,0.203858,0.22681340000000003,0.286475,0.33521724999999986,0.193125,0.806875,Waterfowl
Waterfowl: All,33,1991,0.1308,0.1371,-0.139,0.3982,13.97,-12.98,48.92,-0.095481135,-0.04363041999999999,0.016052880000000012,0.038230675,0.22234900000000002,0.2447782,0.30660770000000004,0.35657534999999996,0.169875,0.830125,Waterfowl
Waterfowl: All,33,1992,0.1463,0.1405,-0.1309,0.4234,15.75,-12.27,52.71,-0.08453441499999999,-0.03368288999999999,0.02842692,0.051430625,0.2400425,0.2629254,0.32628340000000006,0.37760684999999994,0.1473125,0.8526875,Waterfowl
Waterfowl: All,33,1993,0.1617,0.1438,-0.1223,0.4426,17.55,-11.51,55.67,-0.07263157499999999,-0.021108659999999998,0.04041814000000001,0.06473072499999999,0.25825975,0.28236740000000005,0.3461595,0.40002074999999987,0.12975,0.87025,Waterfowl
Waterfowl: All,33,1994,0.1771,0.1475,-0.1081,0.4679,19.38,-10.25,59.67,-0.063353365,-0.009806369999999998,0.051733500000000016,0.07671652500000001,0.27559124999999995,0.3011690000000001,0.36601589999999995,0.41986624999999983,0.1139375,0.8860625,Waterfowl
Waterfowl: All,33,1995,0.192,0.1506,-0.09988,0.4896,21.17,-9.506,63.17,-0.053207529999999996,6.908176000000049e-4,0.064501,0.089900425,0.2931325,0.3172994,0.38326740000000004,0.4397859,0.0993125,0.9006875,Waterfowl
Waterfowl: All,33,1996,0.2058,0.154,-0.09279,0.5078,22.85,-8.862,66.16,-0.046198399999999994,0.009167064000000008,0.07601374000000001,0.10183975,0.30927275,0.3339566,0.4020747000000001,0.4607066499999999,0.089125,0.910875,Waterfowl
Waterfowl: All,33,1997,0.2181,0.1568,-0.08811,0.5272,24.37,-8.434,69.42,-0.03766788499999999,0.01750772,0.0854883,0.11251325000000001,0.32373925000000003,0.3498718,0.4169342,0.4751469999999999,0.0813125,0.9186875,Waterfowl
Waterfowl: All,33,1998,0.2289,0.1598,-0.07994,0.5451,25.72,-7.683,72.48,-0.032245445,0.024888390000000003,0.0928867,0.12167900000000001,0.33548350000000005,0.36104919999999996,0.43193689999999996,0.49201409999999995,0.0755,0.9245,Waterfowl
Waterfowl: All,33,1999,0.238,0.1624,-0.07785,0.5567,26.87,-7.49,74.5,-0.028515219999999994,0.02926907,0.10204680000000001,0.12890325,0.3454475,0.3747616,0.4441619,0.5047524999999997,0.071125,0.928875,Waterfowl
Waterfowl: All,33,2000,0.2461,0.1647,-0.07542,0.5717,27.9,-7.265,77.13,-0.02595739999999999,0.035604050000000005,0.1092492,0.13577,0.355167,0.3835130000000001,0.45501780000000003,0.5172856499999999,0.0671875,0.9328125,Waterfowl
Waterfowl: All,33,2001,0.2542,0.1673,-0.07347,0.5848,28.95,-7.084,79.47,-0.021580869999999988,0.038944389999999995,0.11642260000000001,0.14302749999999997,0.36664175,0.39470580000000005,0.4674488,0.52927305,0.064875,0.935125,Waterfowl
Waterfowl: All,33,2002,0.2628,0.1693,-0.07031,0.5938,30.05,-6.789,81.09,-0.015959095,0.04522819000000003,0.1220628,0.149388,0.377428,0.40459,0.47834220000000005,0.5398047999999999,0.0606875,0.9393125,Waterfowl
Waterfowl: All,33,2003,0.2726,0.1708,-0.0628,0.6082,31.33,-6.087,83.72,-0.009281543,0.05374465,0.129465,0.15848774999999998,0.3884475,0.415543,0.48972170000000004,0.55246385,0.0554375,0.9445625,Waterfowl
Waterfowl: All,33,2004,0.2846,0.1723,-0.05546,0.6187,32.92,-5.395,85.66,-2.782674499999961e-4,0.06240176,0.14052040000000002,0.16878625,0.40158525,0.42887700000000006,0.5026639,0.5683274499999997,0.05025,0.94975,Waterfowl
Waterfowl: All,33,2005,0.2984,0.1744,-0.04263,0.64,34.77,-4.174,89.65,0.010353405000000003,0.07422034,0.152206,0.181892,0.416151,0.44577180000000005,0.520024,0.5845459999999999,0.0431875,0.9568125,Waterfowl
Waterfowl: All,33,2006,0.3134,0.1767,-0.03433,0.6594,36.81,-3.375,93.36,0.02367408000000001,0.08755407,0.16619620000000002,0.19511425000000002,0.43281975,0.46189,0.5394061,0.6013112999999999,0.038375,0.961625,Waterfowl
Waterfowl: All,33,2007,0.3291,0.1785,-0.02374,0.6783,38.97,-2.346,97.06,0.035713680000000005,0.1002804,0.17788400000000001,0.20982325000000002,0.44881675,0.47807120000000003,0.5574895,0.6237358499999999,0.033,0.967,Waterfowl
Waterfowl: All,33,2008,0.3454,0.1806,-0.008093,0.6989,41.25,-0.806,101.2,0.04989196,0.11310880000000001,0.1942168,0.22418875000000002,0.466289,0.49524460000000015,0.5761005,0.64391595,0.027625,0.972375,Waterfowl
Waterfowl: All,33,2009,0.3623,0.1829,0.006603,0.7214,43.66,0.6624,105.7,0.06246046000000001,0.12657770000000002,0.2101018,0.24065025,0.48428825000000003,0.5158246000000001,0.5969895,0.66324755,0.02325,0.97675,Waterfowl
Waterfowl: All,33,2010,0.3788,0.1851,0.01778,0.741,46.06,1.794,109.8,0.07532921000000001,0.1429038,0.22564220000000001,0.2545355,0.5023835,0.5344744,0.6164765,0.6839771499999999,0.020375,0.979625,Waterfowl
Waterfowl: All,33,2011,0.3956,0.1878,0.02848,0.7661,48.52,2.889,115.1,0.08652611,0.1558216,0.2384542,0.26830725,0.52079775,0.5513112,0.6369336000000001,0.7058032999999999,0.0175,0.9825,Waterfowl
Waterfowl: All,33,2012,0.412,0.1903,0.0403,0.7855,50.99,4.112,119.3,0.09885819,0.16956279999999999,0.2502342,0.2828,0.54011575,0.5709546,0.6574183000000001,0.7257099499999999,0.0144375,0.9855625,Waterfowl
Waterfowl: All,33,2013,0.427,0.1923,0.05289,0.8071,53.27,5.432,124.1,0.11265875,0.18210200000000001,0.2650646,0.296591,0.55601575,0.5876558,0.6733906000000001,0.7424120999999999,0.0130625,0.9869375,Waterfowl
Waterfowl: All,33,2014,0.4396,0.1938,0.05962,0.8223,55.21,6.143,127.6,0.12415235000000001,0.1935127,0.2772122,0.30863725,0.570646,0.600961,0.6878281,0.758297,0.01175,0.98825,Waterfowl
Waterfowl: All,33,2015,0.4496,0.1954,0.0674,0.8342,56.77,6.972,130.3,0.13012495,0.1996926,0.2853548,0.31815425,0.5808215,0.6130648000000001,0.6998320000000001,0.7710318499999996,0.0114375,0.9885625,Waterfowl
Waterfowl: All,33,2016,0.4568,0.1971,0.07084,0.8431,57.89,7.341,132.3,0.133528,0.20482270000000002,0.2909106,0.324296,0.587816,0.6216172,0.7088486,0.7800821,0.0106875,0.9893125,Waterfowl
Waterfowl: All,33,2017,0.4611,0.1984,0.07195,0.8467,58.58,7.46,133.2,0.13579855000000002,0.2067226,0.2942458,0.32634799999999997,0.5940107499999999,0.6279816,0.7141088,0.7845400999999999,0.0101875,0.9898125,Waterfowl
Waterfowl: All,33,2018,0.4631,0.199,0.07196,0.8509,58.9,7.461,134.2,0.13616765,0.2079013,0.2956454,0.32752575,0.59674925,0.6307344,0.717714,0.7887734499999999,0.0098125,0.9901875,Waterfowl
Waterfowl: All,33,2019,0.4642,0.1992,0.07232,0.8526,59.07,7.499,134.6,0.13733589999999998,0.2072681,0.295612,0.328731,0.5978425,0.631882,0.7182799,0.79124525,0.009625,0.990375,Waterfowl
Waterfowl: All,33,2020,0.4647,0.1992,0.07282,0.8528,59.16,7.553,134.6,0.1383877,0.2076179,0.2964598,0.32942625,0.598709,0.6327887999999999,0.7199236,0.79022045,0.0095,0.9905,Waterfowl
Waterfowl: All,33,2021,0.4647,0.1992,0.07199,0.8548,59.15,7.465,135.1,0.13703759999999998,0.20788350000000003,0.2969398,0.32923050000000004,0.5987897500000001,0.6327026,0.7202871,0.79178615,0.009375,0.990625,Waterfowl
Waterfowl: All,33,2022,0.4582,0.1996,0.0637,0.8457,58.11,6.577,133,0.1297389,0.2013057,0.289948,0.32179775,0.5924352500000001,0.6267804,0.7135444,0.7854209499999998,0.010125,0.989875,Waterfowl
Waterfowl: Geese and Swans,33,1970,0,0,0,0,0,0,0,0,0,0,0,0,0,0,0,0,0,Geese and Swans
Waterfowl: Geese and Swans,33,1971,-0.01777,0.05607,-0.1382,0.09625,-1.761,-12.9,10.1,-0.10855905,-0.07860552,-0.04991594,-0.04074235,0.00637253,0.013804380000000008,0.03975443000000001,0.06745624499999998,0.6943125,0.3056875,Geese and Swans
Waterfowl: Geese and Swans,33,1972,-0.03353,0.07967,-0.2031,0.124,-3.298,-18.38,13.2,-0.16592805,-0.127222,-0.08741009999999999,-0.07482497499999999,0.008842255,0.021155740000000027,0.0546766,0.09012673499999985,0.7020625,0.2979375,Geese and Swans
Waterfowl: Geese and Swans,33,1973,-0.04338,0.1028,-0.2532,0.1595,-4.245,-22.37,17.3,-0.20954525000000002,-0.166067,-0.11831719999999998,-0.10196725,0.015968774999999998,0.031484960000000034,0.07547675999999999,0.11658215000000001,0.6889375,0.3110625,Geese and Swans
Waterfowl: Geese and Swans,33,1974,-0.04686,0.1221,-0.2933,0.1945,-4.578,-25.42,21.47,-0.24615105,-0.194348,-0.1394494,-0.12017,0.02787595,0.04630514000000002,0.09872311,0.14662474999999994,0.6664375,0.3335625,Geese and Swans
Waterfowl: Geese and Swans,33,1975,-0.04295,0.141,-0.3243,0.2356,-4.204,-27.69,26.56,-0.2745541,-0.215874,-0.15405419999999997,-0.13043575000000002,0.044751575,0.06662937999999999,0.12823350000000003,0.18321544999999995,0.6281875,0.3718125,Geese and Swans
Waterfowl: Geese and Swans,33,1976,-0.03476,0.1592,-0.3577,0.2806,-3.417,-30.07,32.4,-0.29480009999999995,-0.231485,-0.1618262,-0.1357565,0.066350725,0.09139278,0.15887830000000003,0.22275165,0.5901875,0.4098125,Geese and Swans
Waterfowl: Geese and Swans,33,1977,-0.01553,0.173,-0.3606,0.3267,-1.541,-30.28,38.64,-0.297084,-0.2311576,-0.1557628,-0.12597625,0.09570822500000001,0.1241222,0.19782950000000002,0.26623254999999985,0.5335,0.4665,Geese and Swans
Waterfowl: Geese and Swans,33,1978,0.02198,0.1908,-0.3566,0.4011,2.222,-29.99,49.35,-0.28614675,-0.21822219999999998,-0.1340634,-0.10123949999999998,0.14475025,0.17565960000000003,0.2598099,0.3373262999999999,0.4523125,0.5476875,Geese and Swans
Waterfowl: Geese and Swans,33,1979,0.06287,0.2076,-0.349,0.4715,6.489,-29.46,60.24,-0.27704195,-0.1968621,-0.107427,-0.072162825,0.19867500000000002,0.23197020000000007,0.3253159,0.4049338999999999,0.3745,0.6255,Geese and Swans
Waterfowl: Geese and Swans,33,1980,0.1083,0.2237,-0.3404,0.5461,11.44,-28.85,72.65,-0.2564436,-0.1734405,-0.07462453999999999,-0.036724775,0.25400875,0.29114680000000004,0.38986980000000004,0.47650319999999974,0.30475,0.69525,Geese and Swans
Waterfowl: Geese and Swans,33,1981,0.1572,0.2394,-0.3172,0.6275,17.03,-27.18,87.29,-0.234151,-0.1445271,-0.04002228,4.5844825000000006e-4,0.31711425,0.3551066,0.4613085,0.5509066999999997,0.2495,0.7505,Geese and Swans
Waterfowl: Geese and Swans,33,1982,0.2096,0.251,-0.2908,0.6983,23.32,-25.24,101,-0.20520265,-0.10960409999999998,0.0030518380000000038,0.043134325,0.3761595,0.4152308,0.5257511000000001,0.61673965,0.196375,0.803625,Geese and Swans
Waterfowl: Geese and Swans,33,1983,0.2631,0.2641,-0.263,0.7825,30.09,-23.13,118.7,-0.16968985,-0.07565416999999998,0.045305780000000004,0.09027332500000002,0.43737525000000005,0.4790704,0.5924252000000001,0.6958917999999998,0.15675,0.84325,Geese and Swans
Waterfowl: Geese and Swans,33,1984,0.3194,0.2759,-0.2253,0.8619,37.63,-20.18,136.8,-0.1313868,-0.03417595,0.08770834,0.135526,0.5040755,0.5480076,0.6646747000000001,0.7697762499999998,0.1229375,0.8770625,Geese and Swans
Waterfowl: Geese and Swans,33,1985,0.3761,0.2865,-0.1924,0.9388,45.66,-17.5,155.7,-0.09705620499999999,0.0076892620000000005,0.13612320000000003,0.1843635,0.567588,0.6154012000000001,0.7372326000000001,0.84544925,0.0960625,0.9039375,Geese and Swans
Waterfowl: Geese and Swans,33,1986,0.436,0.2974,-0.1477,1.026,54.65,-13.73,178.9,-0.054851239999999996,0.05485859,0.1889538,0.23822000000000002,0.63457875,0.6824368000000001,0.8133330000000001,0.9214957499999998,0.073125,0.926875,Geese and Swans
Waterfowl: Geese and Swans,33,1987,0.4967,0.3066,-0.1075,1.103,64.33,-10.19,201.4,-0.009107070499999979,0.1037301,0.2402256000000001,0.292929,0.7019777500000001,0.7514415999999999,0.8836613,0.99891535,0.0528125,0.9471875,Geese and Swans
Waterfowl: Geese and Swans,33,1988,0.5582,0.3166,-0.06755,1.182,74.76,-6.531,226.2,0.036000445000000006,0.1496106,0.2944826,0.34670125,0.7723785,0.821681,0.9593697999999999,1.0741745,0.039125,0.960875,Geese and Swans
Waterfowl: Geese and Swans,33,1989,0.6204,0.3251,-0.01708,1.261,85.97,-1.694,253.1,0.08648281999999999,0.2060055,0.3466616,0.401665,0.83601925,0.891767,1.034141,1.1508180000000001,0.02775,0.97225,Geese and Swans
Waterfowl: Geese and Swans,33,1990,0.683,0.3328,0.03805,1.335,97.99,3.878,279.9,0.13918350000000002,0.2597334,0.402307,0.4583625,0.90661,0.9616484000000001,1.108861,1.2293669999999999,0.0189375,0.9810625,Geese and Swans
Waterfowl: Geese and Swans,33,1991,0.7445,0.3396,0.08639,1.413,110.5,9.023,310.7,0.18869875,0.3131451,0.46004140000000004,0.51271125,0.9728985,1.030102,1.1784420000000002,1.2970110000000001,0.014,0.986,Geese and Swans
Waterfowl: Geese and Swans,33,1992,0.8049,0.3473,0.1278,1.483,123.6,13.63,340.7,0.23786855,0.3625203,0.5129804,0.56892725,1.0401224999999998,1.096162,1.246271,1.3750539999999998,0.0105625,0.9894375,Geese and Swans
Waterfowl: Geese and Swans,33,1993,0.8655,0.3542,0.1764,1.559,137.6,19.29,375.2,0.2824424,0.4161087,0.5674172,0.6257275,1.1042174999999999,1.163944,1.315042,1.4452129999999996,0.0076875,0.9923125,Geese and Swans
Waterfowl: Geese and Swans,33,1994,0.9263,0.3615,0.2157,1.633,152.5,24.07,412.1,0.32938445,0.46518390000000004,0.6218702,0.68127225,1.1686124999999998,1.230108,1.3876670000000002,1.5161814999999998,0.005375,0.994625,Geese and Swans
Waterfowl: Geese and Swans,33,1995,0.9864,0.3706,0.2592,1.718,168.2,29.59,457.2,0.37672715,0.5157612,0.6747092,0.73418025,1.2353325000000002,1.296814,1.457339,1.5943934999999998,0.0040625,0.9959375,Geese and Swans
Waterfowl: Geese and Swans,33,1996,1.044,0.378,0.3048,1.78,184.2,35.63,492.8,0.42045665000000004,0.5644143,0.725349,0.7870852500000001,1.2952675,1.3598280000000003,1.5264980000000001,1.6707859999999999,0.0030625,0.9969375,Geese and Swans
Waterfowl: Geese and Swans,33,1997,1.103,0.3838,0.3427,1.847,201.2,40.87,534.3,0.4722038,0.6154478,0.7775413999999999,0.84360425000000006,1.3614699999999997,1.42021,1.5938739999999998,1.7368074999999998,0.0025,0.9975,Geese and Swans
Waterfowl: Geese and Swans,33,1998,1.16,0.3908,0.3864,1.916,218.9,47.17,579.3,0.51992095,0.6623151,0.8321886000000001,0.89386125,1.423285,1.484906,1.663459,1.8004645,0.001875,0.998125,Geese and Swans
Waterfowl: Geese and Swans,33,1999,1.215,0.397,0.4323,1.987,237.2,54.07,629.3,0.56508845,0.7103938,0.8810922,0.94804,1.4798625,1.5461040000000001,1.7262570000000002,1.8650154999999995,0.00125,0.99875,Geese and Swans
Waterfowl: Geese and Swans,33,2000,1.27,0.4023,0.4779,2.051,256,61.26,677.6,0.6090921,0.7547775,0.9303203999999999,0.9989135,1.5401725000000002,1.60781,1.785623,1.932483,0.0011875,0.9988125,Geese and Swans
Waterfowl: Geese and Swans,33,2001,1.323,0.4066,0.517,2.108,275.4,67.71,723.3,0.6535375,0.7992218,0.9848378,1.0520275,1.595055,1.664814,1.842727,1.9912115,6.25e-4,0.999375,Geese and Swans
Waterfowl: Geese and Swans,33,2002,1.375,0.4104,0.5638,2.174,295.7,75.73,779.2,0.6962426000000002,0.8468587,1.035944,1.1005475,1.6519050000000002,1.720346,1.897772,2.0512625,3.75e-4,0.999625,Geese and Swans
Waterfowl: Geese and Swans,33,2003,1.426,0.414,0.615,2.234,316.3,84.97,834,0.7427576499999999,0.8918945,1.080462,1.147175,1.7036099999999998,1.773228,1.955807,2.104631,3.125e-4,0.9996875,Geese and Swans
Waterfowl: Geese and Swans,33,2004,1.479,0.4177,0.6631,2.293,338.9,94.07,890.4,0.7902188,0.9455176999999999,1.130152,1.1953575,1.7588725,1.827772,2.019384,2.1659204999999995,2.5e-4,0.99975,Geese and Swans
Waterfowl: Geese and Swans,33,2005,1.533,0.4213,0.7071,2.353,363.2,102.8,951.4,0.834244,0.9931003,1.180674,1.2467949999999999,1.8144475,1.885408,2.0741110000000003,2.225714,1.875e-4,0.9998125,Geese and Swans
Waterfowl: Geese and Swans,33,2006,1.588,0.4245,0.7565,2.413,389.4,113.1,1017,0.8893760999999999,1.0434940000000001,1.233298,1.2999925,1.872375,1.944388,2.131019,2.2861095,6.25e-5,0.9999375,Geese and Swans
Waterfowl: Geese and Swans,33,2007,1.645,0.4279,0.8097,2.477,417.9,124.7,1091,0.9407696,1.09459,1.286838,1.356095,1.9285375000000002,2.0019680000000006,2.192253,2.3497094999999995,6.25e-5,0.9999375,Geese and Swans
Waterfowl: Geese and Swans,33,2008,1.702,0.432,0.8569,2.537,448.5,135.6,1164,0.9942974,1.1477179999999998,1.340284,1.4109500000000001,1.9910575,2.06209,2.253693,2.412638,0,1,Geese and Swans
Waterfowl: Geese and Swans,33,2009,1.758,0.4373,0.9037,2.613,479.9,146.9,1264,1.0421885,1.1995820000000001,1.389734,1.462635,2.0492175,2.12291,2.317027,2.4710924999999997,6.25e-5,0.9999375,Geese and Swans
Waterfowl: Geese and Swans,33,2010,1.813,0.4424,0.9493,2.683,513,158.4,1363,1.0869755,1.247918,1.4391660000000002,1.5151925000000002,2.1079849999999998,2.180764,2.3801979999999996,2.5335635,6.25e-5,0.9999375,Geese and Swans
Waterfowl: Geese and Swans,33,2011,1.868,0.4482,0.9902,2.743,547.8,169.2,1453,1.137472,1.294475,1.4907700000000002,1.5667174999999998,2.1684099999999997,2.2443120000000003,2.4413400000000003,2.6000694999999996,0,1,Geese and Swans
Waterfowl: Geese and Swans,33,2012,1.921,0.4548,1.032,2.814,582.8,180.6,1568,1.1816715,1.3376290000000002,1.536666,1.614485,2.226575,2.303422,2.500133,2.6646375,6.25e-5,0.9999375,Geese and Swans
Waterfowl: Geese and Swans,33,2013,1.971,0.4616,1.066,2.873,617.5,190.3,1669,1.214487,1.376814,1.58226,1.6629725,2.2792525,2.35815,2.5598250000000005,2.724532,0,1,Geese and Swans
Waterfowl: Geese and Swans,33,2014,2.015,0.47,1.088,2.938,650.3,196.9,1788,1.2489694999999998,1.415121,1.616208,1.7005225,2.3313275,2.4132540000000002,2.612785,2.7878325,6.25e-5,0.9999375,Geese and Swans
Waterfowl: Geese and Swans,33,2015,2.056,0.478,1.116,2.989,681.5,205.2,1887,1.2741075000000002,1.448002,1.6560959999999998,1.7348999999999999,2.377805,2.4570640000000004,2.66609,2.8338754999999995,6.25e-5,0.9999375,Geese and Swans
Waterfowl: Geese and Swans,33,2016,2.093,0.4856,1.138,3.041,710.9,212.1,1993,1.3046065,1.474852,1.6838760000000002,1.7663775,2.423175,2.499934,2.7162810000000004,2.88552,6.25e-5,0.9999375,Geese and Swans
Waterfowl: Geese and Swans,33,2017,2.125,0.4947,1.148,3.087,737.1,215.2,2090,1.314229,1.491423,1.70649,1.7927075000000001,2.4580625,2.537792,2.7572070000000006,2.931979,6.25e-5,0.9999375,Geese and Swans
Waterfowl: Geese and Swans,33,2018,2.149,0.5041,1.146,3.134,757.4,214.5,2197,1.3224580000000001,1.5019490000000002,1.726336,1.8129525000000002,2.487365,2.5703180000000003,2.794623,2.9737829999999996,6.25e-5,0.9999375,Geese and Swans
Waterfowl: Geese and Swans,33,2019,2.166,0.5138,1.152,3.166,772.2,216.6,2270,1.3266635,1.5051,1.7333280000000002,1.8221575,2.5092174999999997,2.6021039999999998,2.8244849999999997,3.0103985,1.25e-4,0.999875,Geese and Swans
Waterfowl: Geese and Swans,33,2020,2.185,0.5239,1.161,3.204,789.3,219.3,2363,1.3257025,1.5122360000000001,1.743868,1.8358575,2.540285,2.629718,2.852353,3.0425435,0,1,Geese and Swans
Waterfowl: Geese and Swans,33,2021,2.198,0.5317,1.159,3.246,801,218.6,2468,1.3288824999999997,1.511787,1.748872,1.8429874999999998,2.5590224999999998,2.6448000000000005,2.8805639999999997,3.071331,0,1,Geese and Swans
Waterfowl: Sea Ducks,33,1970,0,0,0,0,0,0,0,0,0,0,0,0,0,0,0,0,0,Sea Ducks
Waterfowl: Sea Ducks,33,1971,-9.871e-4,0.006358,-0.01433,0.01194,-0.09866,-1.422,1.202,-0.010752884999999998,-0.00783498,-0.005129747999999997,-0.0042232525,0.002251595,0.003152788000000006,0.005942535000000003,0.008851176499999973,0.57675,0.42325,Sea Ducks
Waterfowl: Sea Ducks,33,1972,-0.001974,0.008775,-0.0197,0.01618,-0.1972,-1.951,1.631,-0.016186984999999997,-0.012277239999999998,-0.008268557999999999,-0.0069579975,0.0029339350000000004,0.004414622000000003,0.00822098100000001,0.012250944999999994,0.608625,0.391375,Sea Ducks
Waterfowl: Sea Ducks,33,1973,-0.003139,0.01066,-0.02481,0.01768,-0.3134,-2.451,1.784,-0.02039109,-0.01630261,-0.0111168,-0.0093279,0.003160165,0.004710446000000002,0.009740769000000002,0.013855429999999992,0.63125,0.36875,Sea Ducks
Waterfowl: Sea Ducks,33,1974,-0.004221,0.0122,-0.02856,0.0203,-0.4212,-2.815,2.051,-0.02428237,-0.01899894,-0.013516579999999999,-0.011375975,0.003016275,0.005006704000000006,0.010510700000000005,0.015318399999999965,0.65525,0.34475,Sea Ducks
Waterfowl: Sea Ducks,33,1975,-0.005477,0.01355,-0.03268,0.02196,-0.5462,-3.215,2.221,-0.027085595,-0.02187132,-0.01593908,-0.013844525,0.002828195,0.005014446000000002,0.011108250000000004,0.01661172999999997,0.676875,0.323125,Sea Ducks
Waterfowl: Sea Ducks,33,1976,-0.006774,0.01461,-0.03612,0.02226,-0.6752,-3.547,2.251,-0.030585685,-0.024464220000000002,-0.01826022,-0.0157542,0.00238657,0.004745356000000002,0.011170550000000003,0.017287149999999984,0.691125,0.308875,Sea Ducks
Waterfowl: Sea Ducks,33,1977,-0.008124,0.01558,-0.03907,0.02318,-0.8091,-3.832,2.345,-0.0332514,-0.02726731,-0.020432559999999995,-0.017719600000000002,0.0017145950000000002,0.004246086000000007,0.011042970000000003,0.01739712499999999,0.712375,0.287625,Sea Ducks
Waterfowl: Sea Ducks,33,1978,-0.009552,0.01647,-0.04194,0.02353,-0.9507,-4.107,2.38,-0.036170810000000005,-0.030017449999999998,-0.0229276,-0.0201424,8.604579999999999e-4,0.0034875880000000046,0.010738450000000002,0.017645394999999998,0.7295,0.2705,Sea Ducks
Waterfowl: Sea Ducks,33,1979,-0.01118,0.0173,-0.04545,0.02333,-1.112,-4.443,2.36,-0.03927759,-0.032553570000000004,-0.024871999999999995,-0.022260525,-2.1532725e-4,0.0024181140000000003,0.010545660000000002,0.017849454999999997,0.755,0.245,Sea Ducks
Waterfowl: Sea Ducks,33,1980,-0.01276,0.01814,-0.04849,0.02306,-1.268,-4.733,2.333,-0.041772075,-0.035056830000000004,-0.027378160000000002,-0.024514975,-0.00124529,0.0017229280000000033,0.009792977000000001,0.01709607999999997,0.77225,0.22775,Sea Ducks
Waterfowl: Sea Ducks,33,1981,-0.01446,0.01896,-0.05192,0.0231,-1.435,-5.059,2.336,-0.04563144,-0.0378791,-0.02971894,-0.026724675,-0.00218514,6.250980000000065e-4,0.008980497000000006,0.016475414999999986,0.78975,0.21025,Sea Ducks
Waterfowl: Sea Ducks,33,1982,-0.01606,0.01985,-0.05523,0.02314,-1.594,-5.373,2.341,-0.04823922,-0.04093938,-0.03201822,-0.0288693,-0.003295035,-2.0531499999999785e-4,0.008418733000000003,0.016135789999999945,0.802125,0.197875,Sea Ducks
Waterfowl: Sea Ducks,33,1983,-0.01737,0.02061,-0.05796,0.0234,-1.722,-5.631,2.368,-0.050969665000000004,-0.04313404,-0.03415738,-0.030838525,-0.0041319525,-5.192977999999928e-4,0.008018145,0.016040199999999994,0.806625,0.193375,Sea Ducks
Waterfowl: Sea Ducks,33,1984,-0.01853,0.0214,-0.06094,0.02367,-1.836,-5.912,2.396,-0.05399761499999999,-0.045544049999999996,-0.0361099,-0.0324946,-0.004551045,-0.0010177079999999946,0.008098015000000005,0.01544873499999992,0.8145,0.1855,Sea Ducks
Waterfowl: Sea Ducks,33,1985,-0.01954,0.02233,-0.06434,0.02378,-1.935,-6.231,2.406,-0.05623776999999999,-0.04757793,-0.03783092,-0.03402975,-0.0049912575,-0.0014105519999999603,0.008262741000000007,0.01664374499999995,0.815,0.185,Sea Ducks
Waterfowl: Sea Ducks,33,1986,-0.0204,0.02339,-0.06748,0.02499,-2.019,-6.526,2.531,-0.058972325000000006,-0.0494323,-0.03927566,-0.035400425,-0.0052990875,-0.0014579459999999927,0.008821506000000003,0.01708715999999999,0.816375,0.183625,Sea Ducks
Waterfowl: Sea Ducks,33,1987,-0.02132,0.02454,-0.07146,0.02565,-2.109,-6.896,2.599,-0.062172525,-0.05199229999999999,-0.04099332,-0.036853375,-0.0052193725,-0.0010870199999999607,0.009163411,0.017977529999999985,0.814,0.186,Sea Ducks
Waterfowl: Sea Ducks,33,1988,-0.02225,0.02604,-0.07527,0.02757,-2.201,-7.251,2.796,-0.06571588,-0.05494684,-0.04299166,-0.038827125000000004,-0.005182495,-0.0012322159999999993,0.009759270000000004,0.019767919999999963,0.814375,0.185625,Sea Ducks
Waterfowl: Sea Ducks,33,1989,-0.02301,0.02775,-0.08006,0.03087,-2.275,-7.694,3.135,-0.06895307999999999,-0.05764437,-0.04533258,-0.040663700000000004,-0.004822105,-4.3680939999999653e-4,0.011063710000000011,0.021807174999999988,0.803875,0.196125,Sea Ducks
Waterfowl: Sea Ducks,33,1990,-0.0238,0.02964,-0.08339,0.03386,-2.352,-8.001,3.444,-0.07287748,-0.061413539999999996,-0.04785638,-0.0425258,-0.004615885,3.7953980000001076e-4,0.012954340000000007,0.023794779999999995,0.79625,0.20375,Sea Ducks
Waterfowl: Sea Ducks,33,1991,-0.02499,0.032,-0.08927,0.03791,-2.468,-8.54,3.864,-0.07743162999999999,-0.06558134999999998,-0.05089706,-0.045130149999999994,-0.003964405000000001,9.619258000000053e-4,0.014561820000000008,0.02676938499999998,0.7905,0.2095,Sea Ducks
Waterfowl: Sea Ducks,33,1992,-0.02649,0.0343,-0.096560000000000007,0.04057,-2.614,-9.205,4.141,-0.082847615,-0.06901298,-0.0538839,-0.048478549999999995,-0.004047097499999999,0.0013796880000000143,0.016432380000000007,0.029249804999999993,0.78725,0.21275,Sea Ducks
Waterfowl: Sea Ducks,33,1993,-0.028,0.03703,-0.102,0.04398,-2.761,-9.7,4.496,-0.089818595,-0.07431862,-0.058058059999999995,-0.051516124999999996,-0.0036615300000000005,0.00222343,0.017291950000000004,0.031035014999999985,0.78275,0.21725,Sea Ducks
Waterfowl: Sea Ducks,33,1994,-0.02953,0.0396,-0.1107,0.04801,-2.91,-10.48,4.918,-0.09421438,-0.07921957999999998,-0.061358,-0.055076275,-0.003559455,0.002432756000000005,0.01947612000000002,0.03456686999999999,0.7795,0.2205,Sea Ducks
Waterfowl: Sea Ducks,33,1995,-0.03138,0.04239,-0.1165,0.05166,-3.09,-11,5.302,-0.10172724999999999,-0.08489214,-0.0653325,-0.058394675,-0.0039429174999999995,0.0034192440000000044,0.02161220000000001,0.03718972999999999,0.777375,0.222625,Sea Ducks
Waterfowl: Sea Ducks,33,1996,-0.03283,0.04507,-0.1235,0.05558,-3.23,-11.62,5.716,-0.10734655,-0.08992627,-0.0688181,-0.061248725,-0.002882095,0.0035146120000000033,0.02268749000000001,0.03935176,0.772875,0.227125,Sea Ducks
Waterfowl: Sea Ducks,33,1997,-0.03451,0.04764,-0.1304,0.05906,-3.392,-12.22,6.084,-0.1136575,-0.09458095,-0.07281974,-0.0645932,-0.0031947875,0.004112662000000003,0.024204970000000003,0.04219576499999998,0.773125,0.226875,Sea Ducks
Waterfowl: Sea Ducks,33,1998,-0.03664,0.05084,-0.1372,0.06408,-3.598,-12.82,6.618,-0.1211964,-0.1020144,-0.07763439999999999,-0.06877370000000001,-0.0033787850000000005,0.004513984000000016,0.026090350000000002,0.04529558499999995,0.773,0.227,Sea Ducks
Waterfowl: Sea Ducks,33,1999,-0.03865,0.05305,-0.1439,0.06542,-3.791,-13.4,6.761,-0.1269856,-0.1064053,-0.08226098,-0.07244070000000001,-0.003897355,0.004438384000000024,0.026628280000000018,0.04784041499999995,0.775,0.225,Sea Ducks
Waterfowl: Sea Ducks,33,2000,-0.03986,0.05496,-0.1493,0.06616,-3.907,-13.87,6.84,-0.13177665,-0.11015119999999999,-0.08407574,-0.07409017500000001,-0.0036227625000000005,0.004962900000000011,0.028246370000000035,0.04932103999999996,0.77075,0.22925,Sea Ducks
Waterfowl: Sea Ducks,33,2001,-0.0414,0.05668,-0.1545,0.06899,-4.055,-14.31,7.142,-0.13599784999999998,-0.11425729999999999,-0.0870985,-0.07710410000000001,-0.0039600650000000005,0.004754932000000024,0.02894005000000001,0.04981601499999993,0.774,0.226,Sea Ducks
Waterfowl: Sea Ducks,33,2002,-0.04329,0.05925,-0.1621,0.07177,-4.236,-14.97,7.441,-0.14218654999999997,-0.11916579999999999,-0.09136325999999997,-0.0805655,-0.003857105,0.0045547040000000014,0.030043490000000003,0.05151024499999997,0.773375,0.226625,Sea Ducks
Waterfowl: Sea Ducks,33,2003,-0.04522,0.06215,-0.171,0.07498,-4.421,-15.71,7.786,-0.1485473,-0.1248402,-0.09537895999999998,-0.08522335,-0.0031896499999999996,0.005620100000000016,0.03244047,0.054759815,0.767,0.233,Sea Ducks
Waterfowl: Sea Ducks,33,2004,-0.04696,0.06493,-0.1784,0.0782,-4.587,-16.34,8.134,-0.15534235,-0.1306995,-0.09975768000000002,-0.0887715,-0.0029610925,0.008045988000000007,0.03359100000000002,0.05743997499999998,0.762875,0.237125,Sea Ducks
Waterfowl: Sea Ducks,33,2005,-0.04871,0.06764,-0.1856,0.07946,-4.754,-16.94,8.271,-0.15986365,-0.13564980000000001,-0.10378,-0.092573675,-0.0029555475,0.008021258,0.035388800000000005,0.05908334999999999,0.761875,0.238125,Sea Ducks
Waterfowl: Sea Ducks,33,2006,-0.04953,0.06969,-0.1901,0.08341,-4.833,-17.31,8.698,-0.1638382,-0.1393016,-0.1065228,-0.094407,-0.0018648925000000001,0.009461986000000033,0.03754840000000001,0.06161353999999993,0.758,0.242,Sea Ducks
Waterfowl: Sea Ducks,33,2007,-0.05002,0.0713,-0.1937,0.08657,-4.879,-17.61,9.042,-0.16665179999999996,-0.14143440000000002,-0.1086954,-0.09680212499999999,-0.00211815,0.009671500000000013,0.039853350000000023,0.06420010499999998,0.759125,0.240875,Sea Ducks
Waterfowl: Sea Ducks,33,2008,-0.05033,0.0724,-0.1965,0.08902,-4.909,-17.84,9.31,-0.16942410000000002,-0.14254070000000002,-0.1096224,-0.09759025000000002,-0.0017430224999999998,0.010182560000000007,0.04021907000000001,0.06647100499999996,0.75675,0.24325,Sea Ducks
Waterfowl: Sea Ducks,33,2009,-0.05013,0.0733,-0.1978,0.09115,-4.89,-17.95,9.543,-0.17204155,-0.14269729999999997,-0.10979379999999998,-0.09821247500000001,-0.001020615,0.010238540000000015,0.04207084000000001,0.06819032499999989,0.7545,0.2455,Sea Ducks
Waterfowl: Sea Ducks,33,2010,-0.04964,0.07406,-0.1986,0.09229,-4.843,-18.01,9.668,-0.1731401,-0.1433763,-0.1098434,-0.097743175,-3.8922625e-4,0.011815640000000032,0.044086270000000045,0.06995590499999985,0.7525,0.2475,Sea Ducks
Waterfowl: Sea Ducks,33,2011,-0.0488,0.07456,-0.199,0.09386,-4.763,-18.05,9.841,-0.1720764,-0.1440945,-0.10946059999999999,-0.09691549999999999,7.4312625e-4,0.013465160000000021,0.04535544000000001,0.07165877999999991,0.745875,0.254125,Sea Ducks
Waterfowl: Sea Ducks,33,2012,-0.04772,0.07483,-0.1991,0.09575,-4.66,-18.05,10.05,-0.17162164999999996,-0.1435461,-0.10815340000000001,-0.096314975,0.00182367,0.014000720000000008,0.046950100000000015,0.07391673999999998,0.742625,0.257375,Sea Ducks
Waterfowl: Sea Ducks,33,2013,-0.04679,0.07517,-0.1991,0.09842,-4.571,-18.05,10.34,-0.1717127,-0.143176,-0.10718720000000001,-0.09567579999999999,0.0028079274999999997,0.015361580000000017,0.04782503000000002,0.07528162999999996,0.738,0.262,Sea Ducks
Waterfowl: Sea Ducks,33,2014,-0.04602,0.07541,-0.199,0.09854,-4.498,-18.04,10.36,-0.17235760000000003,-0.1426445,-0.1065606,-0.09431872499999999,0.0042999925000000005,0.016210920000000004,0.048402860000000034,0.07622782999999995,0.73225,0.26775,Sea Ducks
Waterfowl: Sea Ducks,33,2015,-0.045469999999999997,0.07568,-0.1989,0.09981,-4.445,-18.03,10.5,-0.17092084999999999,-0.1427568,-0.1069638,-0.0937927,0.0046522275,0.01720984000000001,0.050184690000000004,0.07747788999999995,0.730375,0.269625,Sea Ducks
Waterfowl: Sea Ducks,33,2016,-0.04518,0.07596,-0.1984,0.1002,-4.417,-18,10.54,-0.1723534,-0.1419563,-0.10702439999999999,-0.0934539,0.0051447925,0.01822780000000002,0.050320890000000035,0.07836394999999999,0.7275,0.2725,Sea Ducks
Waterfowl: Sea Ducks,33,2017,-0.04519,0.07632,-0.1988,0.1012,-4.418,-18.03,10.65,-0.17308959999999998,-0.14261439999999997,-0.10695119999999998,-0.093680675,0.005269009999999999,0.018289380000000004,0.05059283,0.07869307499999999,0.72875,0.27125,Sea Ducks
Waterfowl: Sea Ducks,33,2018,-0.04503,0.07652,-0.1986,0.1021,-4.403,-18.01,10.75,-0.17236795,-0.1423655,-0.1069248,-0.094366425,0.006029929999999999,0.01892544000000011,0.05137085000000001,0.0794169999999999,0.722,0.278,Sea Ducks
Waterfowl: Sea Ducks,33,2019,-0.04467,0.07679,-0.1976,0.1031,-4.368,-17.93,10.86,-0.17290785,-0.14285940000000003,-0.1073156,-0.09432805,0.006203505,0.019380900000000003,0.052334810000000065,0.08020171499999994,0.72225,0.27775,Sea Ducks
Waterfowl: Sea Ducks,33,2020,-0.04436,0.07729,-0.1973,0.1045,-4.339,-17.9,11.02,-0.1721939,-0.14296609999999998,-0.10763299999999999,-0.093976375,0.0065871075,0.020026240000000008,0.053382610000000004,0.08178040999999997,0.71675,0.28325,Sea Ducks
Waterfowl: Sea Ducks,33,2021,-0.04402,0.0776,-0.1976,0.1038,-4.307,-17.93,10.94,-0.17280479999999998,-0.1427631,-0.1073566,-0.094155375,0.007370887499999999,0.020302340000000037,0.05513456000000003,0.08189190499999989,0.71625,0.28375,Sea Ducks
Waterfowl: Freshwater Ducks,33,1970,0,0,0,0,0,0,0,0,0,0,0,0,0,0,0,0,0,Freshwater Ducks
Waterfowl: Freshwater Ducks,33,1971,0.002125,0.007089,-0.01196,0.01703,0.2127,-1.189,1.717,-0.0086125395,-0.005430994,-0.0025462919999999995,-0.0015822350000000002,0.0056396075,0.006624230000000001,0.009722373000000003,0.013436399999999998,0.3523125,0.6476875,Freshwater Ducks
Waterfowl: Freshwater Ducks,33,1972,0.004462,0.01015,-0.01561,0.02542,0.4472,-1.549,2.575,-0.0112443,-0.007205241,-0.00284048,-0.0013777924999999998,0.01010805,0.01161516,0.01632102,0.020938044999999995,0.3055625,0.6944375,Freshwater Ducks
Waterfowl: Freshwater Ducks,33,1973,0.00701,0.01328,-0.01953,0.03446,0.7034,-1.934,3.506,-0.014020375000000002,-0.008663338,-0.002830443999999998,-8.3218275e-4,0.01464505,0.016674080000000004,0.022791930000000002,0.028527289999999993,0.2734375,0.7265625,Freshwater Ducks
Waterfowl: Freshwater Ducks,33,1974,0.009394,0.01802,-0.02674,0.04669,0.9438,-2.638,4.78,-0.01976443,-0.012500689999999998,-0.004201277999999999,-0.001365045,0.020052149999999998,0.022895160000000005,0.03117386,0.03914422499999999,0.276875,0.723125,Freshwater Ducks
Waterfowl: Freshwater Ducks,33,1975,0.01143,0.02649,-0.04127,0.06453,1.149,-4.043,6.666,-0.03171897,-0.02145948,-0.009513342,-0.0050609825,0.027746599999999996,0.03202008,0.0440298,0.05443911999999999,0.3153125,0.6846875,Freshwater Ducks
Waterfowl: Freshwater Ducks,33,1976,0.01247,0.03684,-0.06073,0.08512,1.254,-5.892,8.885,-0.04749776,-0.03345678999999999,-0.017597519999999995,-0.0114989,0.036605650000000003,0.04260348,0.05836524,0.07226875499999999,0.3625,0.6375,Freshwater Ducks
Waterfowl: Freshwater Ducks,33,1977,0.0123,0.04705,-0.07982,0.1061,1.238,-7.672,11.2,-0.06381397,-0.0468259,-0.02626448,-0.0184569,0.043104975000000004,0.05103492000000001,0.07133008,0.08993070499999997,0.3975,0.6025,Freshwater Ducks
Waterfowl: Freshwater Ducks,33,1978,0.01144,0.056710000000000003,-0.09952,0.1243,1.15,-9.473,13.24,-0.08039803499999999,-0.05928137,-0.03567044,-0.026259525000000002,0.04886885,0.058229240000000015,0.0836795,0.10482830000000001,0.4186875,0.5813125,Freshwater Ducks
Waterfowl: Freshwater Ducks,33,1979,0.009831,0.0659,-0.1204,0.141,0.9879,-11.34,15.14,-0.098423355,-0.07318516,-0.04504204,-0.034018325,0.053344125,0.0642207,0.09371062000000001,0.11819319999999998,0.441,0.559,Freshwater Ducks
Waterfowl: Freshwater Ducks,33,1980,0.007693,0.07552,-0.1392,0.1555,0.7722,-13,16.83,-0.11645649999999999,-0.08724480999999999,-0.055005479999999995,-0.0428372,0.05787925,0.07096438000000005,0.1031427,0.13161139999999988,0.460375,0.539625,Freshwater Ducks
Waterfowl: Freshwater Ducks,33,1981,0.005303,0.08487,-0.1614,0.1726,0.5317,-14.91,18.83,-0.1347367,-0.10342269999999999,-0.0659624,-0.051443775,0.062850325,0.07662306000000002,0.11288620000000002,0.14593659999999997,0.476,0.524,Freshwater Ducks
Waterfowl: Freshwater Ducks,33,1982,0.002399,0.09399,-0.1815,0.1836,0.2402,-16.59,20.15,-0.15281134999999998,-0.11871190000000001,-0.07695661999999998,-0.061301725,0.0660838,0.08214554000000002,0.1230235,0.15423959999999998,0.486875,0.513125,Freshwater Ducks
Waterfowl: Freshwater Ducks,33,1983,4.916e-4,0.102,-0.2011,0.1963,0.04917,-18.21,21.7,-0.16881195000000002,-0.1308902,-0.08609104,-0.067914275,0.069868075,0.0869126,0.1312895,0.16600434999999994,0.49525,0.50475,Freshwater Ducks
Waterfowl: Freshwater Ducks,33,1984,4.814e-4,0.1086,-0.2133,0.2111,0.04815,-19.21,23.5,-0.17843,-0.1392998,-0.09032211999999999,-0.072067975,0.07458224999999999,0.09268920000000004,0.1397208,0.17838924999999997,0.4965,0.5035,Freshwater Ducks
Waterfowl: Freshwater Ducks,33,1985,0.0027,0.1141,-0.223,0.2243,0.2703,-19.99,25.15,-0.18727074999999999,-0.14548439999999999,-0.09301614,-0.074275775,0.0803096,0.09889294000000001,0.14891770000000001,0.18863529999999995,0.489875,0.510125,Freshwater Ducks
Waterfowl: Freshwater Ducks,33,1986,0.007219,0.1192,-0.229,0.2418,0.7245,-20.47,27.36,-0.18994564999999997,-0.14605600000000002,-0.09413477999999999,-0.07295977499999999,0.0883067,0.10799500000000001,0.15815220000000002,0.20043954999999983,0.475,0.525,Freshwater Ducks
Waterfowl: Freshwater Ducks,33,1987,0.01421,0.1232,-0.2285,0.2542,1.431,-20.43,28.95,-0.18814635,-0.14338270000000003,-0.08996341999999999,-0.0680798,0.0981553,0.11896880000000001,0.17017369999999998,0.21551314999999988,0.4539375,0.5460625,Freshwater Ducks
Waterfowl: Freshwater Ducks,33,1988,0.02364,0.1265,-0.226,0.2717,2.392,-20.23,31.22,-0.1841891,-0.1393223,-0.08199677999999999,-0.061247825,0.108917,0.1294052,0.18503100000000003,0.23105099999999998,0.423375,0.576625,Freshwater Ducks
Waterfowl: Freshwater Ducks,33,1989,0.03513,0.129,-0.2205,0.2881,3.576,-19.79,33.39,-0.17791425,-0.1306799,-0.07300368,-0.050387074999999996,0.12210099999999999,0.1428182,0.1995274,0.24579609999999996,0.3901875,0.6098125,Freshwater Ducks
Waterfowl: Freshwater Ducks,33,1990,0.04825,0.131,-0.2116,0.3044,4.943,-19.07,35.58,-0.16623905,-0.1199957,-0.06157709999999999,-0.038949174999999996,0.1373845,0.15877239999999998,0.21383970000000005,0.26387389999999994,0.3583125,0.6416875,Freshwater Ducks
Waterfowl: Freshwater Ducks,33,1991,0.06204,0.1333,-0.2006,0.3234,6.401,-18.18,38.19,-0.1564665,-0.10950939999999999,-0.04963105999999999,-0.028348750000000002,0.152079,0.173657,0.2318713,0.28087219999999996,0.3175,0.6825,Freshwater Ducks
Waterfowl: Freshwater Ducks,33,1992,0.0765,0.135,-0.1888,0.343,7.95,-17.21,40.92,-0.14552900000000002,-0.09615169999999999,-0.037576179999999994,-0.014836925,0.1677975,0.18926520000000005,0.24746100000000001,0.2989727999999999,0.2859375,0.7140625,Freshwater Ducks
Waterfowl: Freshwater Ducks,33,1993,0.09087,0.1368,-0.1767,0.3608,9.513,-16.19,43.44,-0.13539484999999998,-0.08485268999999998,-0.024085919999999997,-0.0017451525,0.18286775,0.2056382,0.2636613,0.31603804999999996,0.253875,0.746125,Freshwater Ducks
Waterfowl: Freshwater Ducks,33,1994,0.1045,0.1385,-0.1681,0.3775,11.01,-15.47,45.86,-0.12581385,-0.07305616999999999,-0.012255979999999988,0.011905599999999999,0.19835525,0.2201044,0.2808891,0.331458,0.2258125,0.7741875,Freshwater Ducks
Waterfowl: Freshwater Ducks,33,1995,0.1173,0.1402,-0.1549,0.3919,12.45,-14.35,47.98,-0.11281629999999998,-0.06278711999999999,-0.0021786099999999823,0.022075875,0.211534,0.23548820000000004,0.2964429,0.3467198999999999,0.2035625,0.7964375,Freshwater Ducks
Waterfowl: Freshwater Ducks,33,1996,0.1286,0.1419,-0.1464,0.4057,13.73,-13.62,50.04,-0.10329989999999999,-0.053883879999999995,0.0076844,0.03218325,0.2240885,0.24766400000000005,0.3099459,0.3610681499999999,0.1845625,0.8154375,Freshwater Ducks
Waterfowl: Freshwater Ducks,33,1997,0.1381,0.1433,-0.141,0.4194,14.81,-13.15,52.11,-0.09651900499999999,-0.04511936,0.017104440000000002,0.040816775,0.23494325,0.2589404,0.3213042,0.37069454999999996,0.168625,0.831375,Freshwater Ducks
Waterfowl: Freshwater Ducks,33,1998,0.1449,0.1448,-0.1372,0.4278,15.59,-12.82,53.39,-0.09247645000000002,-0.04017677,0.022009,0.04590835,0.2426585,0.267143,0.3301232,0.3812172999999999,0.158625,0.841375,Freshwater Ducks
Waterfowl: Freshwater Ducks,33,1999,0.1492,0.1464,-0.1335,0.4361,16.09,-12.49,54.66,-0.09127904999999999,-0.038165540000000005,0.024759380000000004,0.04897235,0.24802925,0.272339,0.3370397,0.38872555,0.1540625,0.8459375,Freshwater Ducks
Waterfowl: Freshwater Ducks,33,2000,0.1517,0.1476,-0.1345,0.4408,16.38,-12.58,55.4,-0.09094021999999999,-0.03550840999999999,0.027454020000000006,0.051824375,0.25155125,0.2760194,0.34078640000000004,0.3941540499999999,0.153125,0.846875,Freshwater Ducks
Waterfowl: Freshwater Ducks,33,2001,0.1543,0.1486,-0.1359,0.4459,16.69,-12.7,56.19,-0.089811555,-0.0351458,0.02948838000000001,0.05371655,0.25466049999999996,0.27883,0.34630079999999996,0.3982336999999999,0.1486875,0.8513125,Freshwater Ducks
Waterfowl: Freshwater Ducks,33,2002,0.1582,0.1497,-0.1333,0.4498,17.13,-12.48,56.79,-0.088646455,-0.032272209999999996,0.0320814,0.057713324999999996,0.2591755,0.284364,0.3497964,0.40544174999999993,0.145625,0.854375,Freshwater Ducks
Waterfowl: Freshwater Ducks,33,2003,0.1645,0.1506,-0.1304,0.4609,17.87,-12.22,58.55,-0.084155945,-0.027050209999999998,0.0377284,0.062827075,0.26536525,0.2910326,0.3577054,0.41101089999999985,0.13775,0.86225,Freshwater Ducks
Waterfowl: Freshwater Ducks,33,2004,0.1736,0.1517,-0.1249,0.4701,18.95,-11.74,60.02,-0.07454413,-0.019746849999999996,0.04520086000000001,0.071118700000000007,0.2755575,0.30017640000000007,0.367962,0.42246419999999996,0.1264375,0.8735625,Freshwater Ducks
Waterfowl: Freshwater Ducks,33,2005,0.1849,0.1527,-0.1162,0.4824,20.31,-10.97,62,-0.06556375499999999,-0.011178529999999996,0.056698200000000004,0.0811158,0.2870945,0.3123344,0.3812058000000001,0.4362653499999999,0.113,0.887,Freshwater Ducks
Waterfowl: Freshwater Ducks,33,2006,0.1978,0.1538,-0.106,0.497,21.87,-10.06,64.37,-0.053567054999999995,6.599729000000055e-4,0.06881496000000001,0.0934826,0.300796,0.3263912000000001,0.39532,0.44981404999999997,0.0991875,0.9008125,Freshwater Ducks
Waterfowl: Freshwater Ducks,33,2007,0.212,0.1547,-0.09453,0.5118,23.61,-9.02,66.83,-0.04054208499999999,0.013032000000000004,0.0821828,0.10785550000000001,0.31564475,0.341009,0.4094866,0.46665474999999995,0.0846875,0.9153125,Freshwater Ducks
Waterfowl: Freshwater Ducks,33,2008,0.2268,0.1556,-0.08288,0.5276,25.45,-7.954,69.49,-0.026829969999999998,0.026683730000000003,0.09547136,0.12199149999999999,0.33162225,0.35642080000000004,0.425867,0.4838946,0.0715625,0.9284375,Freshwater Ducks
Waterfowl: Freshwater Ducks,33,2009,0.2426,0.1563,-0.06756,0.5475,27.45,-6.533,72.89,-0.010032264999999999,0.041140920000000025,0.1104038,0.136627,0.34781049999999997,0.37479340000000005,0.4429659,0.4996928999999998,0.0593125,0.9406875,Freshwater Ducks
Waterfowl: Freshwater Ducks,33,2010,0.2588,0.1571,-0.04972,0.5658,29.54,-4.85,76.09,0.002793879000000002,0.05684622,0.1265952,0.151955,0.36433499999999996,0.3907288,0.4605694,0.51741265,0.048375,0.951625,Freshwater Ducks
Waterfowl: Freshwater Ducks,33,2011,0.2755,0.1578,-0.03511,0.5849,31.72,-3.45,79.48,0.017940725000000005,0.07315572000000001,0.1432034,0.16876125,0.38071225,0.4076254,0.4780003,0.5360830499999999,0.038875,0.961125,Freshwater Ducks
Waterfowl: Freshwater Ducks,33,2012,0.2918,0.1586,-0.02024,0.6014,33.88,-2.004,82.47,0.031929040000000006,0.08927074,0.1581856,0.18507975,0.39785775,0.4237326,0.4953167,0.5530875999999999,0.0325625,0.9674375,Freshwater Ducks
Waterfowl: Freshwater Ducks,33,2013,0.3058,0.1591,-0.005062,0.6164,35.78,-0.5049,85.23,0.04432092000000001,0.10145820000000003,0.1714906,0.19890650000000001,0.41268875,0.4384668,0.5098432,0.5675488499999999,0.0265625,0.9734375,Freshwater Ducks
Waterfowl: Freshwater Ducks,33,2014,0.3173,0.1594,0.004891,0.6293,37.34,0.4903,87.64,0.05472483,0.113031,0.18252020000000002,0.210286,0.42439924999999995,0.4503066,0.52147,0.5801201999999999,0.0235625,0.9764375,Freshwater Ducks
Waterfowl: Freshwater Ducks,33,2015,0.326,0.1597,0.01449,0.6392,38.54,1.46,89.49,0.06265384500000001,0.12209990000000001,0.1910624,0.21812525,0.4330255,0.4595604000000001,0.5307372,0.5895060499999999,0.0215625,0.9784375,Freshwater Ducks
Waterfowl: Freshwater Ducks,33,2016,0.3317,0.16,0.01874,0.6465,39.33,1.892,90.88,0.068545405,0.128606,0.19640140000000003,0.22390200000000002,0.43929425,0.4649858,0.5376816,0.59483595,0.0205625,0.9794375,Freshwater Ducks
Waterfowl: Freshwater Ducks,33,2017,0.3343,0.1602,0.02168,0.6487,39.69,2.192,91.31,0.07069212000000001,0.1306577,0.19900980000000001,0.22546724999999998,0.44204775,0.4687904000000001,0.5397431,0.59809925,0.019,0.981,Freshwater Ducks
Waterfowl: Freshwater Ducks,33,2018,0.3349,0.1604,0.02179,0.6496,39.79,2.203,91.48,0.071634025,0.13049570000000002,0.1999614,0.22573175,0.44352875,0.4700468,0.5401442000000001,0.5993050999999999,0.018125,0.981875,Freshwater Ducks
Waterfowl: Freshwater Ducks,33,2019,0.3342,0.1606,0.02094,0.6486,39.68,2.116,91.3,0.07083808,0.1296202,0.1983818,0.225722,0.4429385,0.469172,0.5398463000000001,0.5992499,0.018625,0.981375,Freshwater Ducks
Waterfowl: Freshwater Ducks,33,2020,0.3322,0.1609,0.01714,0.6478,39.4,1.729,91.13,0.06907627000000002,0.1267093,0.19683679999999998,0.22350525,0.4407505,0.46721080000000004,0.5388018000000001,0.59670285,0.0191875,0.9808125,Freshwater Ducks
Waterfowl: Freshwater Ducks,33,2021,0.3294,0.161,0.01392,0.6449,39.01,1.401,90.58,0.06522369000000001,0.1234081,0.19282400000000002,0.22093,0.43810450000000006,0.46381960000000005,0.5362489,0.59460055,0.01975,0.98025,Freshwater Ducks
Waterfowl: Freshwater Ducks,33,2022,0.3233,0.1612,0.007835,0.6394,38.16,0.7866,89.54,0.05924237000000001,0.1167079,0.1865484,0.21388924999999998,0.43190625,0.4586758,0.5300803000000001,0.5884456499999999,0.022375,0.977625,Freshwater Ducks
Birds of Prey: All,38,1970,0,0,0,0,0,0,0,0,0,0,0,0,0,0,0,0,0,Birds of Prey
Birds of Prey: All,38,1971,0.002176,0.004755,-0.007501,0.01255,0.2179,-0.7473,1.263,-0.00504869,-0.0028104389999999996,-8.516512e-4,-2.3976725e-4,0.00437515,0.00504651,0.007595457000000003,0.010028369999999997,0.2706875,0.7293125,Birds of Prey
Birds of Prey: All,38,1972,0.005051,0.00775,-0.01056,0.02145,0.5064,-1.051,2.169,-0.0071497665,-0.003833997,-4.399979999999994e-4,6.33645e-4,0.0093227525,0.010553020000000005,0.01434218,0.017987415,0.2199375,0.7800625,Birds of Prey
Birds of Prey: All,38,1973,0.009559,0.01278,-0.01585,0.03592,0.9605,-1.572,3.657,-0.010970705,-0.005896845999999999,-3.9711939999999995e-4,0.0016211874999999998,0.017336625,0.01951004,0.02557943,0.030902419999999996,0.2081875,0.7918125,Birds of Prey
Birds of Prey: All,38,1974,0.01573,0.01875,-0.02109,0.05277,1.585,-2.087,5.418,-0.014837630000000001,-0.007631624,3.730320000000008e-4,0.0033143475,0.0280669,0.030959700000000014,0.039335140000000005,0.046490615,0.194125,0.805875,Birds of Prey
Birds of Prey: All,38,1975,0.02352,0.02578,-0.02705,0.07539,2.38,-2.669,7.83,-0.01829165,-0.009065135,0.002809594000000003,0.0066986575,0.040281750000000005,0.04455910000000001,0.05630865000000001,0.065683865,0.172625,0.827375,Birds of Prey
Birds of Prey: All,38,1976,0.03264,0.03302,-0.0326,0.09902,3.318,-3.208,10.41,-0.021472594999999997,-0.008971906,0.005266286000000004,0.0107694,0.0545098,0.059521740000000004,0.07430275,0.08746161499999999,0.1588125,0.8411875,Birds of Prey
Birds of Prey: All,38,1977,0.04235,0.03966,-0.03578,0.1207,4.326,-3.515,12.83,-0.021994749999999997,-0.007896611999999997,0.009042208000000001,0.015639374999999997,0.06864172499999999,0.07529554000000001,0.09303018000000002,0.10748809999999993,0.141375,0.858625,Birds of Prey
Birds of Prey: All,38,1978,0.0528,0.04591,-0.03852,0.1427,5.422,-3.779,15.33,-0.023685565000000002,-0.0055753079999999984,0.014636320000000001,0.02214345,0.08329055,0.0909001,0.1112317,0.12749159999999993,0.122875,0.877125,Birds of Prey
Birds of Prey: All,38,1979,0.06304,0.05235,-0.04036,0.1648,6.507,-3.955,17.92,-0.023327010000000002,-0.0035492549999999994,0.0192735,0.027969575,0.098368775,0.106736,0.1299083,0.14902125,0.11275,0.88725,Birds of Prey
Birds of Prey: All,38,1980,0.07359,0.05865,-0.04189,0.1878,7.636,-4.102,20.66,-0.021862154999999998,-0.0014254839999999988,0.024397420000000006,0.03454805,0.1131295,0.122922,0.14837820000000002,0.17029575,0.1045,0.8955,Birds of Prey
Birds of Prey: All,38,1981,0.0834,0.06539,-0.04494,0.2116,8.698,-4.394,23.57,-0.024360649999999998,-4.0385459999999976e-4,0.02909034,0.0393476,0.1268735,0.13825240000000003,0.16779550000000001,0.1921135,0.1010625,0.8989375,Birds of Prey
Birds of Prey: All,38,1982,0.09337,0.07196,-0.04903,0.2364,9.787,-4.785,26.66,-0.025012624999999993,0.0018266340000000002,0.0330556,0.045104025,0.14205425000000002,0.15305259999999998,0.18567,0.21197414999999994,0.096,0.904,Birds of Prey
Birds of Prey: All,38,1983,0.1027,0.07833,-0.04948,0.2575,10.82,-4.828,29.37,-0.025470339999999998,0.0034843630000000003,0.037558760000000004,0.049721699999999994,0.1550375,0.16879780000000003,0.20267200000000005,0.23137474999999996,0.0918125,0.9081875,Birds of Prey
Birds of Prey: All,38,1984,0.1119,0.08478,-0.05264,0.2787,11.84,-5.127,32.14,-0.027560244999999997,0.0038732260000000013,0.04101254000000001,0.054995475,0.170064,0.1836728,0.2192733,0.25047644999999996,0.091625,0.908375,Birds of Prey
Birds of Prey: All,38,1985,0.1208,0.09087,-0.05634,0.2997,12.84,-5.478,34.94,-0.027138509999999998,0.005457108000000006,0.04415458,0.05972562499999999,0.18263075,0.197719,0.23794320000000002,0.26901744999999994,0.0885,0.9115,Birds of Prey
Birds of Prey: All,38,1986,0.129,0.09695,-0.06095,0.3196,13.77,-5.913,37.66,-0.030513039999999995,0.004844894000000001,0.04769816,0.064108625,0.19411625,0.21038700000000002,0.2523499,0.28970994999999994,0.0919375,0.9080625,Birds of Prey
Birds of Prey: All,38,1987,0.1378,0.1032,-0.06268,0.3409,14.78,-6.076,40.62,-0.03048515,0.006003791000000001,0.051195020000000015,0.068432725,0.20729,0.2239344,0.27025360000000004,0.30797114999999997,0.0894375,0.9105625,Birds of Prey
Birds of Prey: All,38,1988,0.1459,0.109,-0.06401,0.3605,15.71,-6.2,43.4,-0.03307177499999999,0.006567497000000001,0.054193740000000004,0.072062075,0.219706,0.2373598,0.285607,0.32471185,0.0901875,0.9098125,Birds of Prey
Birds of Prey: All,38,1989,0.154,0.1144,-0.06814,0.3799,16.65,-6.587,46.21,-0.032459554999999994,0.007617443000000002,0.056262360000000004,0.07620527499999999,0.231409,0.249395,0.2997823,0.3424072999999998,0.0894375,0.9105625,Birds of Prey
Birds of Prey: All,38,1990,0.1612,0.1197,-0.07132,0.3952,17.49,-6.884,48.47,-0.03246164,0.008238888000000003,0.05973752000000001,0.08025215,0.2421045,0.26355340000000005,0.31497640000000005,0.35736034999999994,0.0883125,0.9116875,Birds of Prey
Birds of Prey: All,38,1991,0.1668,0.1245,-0.07666,0.4094,18.15,-7.379,50.59,-0.03693115499999999,0.007110773000000011,0.062373040000000005,0.08257565,0.25181,0.27258480000000007,0.32660240000000007,0.37121824999999997,0.090125,0.909875,Birds of Prey
Birds of Prey: All,38,1992,0.1715,0.1293,-0.0794,0.4266,18.71,-7.633,53.2,-0.04018909999999999,0.006008979,0.062325380000000014,0.084686075,0.2587755,0.28119340000000004,0.33713790000000005,0.38443635,0.0913125,0.9086875,Birds of Prey
Birds of Prey: All,38,1993,0.1756,0.1337,-0.08493,0.4372,19.19,-8.143,54.84,-0.04459213499999999,0.004873440000000001,0.06378362000000001,0.08514335,0.26551475,0.2886614,0.3483308,0.39644899999999994,0.0935,0.9065,Birds of Prey
Birds of Prey: All,38,1994,0.1796,0.1378,-0.09031,0.4501,19.67,-8.635,56.84,-0.047709764999999994,0.003444836000000004,0.06442642,0.086550675,0.27189775000000005,0.2959724000000001,0.3562364,0.4074010999999999,0.0956875,0.9043125,Birds of Prey
Birds of Prey: All,38,1995,0.1831,0.1417,-0.09483,0.4623,20.09,-9.047,58.77,-0.04909348,0.002976470000000001,0.0641516,0.088678225,0.27865825,0.3021438,0.36564820000000003,0.41677659999999994,0.0965,0.9035,Birds of Prey
Birds of Prey: All,38,1996,0.1866,0.1447,-0.09731,0.4674,20.51,-9.272,59.58,-0.04991540999999999,0.001881961,0.06570188,0.08986965000000001,0.28418525000000006,0.307998,0.3732137,0.4270837499999998,0.0976875,0.9023125,Birds of Prey
Birds of Prey: All,38,1997,0.19,0.1472,-0.09583,0.4778,20.93,-9.138,61.25,-0.050414209999999994,0.0027068040000000036,0.06641758,0.0908937,0.28917950000000003,0.3142498,0.3790464,0.4333170499999999,0.0961875,0.9038125,Birds of Prey
Birds of Prey: All,38,1998,0.1941,0.1494,-0.09769,0.4871,21.43,-9.307,62.76,-0.05159767999999999,0.002186498,0.06945140000000002,0.09411965,0.29417150000000003,0.3197884,0.384911,0.4403847499999999,0.097,0.903,Birds of Prey
Birds of Prey: All,38,1999,0.1985,0.1515,-0.09786,0.4973,21.95,-9.323,64.42,-0.050513054999999994,0.0031352910000000045,0.07283806000000001,0.09765015,0.29916125,0.32589160000000006,0.3917634,0.45017619999999986,0.0968125,0.9031875,Birds of Prey
Birds of Prey: All,38,2000,0.203,0.1533,-0.09631,0.5035,22.51,-9.182,65.45,-0.05112209499999999,0.004936639000000005,0.07596100000000003,0.1008295,0.30515525,0.331368,0.3994622,0.4557645999999999,0.0949375,0.9050625,Birds of Prey
Birds of Prey: All,38,2001,0.2083,0.1551,-0.09567,0.5107,23.16,-9.123,66.65,-0.04952493,0.008249868,0.07939544,0.1060055,0.3116025,0.3378036000000001,0.4064213,0.4635634999999999,0.091125,0.908875,Birds of Prey
Birds of Prey: All,38,2002,0.2136,0.1563,-0.09322,0.5205,23.82,-8.901,68.28,-0.042895224999999995,0.011735290000000016,0.08283668000000001,0.10955400000000001,0.3188385,0.3447888,0.4132390000000001,0.471115,0.08725,0.91275,Birds of Prey
Birds of Prey: All,38,2003,0.2189,0.1575,-0.09082,0.5277,24.47,-8.682,69.5,-0.038976045,0.01606937,0.08708394,0.11378325,0.32504025,0.3513404,0.4221295,0.47564785,0.0829375,0.9170625,Birds of Prey
Birds of Prey: All,38,2004,0.2245,0.1588,-0.0879,0.5362,25.18,-8.415,70.96,-0.035739085,0.020925560000000003,0.0911064,0.117971,0.33220675,0.3568872,0.42841900000000005,0.48586889999999994,0.0791875,0.9208125,Birds of Prey
Birds of Prey: All,38,2005,0.2309,0.1596,-0.08165,0.5434,25.97,-7.841,72.18,-0.032048179999999996,0.026055570000000004,0.09769540000000002,0.12368175,0.338127,0.3651822,0.4358364,0.49219669999999993,0.075375,0.924625,Birds of Prey
Birds of Prey: All,38,2006,0.2367,0.1608,-0.07726,0.5518,26.71,-7.435,73.64,-0.027582859999999994,0.030367480000000002,0.10118060000000001,0.129594,0.34444525000000004,0.37220659999999994,0.4438401,0.49931519999999996,0.0699375,0.9300625,Birds of Prey
Birds of Prey: All,38,2007,0.2423,0.1617,-0.07385,0.5618,27.42,-7.119,75.38,-0.023109089999999992,0.034983020000000004,0.10766560000000003,0.13454349999999998,0.350258,0.3795282000000002,0.45067360000000006,0.5070983999999997,0.0671875,0.9328125,Birds of Prey
Birds of Prey: All,38,2008,0.2479,0.1627,-0.06885,0.5664,28.13,-6.653,76.2,-0.019036299999999992,0.03895001000000001,0.1111666,0.1385085,0.35683575,0.3851584,0.4562642,0.5142662499999998,0.0619375,0.9380625,Birds of Prey
Birds of Prey: All,38,2009,0.2533,0.1639,-0.06634,0.5762,28.83,-6.419,77.93,-0.015564425,0.043185310000000005,0.11488340000000001,0.14406975,0.3633605,0.3916522,0.4637953,0.5191746,0.061125,0.938875,Birds of Prey
Birds of Prey: All,38,2010,0.2587,0.1648,-0.06719,0.5796,29.53,-6.498,78.53,-0.011259644999999992,0.04847167,0.12000240000000001,0.14813474999999998,0.36956875,0.39826100000000003,0.4709119,0.527579,0.0583125,0.9416875,Birds of Prey
Birds of Prey: All,38,2011,0.2644,0.1656,-0.06087,0.5869,30.26,-5.905,79.84,-0.006195330000000001,0.05300971000000001,0.1254848,0.153111,0.3756885,0.4035768,0.47709830000000003,0.5368511,0.053875,0.946125,Birds of Prey
Birds of Prey: All,38,2012,0.2704,0.1663,-0.05601,0.596,31.05,-5.447,81.49,-0.001437025999999991,0.05856195,0.13154380000000002,0.15795874999999998,0.382395,0.4094314,0.4840072,0.543692,0.0510625,0.9489375,Birds of Prey
Birds of Prey: All,38,2013,0.2762,0.167,-0.0517,0.6043,31.81,-5.038,82.99,0.003418073000000006,0.06234519000000001,0.13689479999999998,0.16383399999999998,0.3889175,0.415857,0.4919355,0.5527405999999999,0.0479375,0.9520625,Birds of Prey
Birds of Prey: All,38,2014,0.2823,0.1676,-0.04609,0.6095,32.62,-4.505,83.95,0.008774225000000004,0.06879297000000001,0.1411378,0.16909975,0.39515375,0.4225960000000001,0.49874210000000013,0.55796735,0.04475,0.95525,Birds of Prey
Birds of Prey: All,38,2015,0.2882,0.1684,-0.04117,0.617,33.41,-4.033,85.34,0.01257921,0.07332741000000001,0.147013,0.17386825,0.40149225,0.42952300000000004,0.5055492000000001,0.56545485,0.0413125,0.9586875,Birds of Prey
Birds of Prey: All,38,2016,0.294,0.1689,-0.03468,0.6242,34.18,-3.409,86.67,0.018065565000000002,0.07786975000000002,0.1522378,0.18058800000000003,0.40724875,0.435251,0.5123984,0.5727146,0.0395,0.9605,Birds of Prey
Birds of Prey: All,38,2017,0.2991,0.1695,-0.03086,0.6284,34.86,-3.038,87.47,0.022197615,0.08164664000000002,0.1568988,0.18474625,0.41331775000000004,0.4403234,0.5176772000000001,0.5771504,0.037875,0.962125,Birds of Prey
Birds of Prey: All,38,2018,0.303,0.1698,-0.02677,0.6343,35.39,-2.642,88.57,0.025976060000000006,0.08675308000000001,0.16037220000000002,0.1877005,0.417517,0.4447506,0.5213952000000001,0.5809772,0.0360625,0.9639375,Birds of Prey
Birds of Prey: All,38,2019,0.3051,0.1701,-0.02451,0.6367,35.67,-2.421,89.03,0.028345850000000006,0.08784485000000003,0.1628886,0.1904385,0.41866175,0.4481668000000001,0.5243559,0.5841488499999999,0.03475,0.96525,Birds of Prey
Birds of Prey: All,38,2020,0.3052,0.1702,-0.02384,0.6371,35.69,-2.356,89.1,0.029539255000000007,0.08869943000000001,0.1625772,0.190785,0.41904549999999996,0.4487006,0.5250532,0.5843426499999999,0.0349375,0.9650625,Birds of Prey
Birds of Prey: All,38,2021,0.3043,0.1703,-0.0256,0.6359,35.57,-2.528,88.87,0.026960165000000015,0.08728671,0.1617952,0.189931,0.4183305,0.44776820000000006,0.5243318,0.583444,0.035875,0.964125,Birds of Prey
Birds of Prey: All,38,2022,0.3,0.1704,-0.03197,0.631,34.98,-3.147,87.94,0.022660839999999998,0.08233347000000002,0.1568582,0.1857775,0.41405074999999997,0.4433558,0.5197418,0.57949595,0.0381875,0.9618125,Birds of Prey
Birds of Prey: Diurnal Birds of Prey,38,1970,0,0,0,0,0,0,0,0,0,0,0,0,0,0,0,0,0,Diurnal Birds of Prey
Birds of Prey: Diurnal Birds of Prey,38,1971,0.004437,0.007372,-0.01021,0.02102,0.4447,-1.016,2.124,-0.006616024999999999,-0.0032029429999999998,-1.3694819999999938e-4,7.724995e-4,0.00772754,0.008933674,0.013117730000000003,0.017094314999999992,0.206875,0.793125,Diurnal Birds of Prey
Birds of Prey: Diurnal Birds of Prey,38,1972,0.0104,0.01192,-0.01256,0.03598,1.046,-1.248,3.663,-0.008108987499999998,-0.0034587329999999994,0.0016063980000000002,0.00332947,0.01717315,0.019291159999999998,0.02524002,0.030588759999999993,0.16075,0.83925,Diurnal Birds of Prey
Birds of Prey: Diurnal Birds of Prey,38,1973,0.01896,0.0173,-0.01489,0.05441,1.914,-1.478,5.592,-0.0084603325,-0.001924833,0.005352922,0.00797096,0.02955605,0.03258924,0.040677569999999996,0.04789027999999996,0.121875,0.878125,Diurnal Birds of Prey
Birds of Prey: Diurnal Birds of Prey,38,1974,0.03011,0.02365,-0.01593,0.07759,3.057,-1.58,8.068,-0.007728402499999999,0.0010215600000000003,0.010572560000000002,0.014637475,0.045133325,0.04927178,0.05969192,0.06896683999999996,0.0929375,0.9070625,Diurnal Birds of Prey
Birds of Prey: Diurnal Birds of Prey,38,1975,0.04393,0.03041,-0.01551,0.1046,4.491,-1.539,11.02,-0.00559541,0.005567436,0.01902594,0.0239522,0.06371802500000001,0.06874266000000001,0.08178099999999999,0.09399366999999999,0.072125,0.927875,Diurnal Birds of Prey
Birds of Prey: Diurnal Birds of Prey,38,1976,0.0598,0.03764,-0.0132,0.1344,6.162,-1.311,14.38,-0.0011728674999999988,0.01211509,0.0283074,0.034664,0.08499722500000001,0.09116464,0.1073684,0.12179264999999996,0.0535625,0.9464375,Diurnal Birds of Prey
Birds of Prey: Diurnal Birds of Prey,38,1977,0.07712,0.04464,-0.01059,0.164,8.017,-1.054,17.82,0.0035360245000000015,0.02035618,0.039556480000000005,0.047006,0.10666799999999999,0.114209,0.1340164,0.15045965,0.042625,0.957375,Diurnal Birds of Prey
Birds of Prey: Diurnal Birds of Prey,38,1978,0.0952,0.05112,-0.005433,0.1953,9.988,-0.5418,21.57,0.011494755000000002,0.03015786,0.05244962,0.06087385,0.12937875,0.1379312,0.160516,0.17900144999999998,0.0315625,0.9684375,Diurnal Birds of Prey
Birds of Prey: Diurnal Birds of Prey,38,1979,0.1141,0.05762,-4.488e-4,0.2275,12.08,-0.04487,25.54,0.01857261,0.04089471,0.0660856,0.07543465,0.15253225,0.16211640000000005,0.18706830000000002,0.20810964999999998,0.025625,0.974375,Diurnal Birds of Prey
Birds of Prey: Diurnal Birds of Prey,38,1980,0.1328,0.06452,0.003969,0.2598,14.21,0.3977,29.67,0.026343745000000002,0.05006241,0.0791622,0.08962662499999999,0.17563375,0.18613180000000001,0.21374100000000001,0.23848024999999995,0.0204375,0.9795625,Diurnal Birds of Prey
Birds of Prey: Diurnal Birds of Prey,38,1981,0.1518,0.07149,0.009535,0.2913,16.39,0.9581,33.82,0.032691835,0.05948231,0.09224992,0.10445275000000001,0.19963775,0.21107780000000004,0.2424359,0.26796349999999997,0.0188125,0.9811875,Diurnal Birds of Prey
Birds of Prey: Diurnal Birds of Prey,38,1982,0.1706,0.07833,0.01547,0.3208,18.6,1.559,37.83,0.041627370000000004,0.06983586,0.1044806,0.11806824999999999,0.22352525,0.2369016,0.2706478,0.29727075,0.016125,0.983875,Diurnal Birds of Prey
Birds of Prey: Diurnal Birds of Prey,38,1983,0.1889,0.08472,0.02184,0.3538,20.79,2.208,42.44,0.04926323,0.08032293000000001,0.1181506,0.1320345,0.246453,0.2603004000000001,0.2967377,0.32695659999999993,0.01375,0.98625,Diurnal Birds of Prey
Birds of Prey: Diurnal Birds of Prey,38,1984,0.207,0.09081,0.02774,0.3857,23,2.812,47.06,0.05804277,0.09144296000000002,0.1314588,0.14659425,0.26873400000000003,0.28420800000000007,0.32260839999999996,0.35608415,0.0118125,0.9881875,Diurnal Birds of Prey
Birds of Prey: Diurnal Birds of Prey,38,1985,0.2245,0.09711,0.03175,0.4136,25.17,3.226,51.22,0.06330430000000001,0.1014255,0.1439688,0.15995425000000002,0.28889975,0.30586199999999997,0.35039299999999995,0.38339404999999993,0.011125,0.988875,Diurnal Birds of Prey
Birds of Prey: Diurnal Birds of Prey,38,1986,0.2416,0.1032,0.03911,0.4433,27.33,3.989,55.78,0.07345934,0.11065219999999999,0.1554328,0.17328425,0.310622,0.3282448,0.37539100000000003,0.4106622999999999,0.0094375,0.9905625,Diurnal Birds of Prey
Birds of Prey: Diurnal Birds of Prey,38,1987,0.2591,0.1089,0.05021,0.4742,29.57,5.149,60.68,0.08293006,0.1207257,0.1668894,0.1855485,0.33159175,0.3509118,0.3988292,0.43783379999999994,0.0088125,0.9911875,Diurnal Birds of Prey
Birds of Prey: Diurnal Birds of Prey,38,1988,0.2755,0.1149,0.05326,0.5016,31.72,5.471,65.13,0.08958010500000001,0.12858640000000002,0.1793132,0.197874,0.353264,0.37281140000000007,0.4232057,0.46598375,0.0090625,0.9909375,Diurnal Birds of Prey
Birds of Prey: Diurnal Birds of Prey,38,1989,0.291,0.1205,0.05644,0.5275,33.77,5.806,69.46,0.094362385,0.13839680000000001,0.1895504,0.2099455,0.37213375,0.3927622,0.44504940000000004,0.48997260000000004,0.0085,0.9915,Diurnal Birds of Prey
Birds of Prey: Diurnal Birds of Prey,38,1990,0.3052,0.1258,0.05851,0.5541,35.69,6.026,74.03,0.098393515,0.1447599,0.200795,0.22230300000000003,0.38875925,0.410924,0.465655,0.5139492499999999,0.0084375,0.9915625,Diurnal Birds of Prey
Birds of Prey: Diurnal Birds of Prey,38,1991,0.3177,0.1312,0.06205,0.5752,37.4,6.401,77.75,0.10185635,0.149842,0.20705439999999997,0.22947774999999998,0.40579975,0.4284966,0.48636130000000005,0.533116,0.0084375,0.9915625,Diurnal Birds of Prey
Birds of Prey: Diurnal Birds of Prey,38,1992,0.3293,0.1361,0.06158,0.5969,39,6.352,81.65,0.10287519999999999,0.1563747,0.21583960000000002,0.237822,0.421572,0.4443796,0.5047790999999999,0.5531505999999997,0.00825,0.99175,Diurnal Birds of Prey
Birds of Prey: Diurnal Birds of Prey,38,1993,0.3399,0.1412,0.06301,0.616,40.49,6.503,85.16,0.10609324999999999,0.1590489,0.22206180000000003,0.24603525,0.43510575,0.45855,0.5210401,0.57339135,0.00875,0.99125,Diurnal Birds of Prey
Birds of Prey: Diurnal Birds of Prey,38,1994,0.3488,0.146,0.06329,0.6325,41.74,6.534,88.23,0.1104605,0.1620922,0.2254388,0.25052925,0.44669375,0.47204840000000003,0.5369988000000001,0.5889152499999999,0.008625,0.991375,Diurnal Birds of Prey
Birds of Prey: Diurnal Birds of Prey,38,1995,0.3567,0.1496,0.06332,0.6499,42.87,6.536,91.54,0.11060705000000001,0.16586399999999998,0.23113440000000002,0.256505,0.456814,0.48245560000000004,0.5492804000000001,0.60406755,0.0084375,0.9915625,Diurnal Birds of Prey
Birds of Prey: Diurnal Birds of Prey,38,1996,0.3649,0.1529,0.06605,0.6647,44.04,6.828,94.38,0.11341335000000001,0.1697259,0.23721340000000002,0.261787,0.466326,0.4930278,0.5617794,0.6156484499999999,0.0086875,0.9913125,Diurnal Birds of Prey
Birds of Prey: Diurnal Birds of Prey,38,1997,0.3726,0.156,0.06475,0.6782,45.16,6.689,97.04,0.1148176,0.1730349,0.2422594,0.26802950000000003,0.47914225,0.5055734000000001,0.5719177000000001,0.6292980499999999,0.0090625,0.9909375,Diurnal Birds of Prey
Birds of Prey: Diurnal Birds of Prey,38,1998,0.3799,0.1589,0.06694,0.6902,46.21,6.923,99.41,0.12017495,0.178305,0.2471758,0.27333275,0.489246,0.5157388,0.5830808999999999,0.6434095999999999,0.0080625,0.9919375,Diurnal Birds of Prey
Birds of Prey: Diurnal Birds of Prey,38,1999,0.3875,0.1617,0.06811,0.7043,47.33,7.048,102.3,0.12223030000000001,0.1824361,0.2525788,0.2788615,0.49821925,0.5246972000000001,0.5946733000000001,0.6548417999999999,0.007625,0.992375,Diurnal Birds of Prey
Birds of Prey: Diurnal Birds of Prey,38,2000,0.395,0.1639,0.06848,0.7177,48.44,7.087,105,0.126675,0.18549500000000002,0.2580294,0.28567425,0.506424,0.5339686,0.6046657000000001,0.6663145,0.0081875,0.9918125,Diurnal Birds of Prey
Birds of Prey: Diurnal Birds of Prey,38,2001,0.4025,0.166,0.07257,0.7283,49.56,7.527,107.2,0.13042015,0.19169560000000002,0.2646186,0.29094875,0.5160855,0.5431886,0.6148006,0.67704275,0.0086875,0.9913125,Diurnal Birds of Prey
Birds of Prey: Diurnal Birds of Prey,38,2002,0.4098,0.1679,0.07843,0.7383,50.66,8.159,109.2,0.1343357,0.1969765,0.2696566,0.296709,0.5237542500000001,0.55166,0.6243542000000001,0.6867887499999998,0.00825,0.99175,Diurnal Birds of Prey
Birds of Prey: Diurnal Birds of Prey,38,2003,0.4174,0.1697,0.08206,0.7508,51.8,8.553,111.9,0.13763595,0.2025848,0.27451420000000004,0.30294975,0.53241125,0.5611988,0.6347061,0.6976986499999999,0.0069375,0.9930625,Diurnal Birds of Prey
Birds of Prey: Diurnal Birds of Prey,38,2004,0.425,0.171,0.09031,0.7604,52.96,9.452,113.9,0.14344855,0.2073174,0.28251040000000005,0.3089,0.539838,0.5690588,0.6457823,0.7056886,0.0065625,0.9934375,Diurnal Birds of Prey
Birds of Prey: Diurnal Birds of Prey,38,2005,0.4324,0.1725,0.09432,0.7697,54.09,9.891,115.9,0.1496481,0.21311980000000003,0.2875996,0.31586650000000005,0.54794725,0.5777508,0.654026,0.7150287499999997,0.0069375,0.9930625,Diurnal Birds of Prey
Birds of Prey: Diurnal Birds of Prey,38,2006,0.4396,0.1742,0.0984,0.7814,55.21,10.34,118.4,0.15352700000000002,0.21641680000000002,0.2949392,0.32257825,0.55677525,0.5869816,0.6636059,0.7261563999999999,0.00625,0.99375,Diurnal Birds of Prey
Birds of Prey: Diurnal Birds of Prey,38,2007,0.4462,0.1758,0.1004,0.7935,56.24,10.56,121.1,0.15819135,0.2211584,0.299536,0.32838475,0.56453525,0.5946946000000001,0.6721749,0.73640175,0.00575,0.99425,Diurnal Birds of Prey
Birds of Prey: Diurnal Birds of Prey,38,2008,0.452,0.1769,0.1024,0.7998,57.14,10.78,122.5,0.1635506,0.22532180000000002,0.3053916,0.33413825,0.57056575,0.6014286000000001,0.6778219,0.7444171,0.0059375,0.9940625,Diurnal Birds of Prey
Birds of Prey: Diurnal Birds of Prey,38,2009,0.4572,0.1784,0.1063,0.8066,57.97,11.21,124,0.16480820000000002,0.2267203,0.309126,0.33825974999999997,0.57700225,0.6073978,0.6851111,0.7532142000000001,0.006,0.994,Diurnal Birds of Prey
Birds of Prey: Diurnal Birds of Prey,38,2010,0.4621,0.1794,0.1103,0.8129,58.74,11.66,125.4,0.167758,0.231166,0.31286100000000006,0.34257699999999996,0.5827312499999999,0.6126896000000001,0.6917617,0.7607221999999999,0.005875,0.994125,Diurnal Birds of Prey
Birds of Prey: Diurnal Birds of Prey,38,2011,0.4673,0.1809,0.1109,0.8217,59.57,11.73,127.4,0.17090445,0.23414590000000002,0.316726,0.3481945,0.590304,0.6199758,0.7007152,0.7666606499999998,0.005125,0.994875,Diurnal Birds of Prey
Birds of Prey: Diurnal Birds of Prey,38,2012,0.4729,0.182,0.116,0.8281,60.47,12.3,128.9,0.17536395000000002,0.2387071,0.3213588,0.35274,0.5953635,0.6262483999999999,0.7079881,0.7742183,0.004625,0.995375,Diurnal Birds of Prey
Birds of Prey: Diurnal Birds of Prey,38,2013,0.478,0.1828,0.1182,0.8388,61.29,12.55,131.4,0.17835165,0.2438075,0.3259216,0.35675975000000004,0.6013262500000001,0.6331068000000001,0.7148599,0.7786107499999999,0.00475,0.99525,Diurnal Birds of Prey
Birds of Prey: Diurnal Birds of Prey,38,2014,0.4834,0.1836,0.1226,0.8465,62.16,13.04,133.1,0.18250725,0.2468151,0.3298356,0.35947375000000004,0.607145,0.6387656,0.7195471999999999,0.7849335,0.0044375,0.9955625,Diurnal Birds of Prey
Birds of Prey: Diurnal Birds of Prey,38,2015,0.489,0.1845,0.1275,0.8511,63.07,13.6,134.2,0.18643384999999998,0.25275850000000005,0.3337452,0.36604725,0.61279325,0.6452762,0.7272675000000001,0.7939320999999999,0.004,0.996,Diurnal Birds of Prey
Birds of Prey: Diurnal Birds of Prey,38,2016,0.4946,0.1854,0.1316,0.861,63.98,14.06,136.6,0.19005770000000002,0.2563552,0.340047,0.37090475,0.61798425,0.6494228,0.7340858,0.7998234,0.0038125,0.9961875,Diurnal Birds of Prey
Birds of Prey: Diurnal Birds of Prey,38,2017,0.4995,0.1859,0.1335,0.8656,64.79,14.29,137.6,0.1947832,0.26176069999999996,0.343242,0.3746015,0.622471,0.6556302,0.7396240000000001,0.8031116999999998,0.0038125,0.9961875,Diurnal Birds of Prey
Birds of Prey: Diurnal Birds of Prey,38,2018,0.5031,0.1869,0.1362,0.8715,65.38,14.59,139,0.19405135000000004,0.2623193,0.3460318,0.37776275,0.6271915,0.6599737999999999,0.7447937000000002,0.8091571,0.0035625,0.9964375,Diurnal Birds of Prey
Birds of Prey: Diurnal Birds of Prey,38,2019,0.5043,0.1875,0.1354,0.8751,65.58,14.5,139.9,0.19462105000000002,0.26283330000000005,0.34798900000000005,0.37814075,0.62968075,0.6611428,0.7472488,0.8101664,0.0036875,0.9963125,Diurnal Birds of Prey
Birds of Prey: Diurnal Birds of Prey,38,2020,0.5031,0.1877,0.1357,0.875,65.39,14.53,139.9,0.19300945,0.2620233,0.3460958,0.3771405,0.6288835,0.660132,0.7457973999999999,0.8106962999999999,0.0038125,0.9961875,Diurnal Birds of Prey
Birds of Prey: Diurnal Birds of Prey,38,2021,0.5005,0.1879,0.132,0.8709,64.95,14.11,138.9,0.18925085000000003,0.2593223,0.34409439999999997,0.374471,0.6261865,0.6578776000000001,0.7434181,0.8088758,0.00375,0.99625,Diurnal Birds of Prey
Birds of Prey: Diurnal Birds of Prey,38,2022,0.496,0.188,0.1263,0.8657,64.21,13.46,137.7,0.18567755000000002,0.25400690000000004,0.33947760000000005,0.3695595,0.62170875,0.6538588000000001,0.7387256000000001,0.8046826499999999,0.0040625,0.9959375,Diurnal Birds of Prey
Birds of Prey: Owls,38,1970,0,0,0,0,0,0,0,0,0,0,0,0,0,0,0,0,0,Owls
Birds of Prey: Owls,38,1971,-0.00328,0.007916,-0.0198,0.01273,-0.3274,-1.961,1.282,-0.015321695,-0.011781789999999999,-0.008405188000000001,-0.00729052,8.2611725e-4,0.0019132920000000026,0.005245559,0.008849632999999992,0.705375,0.294625,Owls
Birds of Prey: Owls,38,1972,-0.006489,0.01133,-0.03004,0.01631,-0.6468,-2.959,1.644,-0.024795925000000003,-0.01962816,-0.014506,-0.0127654,-1.056915e-4,0.0014917960000000007,0.0064058940000000005,0.011295415,0.7536875,0.2463125,Owls
Birds of Prey: Owls,38,1973,-0.009301,0.01432,-0.03842,0.01944,-0.9258,-3.769,1.963,-0.032128945,-0.026316660000000002,-0.01977122,-0.01757875,-0.0010347525,0.001233786000000004,0.007606315000000005,0.013699079999999988,0.7753125,0.2246875,Owls
Birds of Prey: Owls,38,1974,-0.01192,0.01819,-0.0487,0.02506,-1.185,-4.754,2.537,-0.04138638499999999,-0.03379062,-0.025708500000000002,-0.022711225,-0.0011686625,0.0016972560000000042,0.009906637000000001,0.017364234999999992,0.7715625,0.2284375,Owls
Birds of Prey: Owls,38,1975,-0.01461,0.02299,-0.06152,0.03159,-1.45,-5.967,3.21,-0.052644355,-0.043064809999999995,-0.03228052,-0.028585575000000002,-4.3601524999999997e-4,0.003160070000000002,0.01303725,0.022685274999999994,0.7564375,0.2435625,Owls
Birds of Prey: Owls,38,1976,-0.01727,0.02878,-0.07502,0.04028,-1.712,-7.228,4.111,-0.06494502999999999,-0.05278483,-0.040137179999999995,-0.035325875,6.483627499999999e-4,0.005283715999999999,0.018495960000000002,0.029530964999999992,0.7425,0.2575,Owls
Birds of Prey: Owls,38,1977,-0.01989,0.03428,-0.08877,0.0479,-1.97,-8.494,4.907,-0.07602199,-0.06273943,-0.04738943999999999,-0.041823225,0.0019549175,0.0075439840000000044,0.02210406000000001,0.03603435999999997,0.7306875,0.2693125,Owls
Birds of Prey: Owls,38,1978,-0.02242,0.03987,-0.1028,0.05569,-2.217,-9.768,5.727,-0.08865008,-0.07325095999999999,-0.05452504,-0.047955450000000004,0.0035494875,0.009835322,0.02666114,0.042305834999999986,0.72,0.28,Owls
Birds of Prey: Owls,38,1979,-0.02509,0.04543,-0.1163,0.06432,-2.478,-10.98,6.643,-0.09944158,-0.08279159,-0.0622448,-0.055304475,0.00482814,0.012185720000000011,0.03126667000000001,0.048344044999999954,0.7146875,0.2853125,Owls
Birds of Prey: Owls,38,1980,-0.02825,0.05121,-0.1313,0.07222,-2.786,-12.31,7.49,-0.111901,-0.09265791,-0.07113564,-0.061925024999999995,0.00514,0.01370242,0.03623064,0.055004319999999995,0.7138125,0.2861875,Owls
Birds of Prey: Owls,38,1981,-0.0315,0.05723,-0.1447,0.07969,-3.101,-13.48,8.295,-0.12613225,-0.103783,-0.07858960000000001,-0.069192775,0.00664337,0.015720940000000006,0.04079799000000002,0.06198938,0.711625,0.288375,Owls
Birds of Prey: Owls,38,1982,-0.03556,0.06344,-0.1622,0.08964,-3.494,-14.97,9.378,-0.1403498,-0.1159058,-0.08828838,-0.077691925,0.00634702,0.016400400000000002,0.044490800000000004,0.0675574849999999,0.7144375,0.2855625,Owls
Birds of Prey: Owls,38,1983,-0.04051,0.07026,-0.1817,0.09624,-3.97,-16.61,10.1,-0.15748785,-0.1295307,-0.09870121999999999,-0.086865625,0.005561785,0.01791420000000001,0.048443839999999995,0.07420880499999993,0.72475,0.27525,Owls
Birds of Prey: Owls,38,1984,-0.04443,0.07741,-0.1989,0.1085,-4.346,-18.03,11.46,-0.17328534999999998,-0.14378919999999998,-0.10849360000000001,-0.095380925,0.007081855000000001,0.01988514,0.053342540000000015,0.08289259499999996,0.7214375,0.2785625,Owls
Birds of Prey: Owls,38,1985,-0.04905,0.0842,-0.2181,0.1134,-4.787,-19.6,12.01,-0.18777294999999997,-0.1562624,-0.1186078,-0.1044725,0.007073925,0.021958740000000025,0.058273040000000005,0.088871205,0.722375,0.277625,Owls
Birds of Prey: Owls,38,1986,-0.05339,0.09151,-0.2363,0.1227,-5.199,-21.05,13.06,-0.20526465,-0.1693095,-0.129109,-0.1137195,0.00787944,0.023875880000000002,0.06237490000000001,0.09629287499999992,0.720625,0.279375,Owls
Birds of Prey: Owls,38,1987,-0.05724,0.0985,-0.2531,0.1315,-5.563,-22.36,14.06,-0.21988054999999998,-0.1829018,-0.1396596,-0.12229375,0.0089693775,0.025367160000000007,0.06789911000000001,0.10457889999999996,0.7196875,0.2803125,Owls
Birds of Prey: Owls,38,1988,-0.06164,0.1053,-0.2706,0.1447,-5.978,-23.7,15.56,-0.2339753,-0.19445340000000003,-0.1493032,-0.131955,0.0082960675,0.026337060000000016,0.07331133000000001,0.11117929999999995,0.722125,0.277875,Owls
Birds of Prey: Owls,38,1989,-0.06587,0.1121,-0.2898,0.1536,-6.375,-25.16,16.61,-0.25003010000000003,-0.2072986,-0.15920520000000002,-0.140159,0.00974987,0.027059760000000026,0.07818418,0.1171732999999999,0.7231875,0.2768125,Owls
Birds of Prey: Owls,38,1990,-0.07024,0.119,-0.3064,0.1633,-6.783,-26.39,17.74,-0.26500334999999997,-0.219753,-0.1682238,-0.14916400000000002,0.009798075,0.02785862000000001,0.08068896000000002,0.12581475,0.722125,0.277875,Owls
Birds of Prey: Owls,38,1991,-0.0755,0.1247,-0.3251,0.1661,-7.272,-27.76,18.07,-0.28229709999999997,-0.2340349,-0.17789159999999998,-0.1575055,0.0083293725,0.028329520000000025,0.08388614,0.1280684999999999,0.7270625,0.2729375,Owls
Birds of Prey: Owls,38,1992,-0.08025,0.1302,-0.3413,0.1724,-7.712,-28.91,18.82,-0.29728865000000004,-0.24569069999999998,-0.18674519999999997,-0.16496824999999998,0.0070027475,0.028667340000000006,0.08580115000000003,0.13416654999999997,0.7319375,0.2680625,Owls
Birds of Prey: Owls,38,1993,-0.08523,0.1346,-0.3537,0.1752,-8.17,-29.79,19.15,-0.30717039999999995,-0.2572435,-0.195711,-0.17260275,0.00524618,0.02773540000000001,0.08618792,0.13391609999999982,0.7364375,0.2635625,Owls
Birds of Prey: Owls,38,1994,-0.08933,0.1391,-0.3663,0.1795,-8.545,-30.67,19.67,-0.31817199999999995,-0.2667478,-0.20446119999999998,-0.18071399999999999,0.0045027175000000004,0.027004040000000003,0.08819049000000002,0.13756229999999994,0.74,0.26,Owls
Birds of Prey: Owls,38,1995,-0.09285,0.143,-0.3755,0.1851,-8.867,-31.31,20.34,-0.32889215,-0.2760921,-0.2113328,-0.18667024999999998,0.0026121725,0.027148819999999997,0.09130380000000003,0.14019164999999995,0.7440625,0.2559375,Owls
Birds of Prey: Owls,38,1996,-0.09597,0.1462,-0.384,0.1872,-9.151,-31.89,20.59,-0.3350267,-0.28395529999999997,-0.21791139999999998,-0.19303550000000003,0.0015904925,0.026527360000000028,0.09153281000000002,0.1430094999999999,0.7461875,0.2538125,Owls
Birds of Prey: Owls,38,1997,-0.09809,0.149,-0.39,0.1926,-9.343,-32.3,21.24,-0.34307075,-0.2886223,-0.22138699999999997,-0.1962295,0.0018519600000000002,0.027396400000000036,0.09178443000000001,0.14732089999999998,0.74625,0.25375,Owls
Birds of Prey: Owls,38,1998,-0.09941,0.151,-0.3934,0.1947,-9.462,-32.52,21.49,-0.3470919,-0.2947812,-0.224765,-0.19860575,0.002211495,0.027343360000000008,0.09340882000000005,0.14912684999999998,0.7456875,0.2543125,Owls
Birds of Prey: Owls,38,1999,-0.09937,0.1528,-0.3982,0.1993,-9.459,-32.85,22.05,-0.35143945,-0.2953747,-0.2266282,-0.20095475000000002,0.0036191825,0.02861578000000001,0.09767443,0.15270134999999999,0.743375,0.256625,Owls
Birds of Prey: Owls,38,2000,-0.0989,0.1546,-0.4016,0.2022,-9.417,-33.07,22.41,-0.35572535,-0.2988049,-0.22893760000000002,-0.201181,0.00542505,0.031107940000000004,0.09790243000000001,0.15544624999999998,0.7393125,0.2606875,Owls
Birds of Prey: Owls,38,2001,-0.09795,0.1558,-0.402,0.205,-9.331,-33.1,22.75,-0.35594785,-0.29983529999999997,-0.2291404,-0.20212575,0.0060951075,0.0333958600000001,0.100873,0.15668429999999997,0.737,0.263,Owls
Birds of Prey: Owls,38,2002,-0.09593,0.1569,-0.4031,0.2077,-9.147,-33.18,23.09,-0.35376625,-0.29791840000000003,-0.2279722,-0.20201824999999998,0.0091654225,0.036433660000000034,0.10611140000000009,0.16322594999999993,0.73125,0.26875,Owls
Birds of Prey: Owls,38,2003,-0.09323,0.1579,-0.4035,0.2146,-8.902,-33.2,23.94,-0.35471254999999996,-0.29559219999999997,-0.2262948,-0.200636,0.013815375,0.04026750000000004,0.10928510000000004,0.16716864999999997,0.722,0.278,Owls
Birds of Prey: Owls,38,2004,-0.08956,0.1589,-0.4003,0.2197,-8.567,-32.99,24.57,-0.35143069999999993,-0.2943189,-0.22349779999999997,-0.19734400000000002,0.017557325000000002,0.044113660000000006,0.11350220000000001,0.17129654999999983,0.7133125,0.2866875,Owls
Birds of Prey: Owls,38,2005,-0.08511,0.1597,-0.3999,0.227,-8.159,-32.96,25.48,-0.34916379999999997,-0.2896062,-0.219473,-0.19352925,0.022560575,0.048019720000000016,0.11930140000000002,0.1760798,0.7025,0.2975,Owls
Birds of Prey: Owls,38,2006,-0.08026,0.1607,-0.3961,0.2321,-7.712,-32.7,26.13,-0.3443227,-0.2857143,-0.21539239999999998,-0.18909375,0.027934175,0.05427322000000001,0.124909,0.18451784999999998,0.6895625,0.3104375,Owls
Birds of Prey: Owls,38,2007,-0.07486,0.1614,-0.3931,0.2394,-7.213,-32.5,27.05,-0.34115935,-0.28224559999999993,-0.2104694,-0.1840115,0.03462185,0.061119200000000005,0.13120160000000003,0.19020779999999976,0.6761875,0.3238125,Owls
Birds of Prey: Owls,38,2008,-0.06909,0.1621,-0.3902,0.2459,-6.676,-32.31,27.88,-0.33841285000000004,-0.2771836,-0.2057596,-0.178248,0.03991145,0.06705232,0.1379844,0.19647484999999995,0.6625625,0.3374375,Owls
Birds of Prey: Owls,38,2009,-0.06314,0.1627,-0.3858,0.2532,-6.119,-32.01,28.82,-0.33172025,-0.27128359999999996,-0.19963940000000002,-0.17301275,0.04600365000000001,0.07427502,0.1440663,0.20410304999999992,0.6494375,0.3505625,Owls
Birds of Prey: Owls,38,2010,-0.05699,0.1632,-0.3785,0.2611,-5.54,-31.51,29.83,-0.327909,-0.2663299,-0.1941756,-0.166682,0.052871475,0.08124344000000003,0.15097860000000002,0.21070474999999997,0.6340625,0.3659375,Owls
Birds of Prey: Owls,38,2011,-0.05016,0.1638,-0.3741,0.2669,-4.892,-31.21,30.59,-0.32233510000000004,-0.2599621,-0.1869138,-0.16024075,0.06073235,0.08815588000000008,0.15895540000000002,0.2179218499999999,0.615625,0.384375,Owls
Birds of Prey: Owls,38,2012,-0.04298,0.1645,-0.3684,0.277,-4.207,-30.81,31.92,-0.31491274999999996,-0.2542357,-0.18100019999999997,-0.152862,0.0674261,0.09625498000000003,0.16732809999999998,0.22636259999999997,0.60075,0.39925,Owls
Birds of Prey: Owls,38,2013,-0.0357,0.165,-0.3632,0.287,-3.507,-30.45,33.24,-0.3081312,-0.24803209999999998,-0.1731046,-0.145862,0.07629227499999999,0.103245,0.17427970000000004,0.23559324999999998,0.5825,0.4175,Owls
Birds of Prey: Owls,38,2014,-0.02837,0.1654,-0.357,0.2955,-2.797,-30.02,34.38,-0.3027433,-0.2412336,-0.16605179999999997,-0.13882624999999998,0.0832616,0.11077260000000005,0.1820977,0.2436410999999999,0.5665,0.4335,Owls
Birds of Prey: Owls,38,2015,-0.02138,0.1658,-0.3506,0.3027,-2.115,-29.57,35.34,-0.2965078,-0.2336919,-0.15923939999999998,-0.132288,0.091514725,0.1187104,0.19035080000000001,0.25114309999999995,0.55175,0.44825,Owls
Birds of Prey: Owls,38,2016,-0.01472,0.166,-0.3434,0.311,-1.461,-29.07,36.48,-0.29052959999999994,-0.2269098,-0.1526764,-0.12553999999999998,0.09794530000000001,0.125039,0.19600550000000003,0.25910479999999986,0.537,0.463,Owls
Birds of Prey: Owls,38,2017,-0.008546,0.1663,-0.3391,0.3167,-0.851,-28.76,37.26,-0.2843233,-0.2219679,-0.1468544,-0.11942575,0.10409575,0.13207640000000004,0.2020491,0.26557729999999996,0.52125,0.47875,Owls
Birds of Prey: Owls,38,2018,-0.002976,0.1664,-0.3316,0.3215,-0.2972,-28.23,37.92,-0.2790653,-0.216874,-0.1417502,-0.11361950000000001,0.10988975000000001,0.13766680000000006,0.20788849999999998,0.27236855,0.5099375,0.4900625,Owls
Birds of Prey: Owls,38,2019,0.002022,0.1666,-0.3274,0.3282,0.2024,-27.92,38.84,-0.27422955,-0.2114161,-0.13653679999999999,-0.10897949999999999,0.11506675,0.1428848,0.2136935,0.27663755000000007,0.49825,0.50175,Owls
Birds of Prey: Owls,38,2020,0.006379,0.1667,-0.3227,0.3327,0.6399,-27.58,39.47,-0.26973869999999994,-0.2075694,-0.1318088,-0.10517975000000002,0.11949675,0.14663140000000008,0.218647,0.28184255,0.4873125,0.5126875,Owls
Birds of Prey: Owls,38,2021,0.01021,0.1669,-0.32,0.338,1.026,-27.38,40.21,-0.26628264999999995,-0.2042127,-0.12787379999999998,-0.10126924999999999,0.12370175000000001,0.15083600000000003,0.2233028,0.2851840499999999,0.4790625,0.5209375,Owls
Wetland Birds: All,36,1970,0,0,0,0,0,0,0,0,0,0,0,0,0,0,0,0,0,Wetland Birds
Wetland Birds: All,36,1971,0.00319,0.004975,-0.007008,0.01404,0.3196,-0.6984,1.414,-0.004452562,-0.0020798759999999996,5.8356220000000234e-5,7.4825675e-4,0.005493642500000001,0.006228832,0.008623744,0.01124377,0.195875,0.804125,Wetland Birds
Wetland Birds: All,36,1972,0.006983,0.009569,-0.01253,0.02717,0.7007,-1.245,2.754,-0.008644544499999999,-0.004319188999999999,1.858968000000004e-4,0.0016979175000000001,0.012197000000000001,0.013743500000000002,0.01851961,0.022972814999999997,0.195375,0.804625,Wetland Birds
Wetland Birds: All,36,1973,0.01176,0.01895,-0.02599,0.04978,1.183,-2.566,5.104,-0.019244445,-0.01157521,-0.0034435339999999994,-4.42668e-4,0.023761175000000002,0.027078820000000003,0.035537610000000004,0.04270645999999999,0.257,0.743,Wetland Birds
Wetland Birds: All,36,1974,0.01698,0.02947,-0.04074,0.07535,1.713,-3.992,7.826,-0.03036757,-0.020120649999999993,-0.007459891999999999,-0.002628775,0.036092825,0.04134286,0.054349800000000004,0.06592202,0.2803125,0.7196875,Wetland Birds
Wetland Birds: All,36,1975,0.02136,0.04025,-0.05665,0.1006,2.159,-5.508,10.58,-0.04426794,-0.029441469999999997,-0.012081639999999998,-0.005224089999999999,0.0480839,0.054745920000000003,0.07312354,0.087819565,0.2965625,0.7034375,Wetland Birds
Wetland Birds: All,36,1976,0.02529,0.05129,-0.07585,0.1264,2.561,-7.304,13.48,-0.059553144999999995,-0.039718800000000005,-0.016918759999999994,-0.0083980725,0.05970655,0.06805138000000001,0.09080106,0.10852144999999999,0.3060625,0.6939375,Wetland Birds
Wetland Birds: All,36,1977,0.02923,0.06134,-0.09116,0.1494,2.967,-8.713,16.11,-0.07197985999999999,-0.04939293,-0.02164218,-0.011157249999999999,0.070091175,0.0805932,0.10671620000000002,0.12990699999999997,0.314375,0.685625,Wetland Birds
Wetland Birds: All,36,1978,0.03192,0.07099,-0.1083,0.1711,3.243,-10.27,18.66,-0.08562276,-0.05860140999999999,-0.027716459999999995,-0.01574695,0.07933245,0.09130463999999999,0.1223046,0.14854989999999996,0.323375,0.676625,Wetland Birds
Wetland Birds: All,36,1979,0.03378,0.07927,-0.1231,0.1891,3.436,-11.59,20.82,-0.096919175,-0.06744497,-0.032676859999999995,-0.01960205,0.08671255,0.10042,0.1356042,0.1645707999999999,0.3365625,0.6634375,Wetland Birds
Wetland Birds: All,36,1980,0.03488,0.0875,-0.1379,0.2045,3.55,-12.88,22.69,-0.1092725,-0.07773821,-0.038321919999999995,-0.0236615,0.09410345,0.10904540000000001,0.14707350000000002,0.17784504999999998,0.3446875,0.6553125,Wetland Birds
Wetland Birds: All,36,1981,0.03609,0.09524,-0.1505,0.2221,3.675,-13.98,24.87,-0.12013655000000001,-0.08651469,-0.043767159999999986,-0.027512875,0.10023249999999999,0.116052,0.1586848,0.19287589999999996,0.3505625,0.6494375,Wetland Birds
Wetland Birds: All,36,1982,0.03689,0.102,-0.1637,0.2355,3.758,-15.1,26.56,-0.1311082,-0.09333413999999998,-0.04899517999999999,-0.031546575,0.10567175,0.1227524,0.1673669,0.20534069999999996,0.35525,0.64475,Wetland Birds
Wetland Birds: All,36,1983,0.03789,0.109,-0.1774,0.2545,3.862,-16.25,28.98,-0.14171355,-0.10192029999999999,-0.05378602,-0.0352612,0.11084325,0.1297216,0.17663430000000002,0.21652699999999991,0.36175,0.63825,Wetland Birds
Wetland Birds: All,36,1984,0.03948,0.1144,-0.1852,0.2637,4.026,-16.91,30.18,-0.14898589999999998,-0.10839739999999999,-0.056779859999999995,-0.036966125,0.11709375,0.13655820000000002,0.18528840000000002,0.22638284999999977,0.36175,0.63825,Wetland Birds
Wetland Birds: All,36,1985,0.04152,0.1198,-0.1945,0.2732,4.239,-17.68,31.42,-0.1559454,-0.112753,-0.059152579999999996,-0.038605525,0.12282425,0.14275280000000004,0.1957433,0.23794119999999985,0.3635625,0.6364375,Wetland Birds
Wetland Birds: All,36,1986,0.0444,0.1241,-0.2008,0.2835,4.54,-18.2,32.78,-0.16162744999999998,-0.1150313,-0.059856839999999994,-0.0387537,0.128548,0.14970160000000002,0.20413220000000004,0.24700079999999988,0.3608125,0.6391875,Wetland Birds
Wetland Birds: All,36,1987,0.0479,0.1279,-0.2032,0.2976,4.906,-18.39,34.66,-0.1613564,-0.1165792,-0.060163059999999983,-0.038823375,0.13450875,0.155567,0.2122088,0.25859255,0.353875,0.646125,Wetland Birds
Wetland Birds: All,36,1988,0.05251,0.1314,-0.2052,0.3087,5.391,-18.55,36.17,-0.16376324999999997,-0.11637700000000001,-0.05665499999999999,-0.0337896,0.14106575,0.16325340000000002,0.2218226,0.2690856499999998,0.3439375,0.6560625,Wetland Birds
Wetland Birds: All,36,1989,0.05741,0.135,-0.2063,0.3221,5.909,-18.64,38.01,-0.16474905,-0.11628849999999999,-0.055708999999999995,-0.03308705,0.14880424999999997,0.1711984,0.23029249999999998,0.2792387499999999,0.33375,0.66625,Wetland Birds
Wetland Birds: All,36,1990,0.0627,0.1379,-0.208,0.3336,6.47,-18.78,39.59,-0.16559010000000002,-0.114453,-0.053832319999999996,-0.030521025,0.15480775,0.17856620000000004,0.23979650000000002,0.28866804999999995,0.3205625,0.6794375,Wetland Birds
Wetland Birds: All,36,1991,0.06853,0.1409,-0.2046,0.3454,7.093,-18.5,41.26,-0.16305345,-0.1132426,-0.050997219999999996,-0.026174274999999997,0.16370875,0.18623879999999998,0.24772940000000002,0.30070905000000003,0.31175,0.68825,Wetland Birds
Wetland Birds: All,36,1992,0.0735,0.1435,-0.2049,0.3553,7.627,-18.52,42.66,-0.16343554999999999,-0.1126539,-0.04800362,-0.023542575,0.17035850000000002,0.19533640000000002,0.25475200000000003,0.3085971499999999,0.3044375,0.6955625,Wetland Birds
Wetland Birds: All,36,1993,0.07934,0.1464,-0.2055,0.3659,8.257,-18.57,44.18,-0.1613128,-0.1086787,-0.04504977999999999,-0.021026499999999997,0.178361,0.20295320000000006,0.2656906,0.31894739999999994,0.2945625,0.7054375,Wetland Birds
Wetland Birds: All,36,1994,0.08451,0.1489,-0.2063,0.3773,8.818,-18.64,45.84,-0.16036395,-0.10833059999999999,-0.04117157999999999,-0.015977824999999998,0.18434075,0.20921720000000005,0.27492580000000005,0.33135354999999994,0.2828125,0.7171875,Wetland Birds
Wetland Birds: All,36,1995,0.08955,0.1509,-0.2068,0.3862,9.369,-18.68,47.13,-0.16077184999999997,-0.1053027,-0.037877759999999996,-0.012361325000000001,0.191002,0.2172572,0.2816253,0.3360436999999999,0.2749375,0.7250625,Wetland Birds
Wetland Birds: All,36,1996,0.09356,0.1528,-0.2037,0.3941,9.807,-18.43,48.31,-0.1597271,-0.1023497,-0.034928179999999975,-0.010283150000000001,0.19629924999999998,0.22246280000000002,0.2889282,0.3436971,0.2694375,0.7305625,Wetland Birds
Wetland Birds: All,36,1997,0.09687,0.1548,-0.2052,0.4038,10.17,-18.55,49.75,-0.15911619999999996,-0.1007868,-0.03329001999999999,-0.006912605,0.20124675,0.2283374,0.2952373000000001,0.35060274999999996,0.265,0.735,Wetland Birds
Wetland Birds: All,36,1998,0.09943,0.1565,-0.2074,0.4076,10.45,-18.73,50.32,-0.1598157,-0.10031419999999999,-0.03305873999999999,-0.006942795,0.2051175,0.23149200000000003,0.3002207,0.35571724999999993,0.26325,0.73675,Wetland Birds
Wetland Birds: All,36,1999,0.1012,0.1577,-0.2056,0.4125,10.65,-18.58,51.06,-0.1583745,-0.10104629999999999,-0.031455720000000006,-0.0056700525,0.20692375000000002,0.23382820000000001,0.30245089999999997,0.3617818,0.26175,0.73825,Wetland Birds
Wetland Birds: All,36,2000,0.1025,0.1588,-0.2065,0.4161,10.79,-18.66,51.6,-0.1595877,-0.1015811,-0.030961299999999997,-0.0053636525,0.20913974999999999,0.23537380000000002,0.30555810000000005,0.36409814999999995,0.2606875,0.7393125,Wetland Birds
Wetland Birds: All,36,2001,0.1038,0.1599,-0.2099,0.4202,10.93,-18.93,52.23,-0.15931879999999998,-0.1020258,-0.029025099999999998,-0.0042561025,0.21118925,0.237147,0.3089348,0.367536,0.2598125,0.7401875,Wetland Birds
Wetland Birds: All,36,2002,0.1059,0.1606,-0.2077,0.4248,11.17,-18.75,52.92,-0.15700785,-0.1004678,-0.02849136,-0.0024610475,0.21379700000000001,0.2408692,0.3132895000000001,0.37081175,0.2555,0.7445,Wetland Birds
Wetland Birds: All,36,2003,0.1093,0.1615,-0.2079,0.4284,11.55,-18.77,53.49,-0.15323235000000002,-0.09865381999999999,-0.026452359999999994,4.531835e-4,0.217846,0.2446624,0.31819440000000004,0.37413379999999996,0.2486875,0.7513125,Wetland Birds
Wetland Birds: All,36,2004,0.1145,0.1624,-0.2034,0.437,12.13,-18.41,54.81,-0.15016985,-0.09395404,-0.021739859999999996,0.0039347825,0.223883,0.2502652,0.3234109,0.38339314999999996,0.24175,0.75825,Wetland Birds
Wetland Birds: All,36,2005,0.121,0.1632,-0.1989,0.4476,12.87,-18.04,56.46,-0.14396830000000002,-0.08792176,-0.016293819999999997,0.00991452,0.2307535,0.25752040000000004,0.3300498,0.3905892,0.2315,0.7685,Wetland Birds
Wetland Birds: All,36,2006,0.1286,0.1643,-0.1919,0.4535,13.72,-17.46,57.38,-0.1382908,-0.08110287000000001,-0.010391939999999997,0.0161204,0.239796,0.2667894,0.3391719,0.39959865,0.218125,0.781875,Wetland Birds
Wetland Birds: All,36,2007,0.1369,0.1654,-0.185,0.4633,14.67,-16.89,58.92,-0.13351464999999998,-0.07543312,-0.003285555999999998,0.0233342,0.2469385,0.27647200000000005,0.34780560000000005,0.4108239999999999,0.2055,0.7945,Wetland Birds
Wetland Birds: All,36,2008,0.1456,0.1666,-0.1775,0.4747,15.68,-16.26,60.76,-0.12699905,-0.06773349,0.005066312000000011,0.031383275,0.25639625,0.2862748,0.35813470000000003,0.42161914999999994,0.1925,0.8075,Wetland Birds
Wetland Birds: All,36,2009,0.1546,0.1678,-0.1689,0.4851,16.72,-15.54,62.44,-0.11895014999999998,-0.05995157999999999,0.012446360000000004,0.040344649999999996,0.26637025000000003,0.2961378,0.3701815,0.43184529999999993,0.1785,0.8215,Wetland Birds
Wetland Birds: All,36,2010,0.1636,0.1687,-0.1622,0.493,17.78,-14.97,63.73,-0.1121867,-0.05293948999999999,0.01996932000000001,0.04973775,0.27563325,0.30549319999999996,0.3799216,0.4429245,0.1665,0.8335,Wetland Birds
Wetland Birds: All,36,2011,0.1731,0.1702,-0.1563,0.5076,18.9,-14.47,66.13,-0.10520225,-0.04447883,0.028128660000000003,0.058906375,0.28630325,0.31613940000000007,0.3919758,0.45353704999999994,0.1566875,0.8433125,Wetland Birds
Wetland Birds: All,36,2012,0.1824,0.1716,-0.151,0.5188,20.01,-14.02,68,-0.098758195000000007,-0.03727557,0.037044060000000004,0.067130025,0.29699600000000004,0.32675079999999995,0.40270480000000003,0.4659285999999999,0.145,0.855,Wetland Birds
Wetland Birds: All,36,2013,0.1913,0.1731,-0.1472,0.5308,21.08,-13.69,70.03,-0.09270201,-0.029166489999999996,0.0461203,0.073875525,0.30523900000000004,0.3357112000000001,0.4143629,0.47847255,0.134125,0.865875,Wetland Birds
Wetland Birds: All,36,2014,0.1989,0.1746,-0.1426,0.5424,22.01,-13.29,72.02,-0.08614158,-0.024115979999999992,0.0520091,0.081198325,0.31471175,0.34443420000000013,0.42269180000000006,0.48889399999999994,0.1260625,0.8739375,Wetland Birds
Wetland Birds: All,36,2015,0.2052,0.176,-0.1403,0.5508,22.78,-13.09,73.47,-0.08182740999999999,-0.019699579999999994,0.05713954,0.08674230000000001,0.32249675,0.35163620000000007,0.4310198,0.49512625,0.121125,0.878875,Wetland Birds
Wetland Birds: All,36,2016,0.2093,0.1772,-0.1371,0.5578,23.28,-12.81,74.68,-0.07895743,-0.017304209999999973,0.06005312,0.090067275,0.32746624999999996,0.35587880000000005,0.4347743,0.5017708,0.1189375,0.8810625,Wetland Birds
Wetland Birds: All,36,2017,0.2115,0.1781,-0.1359,0.5604,23.55,-12.71,75.14,-0.07876640499999998,-0.01654396999999999,0.06162086000000001,0.091980275,0.33026,0.35967740000000004,0.44099250000000006,0.5046035999999999,0.11775,0.88225,Wetland Birds
Wetland Birds: All,36,2018,0.2119,0.1788,-0.1368,0.5628,23.6,-12.79,75.55,-0.079027175,-0.017964869999999997,0.06251674000000002,0.09176695,0.33083549999999995,0.361568,0.44173219999999996,0.50665055,0.11875,0.88125,Wetland Birds
Wetland Birds: All,36,2019,0.2109,0.1788,-0.1366,0.5612,23.48,-12.77,75.28,-0.079620635,-0.018821179999999993,0.062022860000000006,0.091099375,0.33024074999999997,0.3605526,0.44037880000000007,0.5053707499999999,0.1195,0.8805,Wetland Birds
Wetland Birds: All,36,2020,0.2087,0.1788,-0.1384,0.5582,23.21,-12.92,74.75,-0.08255835499999999,-0.021474049999999998,0.059345220000000004,0.089114575,0.32749399999999995,0.3580104,0.4385294,0.5027235499999998,0.1218125,0.8781875,Wetland Birds
Wetland Birds: All,36,2021,0.206,0.1788,-0.142,0.556,22.87,-13.24,74.37,-0.085268235,-0.023666979999999994,0.05660988,0.08627760000000001,0.32508625,0.35585539999999993,0.4357138,0.49979505,0.1250625,0.8749375,Wetland Birds
Wetland Birds: All,36,2022,0.2017,0.1789,-0.1452,0.5524,22.35,-13.52,73.75,-0.09015941999999999,-0.028072919999999987,0.051590880000000006,0.082095925,0.32034475,0.3507024000000001,0.4316500000000001,0.49636389999999975,0.1294375,0.8705625,Wetland Birds
Wetland Birds: Wetland Waterfowl,36,1970,0,0,0,0,0,0,0,0,0,0,0,0,0,0,0,0,0,Wetland Waterfowl
Wetland Birds: Wetland Waterfowl,36,1971,0.001275,0.006639,-0.01222,0.0153,0.1276,-1.215,1.542,-0.008949873,-0.005800062999999999,-0.003029958,-0.0021407825,0.00456289,0.0055306900000000004,0.008549957,0.011802845,0.4048125,0.5951875,Wetland Waterfowl
Wetland Birds: Wetland Waterfowl,36,1972,0.003069,0.009662,-0.01641,0.02321,0.3074,-1.628,2.348,-0.012041735,-0.007903925999999999,-0.0037029079999999995,-0.002255745,0.008222275,0.00964422,0.014118110000000003,0.018394309999999983,0.3504375,0.6495625,Wetland Waterfowl
Wetland Birds: Wetland Waterfowl,36,1973,0.005557,0.01312,-0.0208,0.03293,0.5573,-2.058,3.348,-0.01530871,-0.009656963999999999,-0.004013666,-0.002086205,0.01298215,0.01503594,0.020996220000000003,0.026685394999999987,0.3106875,0.6893125,Wetland Waterfowl
Wetland Birds: Wetland Waterfowl,36,1974,0.00841,0.01926,-0.03046,0.04824,0.8446,-3,4.942,-0.022947614999999998,-0.0148702,-0.005668698,-0.0026433775,0.01972595,0.022698020000000003,0.03143386,0.03963076999999999,0.3030625,0.6969375,Wetland Waterfowl
Wetland Birds: Wetland Waterfowl,36,1975,0.01192,0.03067,-0.04971,0.07367,1.199,-4.849,7.646,-0.03840310500000001,-0.025725419999999995,-0.012090499999999999,-0.0070778975,0.0307429,0.03578602,0.04967049,0.062207114999999986,0.335125,0.664875,Wetland Waterfowl
Wetland Birds: Wetland Waterfowl,36,1976,0.01598,0.04392,-0.07095,0.104,1.611,-6.849,10.96,-0.05575249499999999,-0.039125480000000004,-0.01921258,-0.012342849999999999,0.0440877,0.05125376000000001,0.07120501,0.08871689,0.3485,0.6515,Wetland Waterfowl
Wetland Birds: Wetland Waterfowl,36,1977,0.01981,0.05634,-0.0902,0.1314,2.001,-8.625,14.04,-0.07269194999999999,-0.051309579999999994,-0.02652112,-0.017402925,0.056570125,0.06567686,0.09065793000000001,0.11279809999999998,0.3578125,0.6421875,Wetland Waterfowl
Wetland Birds: Wetland Waterfowl,36,1978,0.02317,0.068,-0.1097,0.1573,2.344,-10.39,17.04,-0.08885973000000001,-0.06249383,-0.032783400000000004,-0.021841675,0.06853870000000001,0.07931998000000001,0.10989320000000002,0.13505955,0.363875,0.636125,Wetland Waterfowl
Wetland Birds: Wetland Waterfowl,36,1979,0.02716,0.07939,-0.1301,0.1826,2.753,-12.2,20.04,-0.10405060000000001,-0.07290318999999999,-0.0380924,-0.0247095,0.080478125,0.0931825,0.1270863,0.15740909999999997,0.3650625,0.6349375,Wetland Waterfowl
Wetland Birds: Wetland Waterfowl,36,1980,0.03073,0.09043,-0.149,0.2099,3.121,-13.84,23.35,-0.1164717,-0.08374713,-0.04437627999999999,-0.0290642,0.09133785,0.1069476,0.14636890000000002,0.17940935,0.368875,0.631125,Wetland Waterfowl
Wetland Birds: Wetland Waterfowl,36,1981,0.03504,0.1011,-0.1636,0.2344,3.567,-15.09,26.41,-0.130311,-0.09208427,-0.0497341,-0.0330106,0.10350225,0.12046400000000002,0.16399860000000002,0.2012575499999999,0.3663125,0.6336875,Wetland Waterfowl
Wetland Birds: Wetland Waterfowl,36,1982,0.03978,0.1113,-0.1799,0.2568,4.059,-16.47,29.27,-0.14415595,-0.10077169999999999,-0.05268035999999999,-0.034725124999999996,0.11449050000000001,0.1328418,0.18056190000000003,0.2234668,0.3601875,0.6398125,Wetland Waterfowl
Wetland Birds: Wetland Waterfowl,36,1983,0.04462,0.1202,-0.1923,0.2817,4.563,-17.49,32.53,-0.15375569999999997,-0.10812229999999999,-0.055756679999999996,-0.0349597,0.12463925,0.14410420000000002,0.19752090000000003,0.2423707,0.3549375,0.6450625,Wetland Waterfowl
Wetland Birds: Wetland Waterfowl,36,1984,0.05124,0.1283,-0.2016,0.3039,5.257,-18.26,35.52,-0.15818514999999997,-0.111322,-0.057303059999999996,-0.033952225,0.13620675,0.158146,0.2156659,0.2640007,0.343,0.657,Wetland Waterfowl
Wetland Birds: Wetland Waterfowl,36,1985,0.0598,0.1351,-0.2068,0.3255,6.162,-18.68,38.47,-0.16245895,-0.11203479999999999,-0.053223979999999976,-0.030723649999999998,0.15002274999999998,0.17245760000000004,0.2333711,0.28322469999999994,0.3285,0.6715,Wetland Waterfowl
Wetland Birds: Wetland Waterfowl,36,1986,0.07073,0.1409,-0.203,0.3473,7.33,-18.37,41.52,-0.1609294,-0.1096695,-0.048488840000000005,-0.0241529,0.16436525000000002,0.1876336,0.25182330000000003,0.3017427999999999,0.3064375,0.6935625,Wetland Waterfowl
Wetland Birds: Wetland Waterfowl,36,1987,0.08373,0.1451,-0.1995,0.36870000000000003,8.733,-18.08,44.58,-0.15544025,-0.1014875,-0.038410139999999995,-0.013160749999999999,0.18157600000000002,0.20502760000000003,0.2689846000000001,0.32021605,0.2823125,0.7176875,Wetland Waterfowl
Wetland Birds: Wetland Waterfowl,36,1988,0.09941,0.1492,-0.1909,0.3905,10.45,-17.37,47.78,-0.1463233,-0.09110984,-0.026218479999999992,-0.0027418825,0.19937224999999997,0.22461340000000005,0.2883838,0.3447776499999998,0.255625,0.744375,Wetland Waterfowl
Wetland Birds: Wetland Waterfowl,36,1989,0.1164,0.1526,-0.182,0.4173,12.34,-16.64,51.78,-0.134599,-0.08000473999999999,-0.012779899999999999,0.013262600000000001,0.21813649999999998,0.24338060000000006,0.31079390000000007,0.3674843999999998,0.2229375,0.7770625,Wetland Waterfowl
Wetland Birds: Wetland Waterfowl,36,1990,0.1346,0.1552,-0.1649,0.4428,14.41,-15.2,55.7,-0.11967504999999999,-0.06542343,0.0037986680000000003,0.029756575,0.23864975,0.26328520000000005,0.3325722000000001,0.38847225,0.19425,0.80575,Wetland Waterfowl
Wetland Birds: Wetland Waterfowl,36,1991,0.1545,0.1573,-0.1514,0.4635,16.7,-14.05,58.96,-0.10551775,-0.047702949999999994,0.023253920000000004,0.048457775,0.25893275,0.2858954,0.3548129,0.41448655,0.162,0.838,Wetland Waterfowl
Wetland Birds: Wetland Waterfowl,36,1992,0.1747,0.1592,-0.1336,0.4864,19.09,-12.51,62.65,-0.088502415,-0.029572789999999998,0.04130752,0.06808875,0.281325,0.308673,0.3769304,0.4370323999999999,0.137875,0.862125,Wetland Waterfowl
Wetland Birds: Wetland Waterfowl,36,1993,0.195,0.1612,-0.1195,0.5131,21.53,-11.26,67.04,-0.07010121,-0.011992159999999998,0.059377260000000015,0.08649704999999999,0.30289,0.32991960000000004,0.3991778000000001,0.45974645,0.113875,0.886125,Wetland Waterfowl
Wetland Birds: Wetland Waterfowl,36,1994,0.2147,0.1628,-0.1064,0.5375,23.95,-10.09,71.17,-0.05328332999999999,0.004370447000000007,0.07721506000000002,0.10451250000000001,0.3235,0.35084260000000006,0.42227590000000004,0.4804510499999999,0.095375,0.904625,Wetland Waterfowl
Wetland Birds: Wetland Waterfowl,36,1995,0.2332,0.1646,-0.08847,0.5566,26.27,-8.467,74.47,-0.039467365000000004,0.020873200000000005,0.09464336000000001,0.1225095,0.34278725,0.3719508000000001,0.442859,0.5034142,0.0796875,0.9203125,Wetland Waterfowl
Wetland Birds: Wetland Waterfowl,36,1996,0.2499,0.166,-0.07577,0.5738,28.39,-7.297,77.5,-0.024879784999999984,0.03578436,0.11005760000000002,0.13802275,0.3614125,0.38901640000000004,0.462538,0.5233517,0.067375,0.932625,Wetland Waterfowl
Wetland Birds: Wetland Waterfowl,36,1997,0.2646,0.1674,-0.06319,0.592,30.29,-6.123,80.76,-0.013068194999999996,0.050167920000000005,0.12218799999999999,0.15133125,0.3769365,0.40436859999999997,0.4801836,0.5379712499999999,0.0591875,0.9408125,Wetland Waterfowl
Wetland Birds: Wetland Waterfowl,36,1998,0.2762,0.1684,-0.05312,0.6038,31.81,-5.173,82.91,-0.002734667499999997,0.06027959000000001,0.1324584,0.16130299999999997,0.3899605,0.4172972,0.4929002,0.55279485,0.0515625,0.9484375,Wetland Waterfowl
Wetland Birds: Wetland Waterfowl,36,1999,0.286,0.1692,-0.0478,0.6153,33.12,-4.668,85.01,0.004943976000000007,0.06808997,0.14305520000000002,0.17127699999999998,0.39996125,0.4282896,0.5028195,0.56434345,0.0466875,0.9533125,Wetland Waterfowl
Wetland Birds: Wetland Waterfowl,36,2000,0.2947,0.1705,-0.03895,0.6267,34.28,-3.82,87.13,0.010983665000000005,0.07595055,0.1498432,0.17857725000000002,0.40981075,0.4373618,0.5142531,0.5750997499999999,0.0434375,0.9565625,Wetland Waterfowl
Wetland Birds: Wetland Waterfowl,36,2001,0.3029,0.1714,-0.03208,0.6359,35.38,-3.157,88.87,0.01653400500000002,0.08254409,0.1577152,0.18717825000000002,0.41927325,0.44720160000000003,0.5241388,0.5828678999999999,0.041125,0.958875,Wetland Waterfowl
Wetland Birds: Wetland Waterfowl,36,2002,0.312,0.1726,-0.02849,0.6499,36.62,-2.809,91.54,0.023559865000000006,0.08913968,0.1661126,0.19492749999999998,0.4291575,0.45678280000000004,0.5329775,0.5941620999999997,0.037875,0.962125,Wetland Waterfowl
Wetland Birds: Wetland Waterfowl,36,2003,0.3235,0.1734,-0.01884,0.6632,38.19,-1.866,94.1,0.03423689,0.1011253,0.177399,0.20724274999999998,0.43971375,0.469177,0.5456991,0.6055885499999998,0.03375,0.96625,Wetland Waterfowl
Wetland Birds: Wetland Waterfowl,36,2004,0.3377,0.1746,-0.007817,0.68,40.17,-0.7786,97.39,0.046617055,0.1132581,0.19059940000000003,0.22035875,0.454666,0.48496040000000007,0.5620378,0.6227462500000001,0.0279375,0.9720625,Wetland Waterfowl
Wetland Birds: Wetland Waterfowl,36,2005,0.3548,0.1759,0.008445,0.6982,42.59,0.8481,101,0.06259278500000001,0.1284949,0.20651560000000002,0.2365565,0.47396550000000004,0.5028562000000001,0.5800196,0.64196835,0.023125,0.976875,Wetland Waterfowl
Wetland Birds: Wetland Waterfowl,36,2006,0.3736,0.1772,0.02605,0.7195,45.29,2.639,105.3,0.07873527500000001,0.14438140000000002,0.2262088,0.25484725,0.49352025,0.5245352,0.6003923,0.6645593499999999,0.0175625,0.9824375,Wetland Waterfowl
Wetland Birds: Wetland Waterfowl,36,2007,0.3935,0.1788,0.04205,0.7427,48.21,4.294,110.2,0.09375884500000001,0.1635645,0.2444846,0.27324099999999996,0.5143255,0.5438592000000001,0.6230448000000001,0.6862005999999999,0.0133125,0.9866875,Wetland Waterfowl
Wetland Birds: Wetland Waterfowl,36,2008,0.4144,0.1804,0.06019,0.7666,51.34,6.204,115.2,0.11249034999999999,0.18192930000000002,0.26323399999999997,0.29276674999999996,0.536348,0.5655634,0.6460898,0.70929295,0.010125,0.989875,Wetland Waterfowl
Wetland Birds: Wetland Waterfowl,36,2009,0.4359,0.182,0.07723,0.7896,54.63,8.029,120.2,0.13353474999999998,0.2026027,0.2837854,0.3137465,0.55873825,0.586827,0.6703834000000001,0.7346323999999999,0.00725,0.99275,Wetland Waterfowl
Wetland Birds: Wetland Waterfowl,36,2010,0.4582,0.1838,0.09784,0.8135,58.13,10.28,125.6,0.1546214,0.220553,0.304556,0.33493850000000003,0.58124925,0.6128784,0.6954170000000001,0.75867895,0.0050625,0.9949375,Wetland Waterfowl
Wetland Birds: Wetland Waterfowl,36,2011,0.481,0.1855,0.1183,0.8416,61.77,12.55,132,0.17311330000000003,0.2424884,0.32489900000000005,0.35563225,0.60703725,0.6388756,0.7182415,0.78281705,0.0038125,0.9961875,Wetland Waterfowl
Wetland Birds: Wetland Waterfowl,36,2012,0.5034,0.187,0.1344,0.8629,65.44,14.38,137,0.19206885,0.26489799999999997,0.34590119999999996,0.37706675,0.63030075,0.6618806,0.7440485000000001,0.8098417,0.0028125,0.9971875,Wetland Waterfowl
Wetland Birds: Wetland Waterfowl,36,2013,0.5244,0.1888,0.152,0.8891,68.94,16.42,143.3,0.20923215000000003,0.2820725,0.3648428,0.3962365,0.65221975,0.6842896,0.7667178000000001,0.8336467,0.002125,0.997875,Wetland Waterfowl
Wetland Birds: Wetland Waterfowl,36,2014,0.5425,0.1903,0.169,0.9094,72.03,18.41,148.3,0.22583075,0.29756220000000005,0.38242460000000006,0.41452575,0.671073,0.7043282,0.7872492000000001,0.8546843999999999,0.001875,0.998125,Wetland Waterfowl
Wetland Birds: Wetland Waterfowl,36,2015,0.5575,0.1919,0.1828,0.9301,74.63,20.06,153.5,0.2390786,0.3115251,0.39671540000000005,0.4283625,0.6868635000000001,0.7207764000000001,0.8037358000000001,0.87196065,0.0014375,0.9985625,Wetland Waterfowl
Wetland Birds: Wetland Waterfowl,36,2016,0.5686,0.1937,0.1895,0.9432,76.59,20.87,156.8,0.24784704999999999,0.31990959999999996,0.4060428,0.43798250000000005,0.698517,0.7333888,0.8198386000000001,0.88693005,0.001375,0.998625,Wetland Waterfowl
Wetland Birds: Wetland Waterfowl,36,2017,0.5756,0.195,0.193,0.9537,77.82,21.29,159.5,0.25273055,0.324617,0.41238980000000003,0.44428500000000004,0.7078745,0.7416420000000001,0.8257202,0.89387295,0.001375,0.998625,Wetland Waterfowl
Wetland Birds: Wetland Waterfowl,36,2018,0.5793,0.196,0.1948,0.9588,78.48,21.51,160.9,0.2574768,0.325292,0.4151666,0.44799824999999993,0.7122584999999999,0.7467569999999999,0.8307669000000001,0.9008474999999999,0.0013125,0.9986875,Wetland Waterfowl
Wetland Birds: Wetland Waterfowl,36,2019,0.5807,0.1963,0.1964,0.9602,78.73,21.7,161.2,0.25671065,0.3254433,0.4158874,0.449252,0.71309,0.7480634000000002,0.8334505,0.9025576000000001,0.0014375,0.9985625,Wetland Waterfowl
Wetland Birds: Wetland Waterfowl,36,2020,0.5805,0.1965,0.1956,0.9617,78.7,21.61,161.6,0.25596925000000004,0.3253619,0.4155284,0.44839749999999995,0.7123392500000001,0.7492362,0.8328802,0.9025896499999999,0.0014375,0.9985625,Wetland Waterfowl
Wetland Birds: Wetland Waterfowl,36,2021,0.5795,0.1967,0.1941,0.9624,78.51,21.42,161.8,0.25552084999999997,0.3236485,0.414679,0.446658,0.71183325,0.7474432,0.8317221,0.9018408499999999,0.0014375,0.9985625,Wetland Waterfowl
Wetland Birds: Wetland Waterfowl,36,2022,0.5742,0.197,0.1896,0.9563,77.56,20.87,160.2,0.250423,0.3172912,0.40822359999999996,0.44111225,0.7065755,0.7416482000000001,0.8265991000000001,0.8960060000000001,0.0015,0.9985,Wetland Waterfowl
Wetland Birds: Other Wetland Birds,36,1970,0,0,0,0,0,0,0,0,0,0,0,0,0,0,0,0,0,Other Wetland Birds
Wetland Birds: Other Wetland Birds,36,1971,0.004683,0.007367,-0.01111,0.0204,0.4694,-1.105,2.061,-0.006830666,-0.0029796600000000003,2.432516000000002e-4,0.001265145,0.0080610575,0.009106122000000001,0.012611140000000002,0.016459844999999994,0.18825,0.81175,Other Wetland Birds
Wetland Birds: Other Wetland Birds,36,1972,0.009868,0.01371,-0.01819,0.03837,0.9917,-1.803,3.912,-0.012349549999999999,-0.006654902999999997,-2.2060939999999995e-4,0.00186221,0.017699425,0.019827740000000003,0.026413540000000003,0.03236744999999999,0.2055,0.7945,Other Wetland Birds
Wetland Birds: Other Wetland Birds,36,1973,0.01597,0.0249,-0.03338,0.06697,1.61,-3.283,6.926,-0.02458636,-0.014867990000000001,-0.003971037999999999,1.3342525e-4,0.031669525,0.03563344,0.047238970000000005,0.05661655999999998,0.2474375,0.7525625,Other Wetland Birds
Wetland Birds: Other Wetland Birds,36,1974,0.02178,0.03582,-0.04936,0.09317,2.202,-4.816,9.765,-0.036801165000000004,-0.02332593,-0.0071852819999999994,-0.0015700325,0.0451877,0.051086740000000005,0.06671547000000001,0.08076091999999996,0.2648125,0.7351875,Other Wetland Birds
Wetland Birds: Other Wetland Birds,36,1975,0.02708,0.04672,-0.06518,0.1188,2.745,-6.31,12.62,-0.04974207,-0.03199235,-0.01164358,-0.0039994225,0.058206900000000006,0.0660243,0.08585159999999999,0.1032795,0.2779375,0.7220625,Other Wetland Birds
Wetland Birds: Other Wetland Birds,36,1976,0.03173,0.05753,-0.08176,0.144,3.224,-7.85,15.49,-0.06317434499999999,-0.0424868,-0.015839979999999997,-0.006282837499999999,0.06980095,0.07931264000000002,0.10478660000000001,0.12641125,0.286375,0.713625,Other Wetland Birds
Wetland Birds: Other Wetland Birds,36,1977,0.03523,0.06664,-0.09705,0.1669,3.586,-9.249,18.16,-0.074518935,-0.049740549999999994,-0.02051134,-0.00928489,0.079403325,0.09040514000000005,0.1210422,0.14500089999999993,0.2961875,0.7038125,Other Wetland Birds
Wetland Birds: Other Wetland Birds,36,1978,0.0375,0.07504,-0.1128,0.186,3.822,-10.67,20.44,-0.08725055,-0.05755423999999999,-0.0238331,-0.0125224,0.0872361,0.09967870000000001,0.1339334,0.16248709999999994,0.30725,0.69275,Other Wetland Birds
Wetland Birds: Other Wetland Birds,36,1979,0.03887,0.08279,-0.1252,0.2027,3.964,-11.76,22.48,-0.09827632500000001,-0.06609596000000001,-0.029663959999999996,-0.015735449999999998,0.093376775,0.10811040000000001,0.14526830000000002,0.17488594999999996,0.3186875,0.6813125,Other Wetland Birds
Wetland Birds: Other Wetland Birds,36,1980,0.03932,0.0899,-0.1375,0.2162,4.011,-12.84,24.13,-0.10882475,-0.07520158,-0.035594419999999995,-0.020672899999999998,0.099011625,0.11436,0.1547204,0.1886652,0.3259375,0.6740625,Other Wetland Birds
Wetland Birds: Other Wetland Birds,36,1981,0.03874,0.09691,-0.1518,0.2295,3.95,-14.09,25.8,-0.12254724999999998,-0.08515164,-0.0415327,-0.025335975,0.10472699999999999,0.1207096,0.16206520000000005,0.1975776,0.344875,0.655125,Other Wetland Birds
Wetland Birds: Other Wetland Birds,36,1982,0.03845,0.1027,-0.1628,0.2395,3.92,-15.02,27.06,-0.13159434999999997,-0.09391665999999999,-0.04725439999999998,-0.031043125,0.10799125,0.12526600000000002,0.1694874,0.20610339999999996,0.3541875,0.6458125,Other Wetland Birds
Wetland Birds: Other Wetland Birds,36,1983,0.03788,0.1084,-0.1753,0.2493,3.86,-16.08,28.32,-0.14101755,-0.10153369999999999,-0.052804000000000004,-0.03590265,0.1102825,0.12898,0.1773324,0.2156095499999999,0.362125,0.637875,Other Wetland Birds
Wetland Birds: Other Wetland Birds,36,1984,0.0363,0.1133,-0.1864,0.2569,3.696,-17.01,29.3,-0.15008085,-0.10808609999999999,-0.05968668,-0.0399691,0.11186125000000001,0.13179060000000004,0.1815791,0.22260915,0.3709375,0.6290625,Other Wetland Birds
Wetland Birds: Other Wetland Birds,36,1985,0.03571,0.1178,-0.1961,0.268,3.635,-17.81,30.73,-0.1567216,-0.113661,-0.06500284,-0.044901375,0.115169,0.13436280000000003,0.1863396,0.22934715,0.38275,0.61725,Other Wetland Birds
Wetland Birds: Other Wetland Birds,36,1986,0.03404,0.1217,-0.2061,0.2709,3.462,-18.63,31.12,-0.1646266,-0.1223475,-0.06820472,-0.048593825,0.115568,0.1357346,0.18956640000000002,0.23379359999999993,0.3891875,0.6108125,Other Wetland Birds
Wetland Birds: Other Wetland Birds,36,1987,0.03277,0.1247,-0.2112,0.2772,3.331,-19.04,31.94,-0.172481,-0.1265955,-0.07253059999999999,-0.050450775,0.11596925,0.1367818,0.19364790000000004,0.2389393,0.3973125,0.6026875,Other Wetland Birds
Wetland Birds: Other Wetland Birds,36,1988,0.03118,0.1278,-0.221,0.282,3.167,-19.83,32.57,-0.17928795,-0.1329101,-0.07555587999999999,-0.054130275000000005,0.11614050000000001,0.1379160000000001,0.19449910000000004,0.24109014999999998,0.4030625,0.5969375,Other Wetland Birds
Wetland Birds: Other Wetland Birds,36,1989,0.02987,0.1306,-0.2277,0.2884,3.032,-20.36,33.43,-0.18406950000000002,-0.1356564,-0.079488520000000007,-0.058282875,0.11723675,0.1385080000000001,0.1973012,0.2470590999999999,0.409625,0.590375,Other Wetland Birds
Wetland Birds: Other Wetland Birds,36,1990,0.02783,0.1328,-0.2313,0.2887,2.822,-20.65,33.46,-0.18836585,-0.1413868,-0.08422449999999998,-0.061748875,0.116627,0.1384904,0.1984999,0.2485942,0.42025,0.57975,Other Wetland Birds
Wetland Birds: Other Wetland Birds,36,1991,0.02586,0.1353,-0.2396,0.2938,2.619,-21.31,34.15,-0.1941292,-0.14675329999999998,-0.08712086,-0.06584275,0.11686150000000001,0.13989000000000004,0.19833040000000002,0.2488805999999999,0.4253125,0.5746875,Other Wetland Birds
Wetland Birds: Other Wetland Birds,36,1992,0.02407,0.1378,-0.2458,0.2947,2.436,-21.79,34.27,-0.2008827,-0.1524962,-0.09199974,-0.06945780000000001,0.117665,0.13955360000000006,0.1997971,0.251179,0.43275,0.56725,Other Wetland Birds
Wetland Birds: Other Wetland Birds,36,1993,0.02216,0.1401,-0.2497,0.2957,2.241,-22.1,34.4,-0.20768885,-0.15622089999999997,-0.09587628,-0.073471025,0.1173745,0.14049,0.20084050000000006,0.25219234999999984,0.43825,0.56175,Other Wetland Birds
Wetland Birds: Other Wetland Birds,36,1994,0.02024,0.1424,-0.2595,0.3001,2.045,-22.85,35,-0.21161905,-0.1609395,-0.09957324000000001,-0.075455825,0.116094,0.1398048,0.20193570000000005,0.2555568499999999,0.44425,0.55575,Other Wetland Birds
Wetland Birds: Other Wetland Birds,36,1995,0.01841,0.1445,-0.2687,0.3011,1.858,-23.56,35.13,-0.2182013,-0.1650887,-0.10243959999999999,-0.0790168,0.1152475,0.139263,0.20135840000000002,0.2561591999999999,0.448125,0.551875,Other Wetland Birds
Wetland Birds: Other Wetland Birds,36,1996,0.01631,0.1464,-0.2728,0.3046,1.644,-23.88,35.61,-0.2239342,-0.1700931,-0.1069338,-0.08278795,0.11526600000000001,0.13917060000000006,0.20200680000000004,0.25761464999999995,0.453,0.547,Other Wetland Birds
Wetland Birds: Other Wetland Birds,36,1997,0.01428,0.1483,-0.2781,0.3069,1.438,-24.28,35.92,-0.22912775000000002,-0.1745993,-0.11069179999999998,-0.08599495,0.1146355,0.13814020000000005,0.2024556,0.258105,0.4600625,0.5399375,Other Wetland Birds
Wetland Birds: Other Wetland Birds,36,1998,0.01254,0.1495,-0.2812,0.3084,1.262,-24.52,36.12,-0.23254975,-0.17767119999999997,-0.1138742,-0.089625375,0.11431525000000001,0.13833100000000007,0.2026533,0.2594595999999998,0.4665,0.5335,Other Wetland Birds
Wetland Birds: Other Wetland Birds,36,1999,0.01037,0.1503,-0.2836,0.3058,1.043,-24.7,35.77,-0.23655015000000001,-0.1806795,-0.11685599999999999,-0.091950875,0.11111225000000001,0.13751560000000002,0.20182350000000004,0.25948194999999985,0.4705625,0.5294375,Other Wetland Birds
Wetland Birds: Other Wetland Birds,36,2000,0.008154,0.1514,-0.2893,0.3086,0.8188,-25.12,36.15,-0.24027714999999997,-0.1830705,-0.12009419999999998,-0.09404902500000001,0.109492,0.13495720000000005,0.20025769999999998,0.2583897,0.4774375,0.5225625,Other Wetland Birds
Wetland Birds: Other Wetland Birds,36,2001,0.006063,0.1524,-0.2947,0.3084,0.6081,-25.52,36.13,-0.2435162,-0.1869526,-0.12205080000000001,-0.097108675,0.10849400000000001,0.133406,0.19924260000000002,0.25658129999999996,0.4830625,0.5169375,Other Wetland Birds
Wetland Birds: Other Wetland Birds,36,2002,0.004558,0.1536,-0.297,0.3098,0.4568,-25.7,36.31,-0.24738054999999998,-0.1906378,-0.1254678,-0.09918152499999999,0.10777375,0.1337568,0.19956280000000004,0.25805424999999993,0.487125,0.512875,Other Wetland Birds
Wetland Birds: Other Wetland Birds,36,2003,0.004149,0.1545,-0.3007,0.3103,0.4157,-25.97,36.38,-0.2478166,-0.19249049999999998,-0.1271266,-0.10063724999999998,0.1069015,0.134455,0.20162629999999998,0.26139809999999997,0.4870625,0.5129375,Other Wetland Birds
Wetland Birds: Other Wetland Birds,36,2004,0.004957,0.1551,-0.3009,0.3116,0.4969,-25.98,36.56,-0.2479823,-0.19243629999999998,-0.12655799999999998,-0.1006955,0.10861425,0.1357704,0.2027226,0.2618166,0.4864375,0.5135625,Other Wetland Birds
Wetland Birds: Other Wetland Birds,36,2005,0.006439,0.156,-0.3008,0.3145,0.6459,-25.98,36.96,-0.24952850000000001,-0.19178610000000001,-0.12546419999999997,-0.10004125000000001,0.11134949999999999,0.1371244,0.20515640000000002,0.2650011,0.4823125,0.5176875,Other Wetland Birds
Wetland Birds: Other Wetland Birds,36,2006,0.008671,0.1569,-0.3012,0.3181,0.8709,-26,37.45,-0.2473507,-0.1913397,-0.1238618,-0.098144425,0.11431424999999999,0.1401588,0.20823180000000002,0.26763649999999994,0.4778125,0.5221875,Other Wetland Birds
Wetland Birds: Other Wetland Birds,36,2007,0.01154,0.1575,-0.2992,0.3233,1.161,-25.86,38.17,-0.2442738,-0.1876654,-0.1210048,-0.09578567500000001,0.11899925,0.143833,0.21082250000000005,0.27237144999999996,0.469125,0.530875,Other Wetland Birds
Wetland Birds: Other Wetland Birds,36,2008,0.01413,0.1585,-0.298,0.3276,1.424,-25.77,38.76,-0.24538829999999998,-0.1877066,-0.12037959999999999,-0.094169775,0.1212405,0.14745060000000001,0.2155874,0.27540599999999993,0.4626875,0.5373125,Other Wetland Birds
Wetland Birds: Other Wetland Birds,36,2009,0.01646,0.1595,-0.2965,0.3331,1.66,-25.66,39.53,-0.24341854999999998,-0.18644629999999998,-0.11866079999999998,-0.09282165,0.12411325000000001,0.15003740000000002,0.21793579999999999,0.2794589499999999,0.4581875,0.5418125,Other Wetland Birds
Wetland Birds: Other Wetland Birds,36,2010,0.01886,0.1605,-0.297,0.336,1.904,-25.7,39.93,-0.24302649999999998,-0.18533109999999997,-0.11730959999999999,-0.0902792,0.12669175,0.15385460000000004,0.22262160000000003,0.2840135,0.4535625,0.5464375,Other Wetland Birds
Wetland Birds: Other Wetland Birds,36,2011,0.02136,0.1618,-0.2963,0.341,2.159,-25.64,40.64,-0.24502485000000002,-0.18574169999999998,-0.11472359999999998,-0.08755147499999999,0.12977875,0.15686500000000003,0.22750320000000004,0.28962495,0.446125,0.553875,Other Wetland Birds
Wetland Birds: Other Wetland Birds,36,2012,0.02347,0.1628,-0.296,0.3438,2.374,-25.62,41.03,-0.24250419999999998,-0.1857988,-0.1133236,-0.086295125,0.13203,0.15931320000000004,0.23186120000000002,0.29085954999999997,0.441125,0.558875,Other Wetland Birds
Wetland Birds: Other Wetland Birds,36,2013,0.02581,0.1641,-0.2953,0.3502,2.615,-25.57,41.93,-0.24494939999999998,-0.1851622,-0.11317619999999999,-0.0842002,0.13550625,0.1629914,0.23588140000000005,0.2950989999999999,0.439,0.561,Other Wetland Birds
Wetland Birds: Other Wetland Birds,36,2014,0.02742,0.1653,-0.2943,0.3543,2.78,-25.5,42.52,-0.2447803,-0.18396769999999998,-0.112599,-0.08483495,0.1381305,0.16667000000000004,0.2366976,0.2982658499999998,0.435375,0.564625,Other Wetland Birds
Wetland Birds: Other Wetland Birds,36,2015,0.0288,0.1664,-0.2973,0.3545,2.922,-25.72,42.55,-0.24670114999999998,-0.18308989999999997,-0.11214599999999998,-0.08307097499999999,0.139922,0.1676798,0.24200310000000005,0.30227459999999984,0.4339375,0.5660625,Other Wetland Birds
Wetland Birds: Other Wetland Birds,36,2016,0.02906,0.1678,-0.3003,0.3558,2.949,-25.94,42.74,-0.2496321,-0.18491439999999998,-0.1112966,-0.08426262500000001,0.14048149999999998,0.1696974,0.24298270000000005,0.30615715,0.4313125,0.5686875,Other Wetland Birds
Wetland Birds: Other Wetland Birds,36,2017,0.02879,0.1689,-0.301,0.3565,2.92,-25.99,42.83,-0.2505314,-0.1878749,-0.11277499999999999,-0.085049875,0.14156675,0.17009880000000002,0.24515990000000001,0.3062517999999999,0.43175,0.56825,Other Wetland Birds
Wetland Birds: Other Wetland Birds,36,2018,0.02703,0.1692,-0.3026,0.3543,2.74,-26.11,42.52,-0.25355585,-0.18989209999999998,-0.1148072,-0.0875947,0.14044275,0.16837640000000006,0.24426640000000005,0.30430429999999997,0.4349375,0.5650625,Other Wetland Birds
Wetland Birds: Other Wetland Birds,36,2019,0.02422,0.1695,-0.3077,0.3511,2.452,-26.48,42.06,-0.25686139999999996,-0.1933919,-0.11800659999999998,-0.09046214999999999,0.13796324999999998,0.16624260000000002,0.24161939999999998,0.30135904999999996,0.4425,0.5575,Other Wetland Birds
Wetland Birds: Other Wetland Birds,36,2020,0.02045,0.1695,-0.3105,0.3484,2.066,-26.69,41.68,-0.26079199999999997,-0.1970249,-0.12181560000000001,-0.094296275,0.13445374999999998,0.16227960000000013,0.23814460000000004,0.29823764999999997,0.4515,0.5485,Other Wetland Birds
Wetland Birds: Other Wetland Birds,36,2021,0.0161,0.1696,-0.3149,0.3441,1.623,-27.01,41.07,-0.26501045,-0.20131539999999998,-0.12673620000000002,-0.098474425,0.129721,0.1577744,0.2332925,0.29416839999999994,0.461875,0.538125,Other Wetland Birds
Wetland Birds: Other Wetland Birds,36,2022,0.01111,0.1697,-0.3204,0.3396,1.117,-27.42,40.43,-0.26966635,-0.20626799999999998,-0.1315384,-0.1037035,0.124963,0.1527558,0.2283835,0.28912155000000006,0.473125,0.526875,Other Wetland Birds
Marine Birds: All,34,1970,0,0,0,0,0,0,0,0,0,0,0,0,0,0,0,0,0,Marine Birds
Marine Birds: All,34,1971,0.001139,0.003792,-0.006492,0.008936,0.114,-0.6471,0.8976,-0.004703836999999999,-0.003071476,-0.0014812179999999999,-9.042702500000001e-4,0.00320108,0.003735406,0.005412175,0.0070373829999999995,0.353,0.647,Marine Birds
Marine Birds: All,34,1972,0.002259,0.00545,-0.008904,0.01334,0.2262,-0.8864,1.343,-0.0064490285000000005,-0.004125681,-0.0017497439999999988,-9.549535000000001e-4,0.0054476824999999994,0.006250058,0.008606589999999999,0.011009154999999994,0.3155,0.6845,Marine Birds
Marine Birds: All,34,1973,0.003293,0.006724,-0.0103,0.01696,0.3299,-1.025,1.711,-0.0076040249999999995,-0.004682291,-0.001806326,-7.7476775e-4,0.0073286900000000006,0.008399786000000001,0.011393610000000002,0.014231659999999993,0.290625,0.709375,Marine Birds
Marine Birds: All,34,1974,0.004401,0.008164,-0.01186,0.02089,0.4411,-1.179,2.111,-0.0088319055,-0.005424643999999999,-0.0018989139999999998,-5.902977500000001e-4,0.009421772500000002,0.010753060000000002,0.014279930000000001,0.017632469999999997,0.277875,0.722125,Marine Birds
Marine Birds: All,34,1975,0.005911,0.01031,-0.01454,0.02698,0.5928,-1.444,2.734,-0.01087862,-0.0065658850000000005,-0.0019558839999999997,-3.5269450000000003e-4,0.012116425,0.01381614,0.01834868,0.02275195999999997,0.263875,0.736125,Marine Birds
Marine Birds: All,34,1976,0.007615,0.01516,-0.02256,0.03859,0.7644,-2.231,3.934,-0.01668653,-0.01084131,-0.003911672,-0.00159712,0.016671025,0.019089040000000005,0.026161129999999998,0.032418175,0.287375,0.712625,Marine Birds
Marine Birds: All,34,1977,0.01017,0.02187,-0.03359,0.05409,1.023,-3.303,5.558,-0.025617695000000003,-0.01678181,-0.007226399999999999,-0.0037638524999999996,0.023966324999999997,0.02757274,0.03738746000000001,0.04572907999999996,0.3088125,0.6911875,Marine Birds
Marine Birds: All,34,1978,0.01332,0.02859,-0.04272,0.07007,1.341,-4.182,7.258,-0.033414135,-0.022905,-0.01024398,-0.0053899725,0.0317889,0.036692100000000005,0.04930851,0.06005254999999999,0.3128125,0.6871875,Marine Birds
Marine Birds: All,34,1979,0.01637,0.03542,-0.05348,0.08584,1.651,-5.207,8.963,-0.04160887,-0.02848996,-0.012781899999999997,-0.0069084075,0.039782275,0.045868180000000036,0.06169894000000001,0.07404612999999997,0.3165625,0.6834375,Marine Birds
Marine Birds: All,34,1980,0.01969,0.04061,-0.05925,0.09813,1.988,-5.753,10.31,-0.047024315,-0.03276205,-0.014457719999999995,-0.00730686,0.047094675,0.05371158000000001,0.07130772,0.08562386999999999,0.3111875,0.6888125,Marine Birds
Marine Birds: All,34,1981,0.02327,0.04559,-0.06611,0.1121,2.354,-6.397,11.86,-0.052405465000000005,-0.03536637,-0.014969379999999997,-0.007359765,0.054202675,0.061766720000000004,0.08133317000000001,0.09722027999999998,0.3031875,0.6968125,Marine Birds
Marine Birds: All,34,1982,0.02673,0.05024,-0.07158,0.1248,2.709,-6.907,13.3,-0.056139764999999994,-0.03779587,-0.01514664,-0.006995125,0.061114249999999995,0.06886371999999999,0.09067032000000003,0.10912205,0.2971875,0.7028125,Marine Birds
Marine Birds: All,34,1983,0.03026,0.05444,-0.0765,0.1361,3.072,-7.365,14.58,-0.058697704999999996,-0.03888783999999999,-0.01542412,-0.006592725000000001,0.06707875,0.07612034000000002,0.10002530000000001,0.1186142,0.2885625,0.7114375,Marine Birds
Marine Birds: All,34,1984,0.03395,0.05824,-0.07999,0.1475,3.453,-7.687,15.89,-0.06131240999999999,-0.04002868999999999,-0.015231959999999992,-0.005379645,0.07312305,0.08240666,0.1091076,0.12985544999999998,0.279375,0.720625,Marine Birds
Marine Birds: All,34,1985,0.03739,0.06129,-0.08259,0.1568,3.809,-7.927,16.97,-0.063337675,-0.040976500000000006,-0.014152739999999995,-0.0036651825,0.07872327500000001,0.08904782000000004,0.11534810000000001,0.13745214999999994,0.2710625,0.7289375,Marine Birds
Marine Birds: All,34,1986,0.04069,0.06388,-0.08651,0.1657,4.153,-8.288,18.03,-0.06504636999999999,-0.040619579999999995,-0.013056739999999996,-0.0023780075,0.08390172500000001,0.09447276,0.1222943,0.14557755,0.2626875,0.7373125,Marine Birds
Marine Birds: All,34,1987,0.04404,0.06625,-0.08719,0.1731,4.502,-8.35,18.9,-0.065360135,-0.040817559999999996,-0.010613519999999994,-9.0258175e-5,0.0890528,0.09953296,0.12869670000000002,0.15369119999999994,0.2509375,0.7490625,Marine Birds
Marine Birds: All,34,1988,0.04744,0.06884,-0.08892,0.182,4.858,-8.508,19.96,-0.06778168,-0.04059522,-0.0101084,0.0016235375,0.092665125,0.10499160000000005,0.13550700000000004,0.16193974999999994,0.242625,0.757375,Marine Birds
Marine Birds: All,34,1989,0.05098,0.0719,-0.09079,0.191,5.23,-8.679,21.04,-0.06674595500000001,-0.041551819999999996,-0.009505617999999999,0.00253633,0.09949132499999999,0.11110240000000002,0.14342800000000003,0.17017944999999993,0.2396875,0.7603125,Marine Birds
Marine Birds: All,34,1990,0.05431,0.07464,-0.09336,0.1984,5.581,-8.913,21.94,-0.07050777,-0.040418720000000005,-0.007993996,0.005455419999999999,0.1039505,0.11649840000000002,0.15049230000000002,0.1770039999999999,0.2295,0.7705,Marine Birds
Marine Birds: All,34,1991,0.05755,0.07754,-0.09607,0.2079,5.923,-9.16,23.1,-0.07152406500000001,-0.04126248999999999,-0.007185591999999998,0.0063196625,0.1093315,0.122044,0.15658640000000001,0.1851805,0.226125,0.773875,Marine Birds
Marine Birds: All,34,1992,0.05991,0.0803,-0.1,0.2157,6.174,-9.518,24.07,-0.07325520499999999,-0.04342041,-0.007092757999999995,0.0066282675,0.1136965,0.12722960000000003,0.1626655,0.19139219999999987,0.2246875,0.7753125,Marine Birds
Marine Birds: All,34,1993,0.06201,0.08353,-0.1031,0.2249,6.397,-9.798,25.23,-0.076381675,-0.04604519,-0.00849204,0.0058580625,0.11847350000000001,0.13194560000000002,0.1683214,0.19876714999999998,0.2279375,0.7720625,Marine Birds
Marine Birds: All,34,1994,0.06375,0.08683,-0.1069,0.2327,6.583,-10.14,26.2,-0.07877888499999999,-0.048553530000000004,-0.009384411999999998,0.00532125,0.12212775,0.13589500000000002,0.17463340000000002,0.20695029999999978,0.2330625,0.7669375,Marine Birds
Marine Birds: All,34,1995,0.06509,0.08998,-0.1117,0.2406,6.725,-10.56,27.21,-0.08248339499999999,-0.04971547,-0.010691799999999996,0.0041782775,0.12525975,0.14006120000000002,0.17979620000000002,0.21256649999999996,0.2358125,0.7641875,Marine Birds
Marine Birds: All,34,1996,0.06674,0.09268,-0.1156,0.2482,6.901,-10.92,28.18,-0.08531964500000001,-0.051684549999999996,-0.010841279999999995,0.0050504650000000005,0.12899375000000002,0.14418820000000002,0.18540120000000002,0.22079784999999996,0.233625,0.766375,Marine Birds
Marine Birds: All,34,1997,0.06796,0.09603,-0.1231,0.2569,7.032,-11.58,29.29,-0.08934074,-0.05522229,-0.01251922,0.0036230025,0.13240725,0.1488414,0.1903539,0.22609714999999997,0.23825,0.76175,Marine Birds
Marine Birds: All,34,1998,0.06897,0.09918,-0.127,0.2649,7.14,-11.92,30.33,-0.093821555,-0.05869813,-0.014199319999999991,0.0020654275,0.13577625,0.151974,0.19611890000000004,0.23207904999999995,0.2428125,0.7571875,Marine Birds
Marine Birds: All,34,1999,0.07012,0.1024,-0.1308,0.2698,7.264,-12.26,30.97,-0.09698665999999997,-0.06113821,-0.016590799999999996,0.00120871,0.13900099999999999,0.15625920000000001,0.2008689,0.23807905,0.24625,0.75375,Marine Birds
Marine Birds: All,34,2000,0.07107,0.1055,-0.137,0.2771,7.366,-12.8,31.93,-0.10217005,-0.06438942,-0.017486979999999985,-3.2759025e-4,0.142966,0.1606908,0.20602130000000002,0.24326469999999997,0.251125,0.748875,Marine Birds
Marine Birds: All,34,2001,0.07142,0.1084,-0.1427,0.2833,7.403,-13.3,32.75,-0.1068186,-0.06809327,-0.019006799999999997,-0.001224965,0.14465825000000002,0.1620802,0.2090108,0.24837135,0.2534375,0.7465625,Marine Birds
Marine Birds: All,34,2002,0.07117,0.1107,-0.1491,0.2884,7.376,-13.85,33.43,-0.11145369999999999,-0.06924488,-0.020959279999999997,-0.0038465050000000005,0.145737,0.1643678,0.2122797,0.2532739,0.2621875,0.7378125,Marine Birds
Marine Birds: All,34,2003,0.0709,0.113,-0.1508,0.2922,7.347,-14,33.94,-0.1161533,-0.0734007,-0.02305032,-0.0056052475000000004,0.14702375,0.16535660000000005,0.21524570000000004,0.2563207,0.267375,0.732625,Marine Birds
Marine Birds: All,34,2004,0.06967,0.115,-0.1558,0.2964,7.216,-14.43,34.5,-0.12023284999999997,-0.077173,-0.02661902,-0.0078105325,0.14703750000000002,0.16538760000000002,0.21689,0.25927334999999996,0.2736875,0.7263125,Marine Birds
Marine Birds: All,34,2005,0.0681,0.1165,-0.1611,0.299,7.048,-14.88,34.85,-0.12362084999999999,-0.08099938000000001,-0.029592679999999993,-0.009934085,0.14706349999999999,0.16635260000000002,0.21720670000000003,0.25975094999999987,0.2783125,0.7216875,Marine Birds
Marine Birds: All,34,2006,0.06605,0.1183,-0.1695,0.3021,6.828,-15.59,35.27,-0.1266598,-0.08561855,-0.03376095999999999,-0.01375125,0.14597249999999998,0.16502740000000005,0.21762740000000003,0.26143894999999984,0.2875,0.7125,Marine Birds
Marine Birds: All,34,2007,0.06319,0.12,-0.1722,0.301,6.523,-15.82,35.12,-0.13288904999999998,-0.08921544,-0.03798168,-0.018242775,0.143367,0.16300740000000002,0.21707000000000007,0.26144455,0.3003125,0.6996875,Marine Birds
Marine Birds: All,34,2008,0.05988,0.1219,-0.1784,0.3024,6.171,-16.34,35.31,-0.13899225,-0.09531066999999999,-0.041331179999999995,-0.0222239,0.14205825000000002,0.161734,0.21519140000000003,0.26109279999999996,0.3145625,0.6854375,Marine Birds
Marine Birds: All,34,2009,0.05594,0.1233,-0.1861,0.3015,5.753,-16.98,35.19,-0.14571995000000001,-0.1022534,-0.04717611999999999,-0.026919600000000002,0.1382915,0.15967200000000004,0.2133389,0.260162,0.3223125,0.6776875,Marine Birds
Marine Birds: All,34,2010,0.05157,0.1248,-0.1922,0.3008,5.292,-17.48,35.09,-0.15389425,-0.10858799999999999,-0.05266576,-0.03105775,0.13511525,0.15606240000000005,0.2115595,0.258488,0.3385625,0.6614375,Marine Birds
Marine Birds: All,34,2011,0.04677,0.126,-0.1996,0.2973,4.788,-18.09,34.62,-0.16192510000000002,-0.11432599999999998,-0.058413059999999996,-0.03699845,0.13130675,0.15223020000000004,0.20816170000000003,0.2555351,0.3539375,0.6460625,Marine Birds
Marine Birds: All,34,2012,0.04209,0.1268,-0.2063,0.2947,4.299,-18.64,34.27,-0.16763115,-0.1193548,-0.06377994,-0.042121475,0.12720375,0.148254,0.20450880000000002,0.2533302,0.3679375,0.6320625,Marine Birds
Marine Birds: All,34,2013,0.03746,0.1274,-0.2124,0.2908,3.817,-19.14,33.75,-0.17332879999999998,-0.12574639999999998,-0.06882447999999998,-0.046969924999999996,0.12359125,0.1448102,0.20106039999999997,0.24839635,0.3839375,0.6160625,Marine Birds
Marine Birds: All,34,2014,0.03272,0.1277,-0.2163,0.2879,3.326,-19.45,33.36,-0.17899605,-0.1311413,-0.07403631999999999,-0.05170690000000001,0.11915075000000001,0.14049240000000002,0.1960755,0.2443727499999998,0.4000625,0.5999375,Marine Birds
Marine Birds: All,34,2015,0.02831,0.1281,-0.222,0.2846,2.871,-19.91,32.93,-0.18448185,-0.136109,-0.07877544,-0.057402675,0.11504325000000001,0.13605960000000003,0.19211450000000002,0.24065384999999992,0.412125,0.587875,Marine Birds
Marine Birds: All,34,2016,0.02385,0.1283,-0.2267,0.2787,2.414,-20.28,32.14,-0.18963254999999998,-0.1409792,-0.08367574,-0.0618116,0.1109635,0.13195479999999998,0.18843690000000002,0.2369987,0.427875,0.572125,Marine Birds
Marine Birds: All,34,2017,0.01976,0.1285,-0.2323,0.2759,1.996,-20.73,31.77,-0.19458065,-0.1446582,-0.08774077999999999,-0.066041775,0.10667375,0.1281532,0.18448950000000003,0.23169455,0.4399375,0.5600625,Marine Birds
Marine Birds: All,34,2018,0.01631,0.1286,-0.2357,0.2715,1.644,-21,31.19,-0.19844095,-0.1488425,-0.09111951999999998,-0.06954845,0.10296725,0.12535200000000005,0.18082540000000003,0.22790074999999985,0.4503125,0.5496875,Marine Birds
Marine Birds: All,34,2019,0.0131,0.1288,-0.2393,0.268,1.319,-21.29,30.74,-0.20153644999999998,-0.15222139999999998,-0.09420189999999998,-0.073166425,0.10048175000000001,0.12159980000000004,0.1774528,0.22484125,0.4609375,0.5390625,Marine Birds
Marine Birds: All,34,2020,0.009713,0.1288,-0.2444,0.2654,0.976,-21.68,30.4,-0.20450995,-0.1558757,-0.09725197999999999,-0.075987075,0.0970472,0.118443,0.17479110000000003,0.2212466,0.4715,0.5285,Marine Birds
Marine Birds: All,34,2021,0.006774,0.1289,-0.2465,0.263,0.6797,-21.84,30.08,-0.20705695,-0.1581887,-0.10042380000000001,-0.078995725,0.0939362,0.1152546000000001,0.17116770000000003,0.21866275,0.48025,0.51975,Marine Birds
Forest Birds: All,39,1970,0,0,0,0,0,0,0,0,0,0,0,0,0,0,0,0,0,Forest Birds
Forest Birds: All,39,1971,0.002635,0.005465,-0.008758,0.01414,0.2638,-0.872,1.424,-0.006329852,-0.0036756959999999996,-0.001112554,-3.166785e-4,0.0055765075,0.0064933280000000005,0.009300474,0.011854164999999998,0.2710625,0.7289375,Forest Birds
Forest Birds: All,39,1972,0.00594,0.00949,-0.01258,0.02483,0.5957,-1.251,2.514,-0.009550493,-0.0060276670000000004,-0.0016414779999999996,-7.249375e-5,0.0119711,0.013570780000000001,0.017993000000000002,0.021570415,0.25275,0.74725,Forest Birds
Forest Birds: All,39,1973,0.01011,0.01428,-0.01834,0.03852,1.016,-1.817,3.927,-0.01305252,-0.007829132999999999,-0.00167673,6.991145e-4,0.01961635,0.022133860000000002,0.02859843,0.033775095,0.233375,0.766625,Forest Birds
Forest Birds: All,39,1974,0.01552,0.01953,-0.02232,0.05317,1.564,-2.207,5.461,-0.016207685,-0.009212503,-9.187687999999993e-4,0.0023192225,0.02855795,0.031993100000000003,0.04051358000000001,0.047660054999999986,0.2121875,0.7878125,Forest Birds
Forest Birds: All,39,1975,0.02175,0.0258,-0.02895,0.07182,2.199,-2.854,7.447,-0.02056206,-0.01099279,1.0405732000000177e-4,0.00432654,0.0392251,0.04346168,0.05471281000000001,0.06411089499999999,0.1988125,0.8011875,Forest Birds
Forest Birds: All,39,1976,0.02825,0.0325,-0.03631,0.09201,2.865,-3.566,9.638,-0.025561100000000003,-0.01337434,0.0014644440000000003,0.0067164875,0.049699324999999996,0.055154840000000004,0.06944199000000001,0.081409725,0.18875,0.81125,Forest Birds
Forest Birds: All,39,1977,0.03479,0.03838,-0.04084,0.1094,3.54,-4.002,11.56,-0.02836704,-0.014807899999999999,0.002526520000000004,0.0090712675,0.060272025,0.06680022,0.08359002000000001,0.09806196,0.1815,0.8185,Forest Birds
Forest Birds: All,39,1978,0.04149,0.04383,-0.0453,0.1276,4.237,-4.429,13.61,-0.03100799,-0.01428665,0.004847012,0.012000875,0.071547675,0.07838935999999999,0.09689251000000002,0.11288829999999997,0.1693125,0.8306875,Forest Birds
Forest Birds: All,39,1979,0.04784,0.04888,-0.0484,0.1436,4.9,-4.725,15.44,-0.032532355000000006,-0.014099979999999998,0.0073382000000000065,0.0153857,0.08061585,0.08870963999999999,0.109841,0.12762415,0.1604375,0.8395625,Forest Birds
Forest Birds: All,39,1980,0.05342,0.05329,-0.05085,0.158,5.487,-4.958,17.11,-0.034026005000000005,-0.0143198,0.008307204,0.017579525000000002,0.089589525,0.09815305999999999,0.12099320000000001,0.1409335,0.1584375,0.8415625,Forest Birds
Forest Birds: All,39,1981,0.05909,0.05775,-0.0547,0.1728,6.087,-5.323,18.86,-0.035843135,-0.014297519999999996,0.010803,0.02023875,0.09759075,0.10707620000000001,0.1327133,0.1537644,0.1508125,0.8491875,Forest Birds
Forest Birds: All,39,1982,0.06387,0.06163,-0.0568,0.1853,6.596,-5.522,20.36,-0.037114219999999996,-0.015046199999999992,0.012423880000000002,0.022714775,0.10483724999999999,0.115415,0.1421282,0.16451325,0.1499375,0.8500625,Forest Birds
Forest Birds: All,39,1983,0.06806,0.06564,-0.06015,0.1971,7.043,-5.838,21.79,-0.03901645,-0.015249629999999995,0.013509420000000003,0.023606875,0.11259325,0.123059,0.1513201,0.17627654999999998,0.14925,0.85075,Forest Birds
Forest Birds: All,39,1984,0.07162,0.0693,-0.06551,0.2091,7.425,-6.341,23.26,-0.042962759999999996,-0.01597486,0.014144180000000003,0.02558445,0.11783025000000001,0.1290904,0.15907990000000002,0.18621064999999998,0.1465,0.8535,Forest Birds
Forest Birds: All,39,1985,0.07483,0.07308,-0.06837,0.2182,7.77,-6.608,24.38,-0.045127434999999994,-0.017551039999999997,0.01441652,0.025477125,0.12324725,0.13578559999999998,0.16862560000000001,0.19372630000000002,0.1484375,0.8515625,Forest Birds
Forest Birds: All,39,1986,0.07746,0.07711,-0.07571,0.2297,8.053,-7.291,25.83,-0.048770419999999995,-0.020153229999999998,0.013122300000000003,0.0256064,0.1295905,0.1417824,0.17569569999999998,0.20443509999999998,0.1570625,0.8429375,Forest Birds
Forest Birds: All,39,1987,0.07995,0.08095,-0.08079,0.24,8.323,-7.762,27.13,-0.05266096,-0.02345137,0.012482480000000006,0.026194824999999998,0.13426875,0.14860980000000001,0.1833322,0.2129131,0.1614375,0.8385625,Forest Birds
Forest Birds: All,39,1988,0.08214,0.0847,-0.08555,0.2462,8.561,-8.199,27.91,-0.056841649999999994,-0.02542273,0.011463320000000003,0.025704525,0.13855525000000002,0.15348460000000003,0.190272,0.22168934999999995,0.1640625,0.8359375,Forest Birds
Forest Birds: All,39,1989,0.08397,0.08838,-0.08975,0.2547,8.76,-8.584,29.01,-0.061624155,-0.029159159999999996,0.010051864000000015,0.024522750000000003,0.143182,0.158138,0.1978891,0.22851174999999999,0.1696875,0.8303125,Forest Birds
Forest Birds: All,39,1990,0.08536,0.09146,-0.09393,0.2644,8.911,-8.965,30.27,-0.06702271,-0.03155131,0.008781032000000005,0.024670275000000002,0.14654875,0.16215340000000006,0.2022294,0.2342303499999999,0.1735625,0.8264375,Forest Birds
Forest Birds: All,39,1991,0.08631,0.09415,-0.09896,0.2689,9.014,-9.422,30.86,-0.069464675,-0.03381206,0.007872120000000005,0.022316175,0.14961925,0.166022,0.2063373,0.23897369999999993,0.1773125,0.8226875,Forest Birds
Forest Birds: All,39,1992,0.08651,0.09649,-0.1007,0.2737,9.036,-9.58,31.49,-0.07295926999999999,-0.03700324,0.005509560000000002,0.02100005,0.15205849999999999,0.1680676,0.208644,0.2440432,0.1835,0.8165,Forest Birds
Forest Birds: All,39,1993,0.08534,0.09888,-0.1095,0.2775,8.909,-10.37,31.98,-0.077695435,-0.0407715,0.0021458320000000046,0.019060274999999998,0.1527555,0.16848580000000002,0.21032000000000003,0.24658074999999993,0.194375,0.805625,Forest Birds
Forest Birds: All,39,1994,0.08323,0.1013,-0.1172,0.2811,8.679,-11.06,32.45,-0.08324503999999999,-0.046049129999999994,-0.0022488559999999996,0.015460650000000001,0.15134675,0.1671668,0.2115897,0.24815824999999983,0.206875,0.793125,Forest Birds
Forest Birds: All,39,1995,0.07984,0.1032,-0.1233,0.2821,8.311,-11.6,32.59,-0.090307275,-0.052856709999999994,-0.007502189999999999,0.010818225,0.14922124999999997,0.1661014,0.21076420000000004,0.24787185,0.2198125,0.7801875,Forest Birds
Forest Birds: All,39,1996,0.07501,0.1054,-0.1335,0.2802,7.79,-12.5,32.34,-0.09729829499999999,-0.06083627,-0.014967919999999997,0.0038346425,0.14554175,0.1629874,0.2083443,0.2466264,0.2385,0.7615,Forest Birds
Forest Birds: All,39,1997,0.06876,0.1076,-0.1445,0.2778,7.118,-13.45,32.03,-0.10845945,-0.0688028,-0.02301938,-0.0039165499999999995,0.14060825000000002,0.1581948,0.20506629999999998,0.24523609999999998,0.261625,0.738375,Forest Birds
Forest Birds: All,39,1998,0.06214,0.1099,-0.1559,0.2717,6.411,-14.43,31.21,-0.11796854999999999,-0.07770086999999999,-0.031243319999999998,-0.012634875000000002,0.13656949999999998,0.153866,0.201889,0.2405462999999999,0.2883125,0.7116875,Forest Birds
Forest Birds: All,39,1999,0.05472,0.112,-0.1665,0.2711,5.624,-15.33,31.14,-0.12880695,-0.08853278999999999,-0.039856359999999993,-0.022037725,0.13086675,0.1489196,0.19677840000000002,0.2362348,0.313875,0.686125,Forest Birds
Forest Birds: All,39,2000,0.04753,0.1143,-0.1767,0.2674,4.868,-16.2,30.65,-0.13920174999999999,-0.09892655,-0.04876451999999999,-0.029530125,0.12582475,0.1436718,0.1940742,0.23206059999999995,0.3395625,0.6604375,Forest Birds
Forest Birds: All,39,2001,0.04051,0.1162,-0.1897,0.2639,4.134,-17.28,30.2,-0.15017729999999999,-0.10920769999999999,-0.057165819999999985,-0.037991975,0.11908325,0.1390796,0.1886776,0.22891564999999997,0.3618125,0.6381875,Forest Birds
Forest Birds: All,39,2002,0.03407,0.1182,-0.1988,0.2613,3.466,-18.03,29.86,-0.16050165,-0.11751409999999998,-0.06471650000000001,-0.0454323,0.114026,0.13407280000000002,0.18535040000000003,0.22495404999999982,0.3853125,0.6146875,Forest Birds
Forest Birds: All,39,2003,0.02808,0.1203,-0.2091,0.2611,2.847,-18.86,29.84,-0.17184139999999998,-0.1256524,-0.07418576,-0.052613475,0.10964875,0.1297948,0.18288230000000003,0.22374084999999996,0.4041875,0.5958125,Forest Birds
Forest Birds: All,39,2004,0.02315,0.1226,-0.2181,0.2601,2.342,-19.6,29.71,-0.1796051,-0.13345400000000002,-0.07972571999999999,-0.059343025,0.10643174999999999,0.12608340000000007,0.1800904,0.2230583,0.420125,0.579875,Forest Birds
Forest Birds: All,39,2005,0.01898,0.1242,-0.2264,0.2581,1.916,-20.26,29.44,-0.18605925,-0.1389648,-0.08553813999999998,-0.064934925,0.10406950000000001,0.12376820000000001,0.1777942,0.22164445,0.4379375,0.5620625,Forest Birds
Forest Birds: All,39,2006,0.01524,0.1257,-0.2302,0.2592,1.536,-20.57,29.59,-0.19138565000000002,-0.1458332,-0.09034397999999999,-0.070062175,0.100546,0.12097619999999999,0.1752199,0.22051084999999998,0.4508125,0.5491875,Forest Birds
Forest Birds: All,39,2007,0.01175,0.1267,-0.239,0.2584,1.182,-21.26,29.48,-0.1972226,-0.15066849999999998,-0.09428742,-0.07269210000000001,0.09719929999999999,0.11799600000000002,0.1730489,0.21866344999999998,0.461875,0.538125,Forest Birds
Forest Birds: All,39,2008,0.008807,0.128,-0.2427,0.2578,0.8846,-21.55,29.41,-0.20385325,-0.1544496,-0.09848865999999999,-0.077484375,0.09460822499999999,0.1157976,0.1716164,0.21894644999999996,0.4735625,0.5264375,Forest Birds
Forest Birds: All,39,2009,0.005656,0.129,-0.2484,0.2566,0.5672,-22,29.25,-0.20805449999999998,-0.1599852,-0.1021912,-0.08103232499999999,0.0925926,0.11342640000000002,0.17083030000000005,0.21682594999999993,0.48225,0.51775,Forest Birds
Forest Birds: All,39,2010,0.002639,0.1301,-0.2553,0.2554,0.2643,-22.53,29.1,-0.21350945000000002,-0.1647304,-0.1064762,-0.08502555,0.09021610000000001,0.11117280000000003,0.17019979999999998,0.21454629999999997,0.490125,0.509875,Forest Birds
Forest Birds: All,39,2011,2.121e-4,0.1312,-0.2596,0.2566,0.02121,-22.86,29.25,-0.21708565,-0.1687856,-0.1103014,-0.0884718,0.08803977500000001,0.11019160000000003,0.16803820000000005,0.21372379999999996,0.4983125,0.5016875,Forest Birds
Forest Birds: All,39,2012,-0.002008,0.1321,-0.2632,0.2548,-0.2006,-23.14,29.02,-0.22028230000000001,-0.1716976,-0.1136604,-0.09085987499999999,0.08699965,0.1086942,0.16573810000000008,0.21432689999999996,0.5026875,0.4973125,Forest Birds
Forest Birds: All,39,2013,-0.003394,0.1332,-0.2665,0.2546,-0.3388,-23.39,28.99,-0.22177119999999997,-0.173977,-0.11566619999999998,-0.09254210000000002,0.08711005,0.10888719999999999,0.16608270000000003,0.21367624999999998,0.50775,0.49225,Forest Birds
Forest Birds: All,39,2014,-0.00438,0.1342,-0.2686,0.2556,-0.437,-23.56,29.12,-0.22659814999999997,-0.17686539999999998,-0.1170446,-0.09477695,0.08649717499999998,0.1087072,0.1666218,0.21392935,0.5098125,0.4901875,Forest Birds
Forest Birds: All,39,2015,-0.005074,0.1351,-0.2702,0.2577,-0.5061,-23.68,29.4,-0.22782495,-0.17912219999999998,-0.11906099999999999,-0.09567387499999999,0.0868539,0.10864420000000001,0.1671419,0.2150225499999997,0.5155,0.4845,Forest Birds
Forest Birds: All,39,2016,-0.004911,0.1359,-0.2715,0.2576,-0.4899,-23.77,29.39,-0.2291449,-0.178984,-0.1209348,-0.0954716,0.0867368,0.1105086,0.1672632,0.21625004999999958,0.5135625,0.4864375,Forest Birds
Forest Birds: All,39,2017,-0.004487,0.1368,-0.2749,0.2614,-0.4477,-24.03,29.87,-0.22940314999999997,-0.1819322,-0.1205348,-0.096212125,0.08845602500000001,0.1114096,0.16889950000000004,0.21811559999999977,0.5115,0.4885,Forest Birds
Forest Birds: All,39,2018,-0.004101,0.1376,-0.2755,0.2646,-0.4093,-24.08,30.29,-0.23100079999999998,-0.1821048,-0.119843,-0.09667719999999999,0.0902325,0.1125496,0.17044270000000003,0.21825549999999996,0.5110625,0.4889375,Forest Birds
Forest Birds: All,39,2019,-0.004086,0.1383,-0.2758,0.2649,-0.4077,-24.1,30.33,-0.23336150000000003,-0.18160380000000004,-0.121021,-0.096707675,0.09084729999999999,0.11382300000000002,0.17259450000000007,0.21949579999999996,0.5108125,0.4891875,Forest Birds
Forest Birds: All,39,2020,-0.00441,0.1387,-0.2771,0.2651,-0.4401,-24.2,30.35,-0.23528935,-0.1821389,-0.12147619999999998,-0.09755710000000001,0.090171225,0.11377300000000003,0.172145,0.2197284,0.514,0.486,Forest Birds
Forest Birds: All,39,2021,-0.005497,0.1391,-0.2805,0.2636,-0.5482,-24.46,30.16,-0.23640814999999998,-0.18393829999999997,-0.1225274,-0.098908325,0.08933912499999999,0.11251520000000002,0.1715381,0.2179552,0.516375,0.483625,Forest Birds
Forest Birds: All,39,2022,-0.007685,0.1393,-0.2811,0.2628,-0.7656,-24.5,30.06,-0.23977535,-0.1863223,-0.1251912,-0.1011425,0.0872699,0.11094360000000003,0.16917580000000002,0.21610094999999996,0.5219375,0.4780625,Forest Birds
Forest Birds: Spending the Winter in Canada,39,1970,0,0,0,0,0,0,0,0,0,0,0,0,0,0,0,0,0,Forest Birds Spending the Winter in Canada
Forest Birds: Spending the Winter in Canada,39,1971,0.00632,0.007411,-0.008922,0.02225,0.634,-0.8882,2.25,-0.005525746999999999,-0.0021400739999999996,0.0013254900000000003,0.0024140875,0.010043225,0.01126448,0.0150001,0.018648494999999987,0.1524375,0.8475625,Forest Birds Spending the Winter in Canada
Forest Birds: Spending the Winter in Canada,39,1972,0.01375,0.01179,-0.009989,0.03773,1.384,-0.9939,3.845,-0.005288112499999999,-3.4551789999999976e-4,0.004772984000000001,0.0065723625,0.020735725,0.02262522,0.028056440000000002,0.033048175,0.1046875,0.8953125,Forest Birds Spending the Winter in Canada
Forest Birds: Spending the Winter in Canada,39,1973,0.02295,0.01679,-0.01027,0.056,2.321,-1.022,5.76,-0.004420974,0.0019857400000000015,0.009343798,0.011985474999999999,0.033769425,0.03659868,0.04380308,0.05037485499999998,0.082625,0.917375,Forest Birds Spending the Winter in Canada
Forest Birds: Spending the Winter in Canada,39,1974,0.03431,0.02274,-0.01028,0.07934,3.491,-1.023,8.257,-0.0026241494999999994,0.005609928000000001,0.01582684,0.019412375,0.04941735,0.052912259999999996,0.06273280000000002,0.07100287,0.0625625,0.9374375,Forest Birds Spending the Winter in Canada
Forest Birds: Spending the Winter in Canada,39,1975,0.0472,0.02949,-0.01028,0.1064,4.834,-1.023,11.23,-5.715231999999985e-4,0.009802808,0.022998240000000003,0.027386624999999998,0.066717325,0.07168414000000001,0.08472711,0.09503516499999999,0.0521875,0.9478125,Forest Birds Spending the Winter in Canada
Forest Birds: Spending the Winter in Canada,39,1976,0.0622,0.03664,-0.009465,0.1353,6.418,-0.9421,14.49,0.0031042030000000007,0.015368250000000003,0.03176894,0.037680649999999996,0.086488399999999993,0.09254716,0.10887680000000001,0.12234289999999999,0.042,0.958,Forest Birds Spending the Winter in Canada
Forest Birds: Spending the Winter in Canada,39,1977,0.07755,0.04367,-0.007916,0.1641,8.064,-0.7884,17.84,0.006343567500000001,0.02242789,0.04130674,0.0482798,0.10684125,0.11390620000000001,0.1333473,0.14990864999999995,0.0369375,0.9630625,Forest Birds Spending the Winter in Canada
Forest Birds: Spending the Winter in Canada,39,1978,0.09285,0.04996,-0.007074,0.1905,9.729,-0.7049,20.98,0.009996927500000004,0.02924453,0.051708500000000004,0.0596206,0.12585425,0.134144,0.15668959999999998,0.17546430000000002,0.03375,0.96625,Forest Birds Spending the Winter in Canada
Forest Birds: Spending the Winter in Canada,39,1979,0.1088,0.05645,-0.003775,0.2191,11.49,-0.3768,24.49,0.015687279999999998,0.03673866,0.06257058,0.07166325,0.1465,0.1553244,0.181289,0.2020462,0.0281875,0.9718125,Forest Birds Spending the Winter in Canada
Forest Birds: Spending the Winter in Canada,39,1980,0.124,0.06202,6.816e-4,0.2457,13.2,0.06819,27.85,0.021735020000000004,0.04493206,0.07213340000000001,0.08244032500000001,0.16515049999999998,0.175501,0.2034574,0.22655050000000002,0.0244375,0.9755625,Forest Birds Spending the Winter in Canada
Forest Birds: Spending the Winter in Canada,39,1981,0.1387,0.06739,0.00468,0.2715,14.88,0.4691,31.19,0.027995870000000006,0.052242510000000006,0.08276962,0.09422425,0.18410775,0.19486560000000003,0.2249412,0.24944819999999998,0.021,0.979,Forest Birds Spending the Winter in Canada
Forest Birds: Spending the Winter in Canada,39,1982,0.1519,0.07186,0.011,0.2925,16.41,1.106,33.97,0.03280589000000001,0.060391719999999996,0.09176092,0.10395275000000001,0.20014275,0.2118586,0.24315340000000002,0.26958730000000003,0.0175,0.9825,Forest Birds Spending the Winter in Canada
Forest Birds: Spending the Winter in Canada,39,1983,0.1636,0.07539,0.01411,0.3115,17.77,1.421,36.55,0.037370930000000004,0.06702278,0.10111400000000001,0.11369975,0.21461324999999998,0.22679600000000003,0.25818150000000006,0.28646269999999996,0.01625,0.98375,Forest Birds Spending the Winter in Canada
Forest Birds: Spending the Winter in Canada,39,1984,0.1741,0.07785,0.01897,0.3265,19.02,1.915,38.61,0.044013605,0.07490228,0.108907,0.1222835,0.22614225,0.238811,0.2731068,0.30193205,0.0140625,0.9859375,Forest Birds Spending the Winter in Canada
Forest Birds: Spending the Winter in Canada,39,1985,0.1836,0.08066,0.02303,0.341,20.15,2.33,40.63,0.050985695000000004,0.08105122000000001,0.1163376,0.12979649999999998,0.237626,0.2504388,0.2865875,0.31552549999999996,0.013625,0.986375,Forest Birds Spending the Winter in Canada
Forest Birds: Spending the Winter in Canada,39,1986,0.1912,0.08304,0.0281,0.353,21.07,2.85,42.33,0.05432213,0.08510958,0.1219164,0.1359765,0.2470195,0.2604336,0.29704600000000003,0.32682894999999995,0.0118125,0.9881875,Forest Birds Spending the Winter in Canada
Forest Birds: Spending the Winter in Canada,39,1987,0.1981,0.08509,0.03013,0.3624,21.91,3.059,43.67,0.05830421,0.08926197,0.12640040000000002,0.14150924999999998,0.25496475,0.26914520000000003,0.3072296,0.3364170999999999,0.011625,0.988375,Forest Birds Spending the Winter in Canada
Forest Birds: Spending the Winter in Canada,39,1988,0.204,0.08673,0.03193,0.3725,22.62,3.244,45.14,0.061212595,0.09234609,0.1320528,0.14673124999999998,0.26216849999999997,0.27541840000000006,0.3152656,0.34481894999999996,0.0106875,0.9893125,Forest Birds Spending the Winter in Canada
Forest Birds: Spending the Winter in Canada,39,1989,0.2091,0.08811,0.03478,0.38,23.25,3.539,46.24,0.06371185,0.09500298,0.136038,0.15108825,0.26764275000000004,0.2823076,0.3213732,0.353122,0.009375,0.990625,Forest Birds Spending the Winter in Canada
Forest Birds: Spending the Winter in Canada,39,1990,0.213,0.08907,0.03762,0.386,23.73,3.833,47.11,0.066285435,0.09722143,0.13931680000000002,0.15435174999999998,0.27256425,0.2878818,0.3263692,0.35787009999999997,0.0090625,0.9909375,Forest Birds Spending the Winter in Canada
Forest Birds: Spending the Winter in Canada,39,1991,0.2164,0.09004,0.04024,0.3919,24.16,4.106,47.98,0.06777378,0.09913612,0.14226640000000002,0.15749475000000002,0.276058,0.2921016,0.33034480000000005,0.3634292999999999,0.0088125,0.9911875,Forest Birds Spending the Winter in Canada
Forest Birds: Spending the Winter in Canada,39,1992,0.2199,0.09057,0.04421,0.3967,24.59,4.52,48.69,0.07118207000000003,0.1023061,0.1447566,0.15996074999999998,0.2802915,0.2954258,0.33495120000000006,0.36755395,0.00775,0.99225,Forest Birds Spending the Winter in Canada
Forest Birds: Spending the Winter in Canada,39,1993,0.2229,0.09117,0.04458,0.4022,24.96,4.559,49.52,0.07302815499999998,0.1052,0.1463842,0.1623205,0.2834675,0.2992138,0.3379129,0.3721916,0.0074375,0.9925625,Forest Birds Spending the Winter in Canada
Forest Birds: Spending the Winter in Canada,39,1994,0.2253,0.09189,0.04438,0.4052,25.27,4.538,49.97,0.073981535,0.10801510000000002,0.1480052,0.16360175000000002,0.286849,0.3021458,0.3414641,0.3762445,0.0076875,0.9923125,Forest Birds Spending the Winter in Canada
Forest Birds: Spending the Winter in Canada,39,1995,0.227,0.09268,0.04421,0.4083,25.48,4.52,50.42,0.073961485,0.1083667,0.148663,0.1643845,0.2888925,0.3051558,0.3438745,0.3789661499999999,0.0074375,0.9925625,Forest Birds Spending the Winter in Canada
Forest Birds: Spending the Winter in Canada,39,1996,0.2276,0.09398,0.04279,0.4102,25.56,4.372,50.71,0.07251733499999999,0.10810310000000001,0.148201,0.16476675,0.290751,0.3059968,0.34704320000000005,0.38156224999999994,0.0086875,0.9913125,Forest Birds Spending the Winter in Canada
Forest Birds: Spending the Winter in Canada,39,1997,0.2274,0.09573,0.03715,0.4148,25.53,3.785,51.41,0.069493105,0.1038328,0.147636,0.16381225,0.29135175,0.3071642,0.34861830000000005,0.3832838999999999,0.0095,0.9905,Forest Birds Spending the Winter in Canada
Forest Birds: Spending the Winter in Canada,39,1998,0.2256,0.09808,0.03269,0.4169,25.31,3.323,51.72,0.06386193999999999,0.09994496000000001,0.1433512,0.16019075,0.29128149999999997,0.30753820000000004,0.35129440000000006,0.38637715,0.0115625,0.9884375,Forest Birds Spending the Winter in Canada
Forest Birds: Spending the Winter in Canada,39,1999,0.2227,0.101,0.02483,0.4199,24.95,2.514,52.17,0.056625180000000004,0.09371681,0.1381282,0.15575224999999998,0.29067299999999996,0.30727380000000004,0.3516413,0.38691624999999985,0.014875,0.985125,Forest Birds Spending the Winter in Canada
Forest Birds: Spending the Winter in Canada,39,2000,0.2186,0.1044,0.01333,0.4217,24.43,1.342,52.45,0.046418295000000005,0.08466491,0.1315194,0.14914100000000002,0.28870125,0.3067652,0.35160220000000003,0.38919244999999997,0.01825,0.98175,Forest Birds Spending the Winter in Canada
Forest Birds: Spending the Winter in Canada,39,2001,0.2132,0.108,0.00173,0.425,23.76,0.1731,52.96,0.036397460000000006,0.07498990000000001,0.1227386,0.14016974999999998,0.285654,0.3033554,0.3516268,0.39098239999999995,0.0241875,0.9758125,Forest Birds Spending the Winter in Canada
Forest Birds: Spending the Winter in Canada,39,2002,0.2072,0.1122,-0.01211,0.4284,23.02,-1.204,53.49,0.022516975,0.06426743,0.1134386,0.13226325,0.28232,0.3006216,0.35222339999999996,0.39202159999999997,0.031875,0.968125,Forest Birds Spending the Winter in Canada
Forest Birds: Spending the Winter in Canada,39,2003,0.201,0.1161,-0.02553,0.4314,22.26,-2.521,53.93,0.009975317000000001,0.051546650000000006,0.10379859999999999,0.1225135,0.27857325,0.2982452,0.349463,0.39211435000000006,0.04275,0.95725,Forest Birds Spending the Winter in Canada
Forest Birds: Spending the Winter in Canada,39,2004,0.1945,0.1198,-0.04099,0.4326,21.47,-4.016,54.13,-0.003339105499999999,0.042517440000000004,0.09381992,0.1143795,0.27445825,0.29426640000000004,0.3479522,0.3920142999999999,0.053,0.947,Forest Birds Spending the Winter in Canada
Forest Birds: Spending the Winter in Canada,39,2005,0.1886,0.123,-0.05211,0.4318,20.76,-5.078,54,-0.013064425,0.03157605000000001,0.08599728000000001,0.10622825000000001,0.270436,0.290994,0.3458156,0.39095679999999994,0.06275,0.93725,Forest Birds Spending the Winter in Canada
Forest Birds: Spending the Winter in Canada,39,2006,0.1841,0.1254,-0.06271,0.4316,20.22,-6.079,53.97,-0.021446565,0.023660940000000005,0.07929760000000001,0.099213125,0.2681325,0.2874732,0.34525340000000004,0.39162175,0.07075,0.92925,Forest Birds Spending the Winter in Canada
Forest Birds: Spending the Winter in Canada,39,2007,0.181,0.127,-0.06852,0.4292,19.84,-6.622,53.61,-0.02849667,0.01929376,0.07437626,0.09664102499999999,0.26532775,0.286455,0.34317200000000003,0.39194905,0.0758125,0.9241875,Forest Birds Spending the Winter in Canada
Forest Birds: Spending the Winter in Canada,39,2008,0.1786,0.1281,-0.07445,0.4289,19.55,-7.174,53.55,-0.031930770000000004,0.01489231,0.07093604,0.09245955,0.26377675,0.2848432000000001,0.34220480000000003,0.3907118499999999,0.080125,0.919875,Forest Birds Spending the Winter in Canada
Forest Birds: Spending the Winter in Canada,39,2009,0.1766,0.1291,-0.07782,0.4304,19.31,-7.487,53.78,-0.034425370000000004,0.01268723000000002,0.068523,0.089753425,0.26277649999999997,0.28497240000000007,0.34159439999999996,0.38940939999999996,0.084125,0.915875,Forest Birds Spending the Winter in Canada
Forest Birds: Spending the Winter in Canada,39,2010,0.1749,0.1296,-0.08261,0.4289,19.11,-7.929,53.55,-0.037859655,0.01087888,0.06660396,0.0874074,0.26210225,0.2825124,0.339946,0.38823559999999996,0.08625,0.91375,Forest Birds Spending the Winter in Canada
Forest Birds: Spending the Winter in Canada,39,2011,0.1734,0.1302,-0.0839,0.428,18.94,-8.047,53.43,-0.03965036499999999,0.008170011000000003,0.06398644,0.086358225,0.26050425,0.2813612000000001,0.33968480000000006,0.3872952,0.0885,0.9115,Forest Birds Spending the Winter in Canada
Forest Birds: Spending the Winter in Canada,39,2012,0.1717,0.1306,-0.08481,0.4271,18.73,-8.132,53.28,-0.043115114999999996,0.006172054000000004,0.062355420000000016,0.083677875,0.258979,0.2800916,0.3400646,0.3858038999999999,0.0921875,0.9078125,Forest Birds Spending the Winter in Canada
Forest Birds: Spending the Winter in Canada,39,2013,0.1699,0.1312,-0.08878,0.4265,18.51,-8.495,53.19,-0.044591494999999995,0.003563087,0.059793860000000004,0.08239785,0.25786925,0.279194,0.3380681,0.38495729999999995,0.09575,0.90425,Forest Birds Spending the Winter in Canada
Forest Birds: Spending the Winter in Canada,39,2014,0.1681,0.1317,-0.09351,0.427,18.3,-8.927,53.27,-0.047575585000000004,0.0019284960000000024,0.057862540000000004,0.079734625,0.25704825000000003,0.2780766,0.3377571,0.38440549999999996,0.097875,0.902125,Forest Birds Spending the Winter in Canada
Forest Birds: Spending the Winter in Canada,39,2015,0.1664,0.1323,-0.09536,0.425,18.11,-9.095,52.96,-0.050417985,-0.0017186159999999999,0.0552568,0.077664675,0.25509425,0.2776456,0.3372653,0.38298385,0.1021875,0.8978125,Forest Birds Spending the Winter in Canada
Forest Birds: Spending the Winter in Canada,39,2016,0.1647,0.1326,-0.09616,0.4258,17.9,-9.168,53.08,-0.05351252,-0.003159016999999999,0.053718600000000005,0.07523685,0.25369600000000003,0.27490840000000005,0.3356019,0.3819006499999999,0.1044375,0.8955625,Forest Birds Spending the Winter in Canada
Forest Birds: Spending the Winter in Canada,39,2017,0.1631,0.133,-0.09803,0.4248,17.71,-9.338,52.93,-0.056689595,-0.005670757999999995,0.05177434,0.073120175,0.2523395,0.273678,0.33422360000000007,0.3813818,0.108125,0.891875,Forest Birds Spending the Winter in Canada
Forest Birds: Spending the Winter in Canada,39,2018,0.1613,0.1333,-0.1016,0.4242,17.5,-9.664,52.84,-0.05886306499999999,-0.008260954999999999,0.04961456,0.07093895,0.25026425,0.27224760000000003,0.3322103,0.3799917999999998,0.1106875,0.8893125,Forest Birds Spending the Winter in Canada
Forest Birds: Spending the Winter in Canada,39,2019,0.1589,0.1335,-0.105,0.4216,17.22,-9.963,52.44,-0.06062747499999999,-0.010580829999999998,0.04685758,0.06857855,0.24766375,0.2706112,0.3304384,0.379033,0.115875,0.884125,Forest Birds Spending the Winter in Canada
Forest Birds: Spending the Winter in Canada,39,2020,0.1555,0.1336,-0.1082,0.419,16.83,-10.26,52.05,-0.06341477499999999,-0.013669809999999994,0.04394244,0.0651604,0.24480349999999998,0.2668304,0.32701410000000003,0.3767801999999998,0.120375,0.879625,Forest Birds Spending the Winter in Canada
Forest Birds: Spending the Winter in Canada,39,2021,0.1514,0.1338,-0.112,0.4147,16.35,-10.59,51.39,-0.06724186,-0.017884799999999996,0.039600420000000004,0.0611507,0.2407585,0.26288220000000007,0.32340670000000005,0.37222415000000003,0.1265,0.8735,Forest Birds Spending the Winter in Canada
Forest Birds: Spending the Winter in Canada,39,2022,0.143,0.1339,-0.1208,0.4058,15.37,-11.38,50.05,-0.07544053999999999,-0.02654387999999999,0.030769560000000005,0.051960425000000005,0.23236050000000003,0.2548022000000001,0.3152727,0.36449279999999995,0.141625,0.858375,Forest Birds Spending the Winter in Canada
Arctic Birds: All,47,1970,0,0,0,0,0,0,0,0,0,0,0,0,0,0,0,0,0,Arctic Birds
Arctic Birds: All,47,1971,-0.005659,0.00516,-0.01623,0.004596,-0.5643,-1.61,0.4607,-0.013911065,-0.01157511,-0.009355456,-0.008650915,-0.0027072575,-0.0018821239999999996,3.8430380000000007e-4,0.0023987299999999965,0.8873125,0.1126875,Arctic Birds
Arctic Birds: All,47,1972,-0.01149,0.007176,-0.02571,0.002868,-1.143,-2.538,0.2872,-0.02298872,-0.02002734,-0.017013539999999997,-0.015930725,-0.0070974325000000005,-0.005969011999999999,-0.0029548009999999982,-1.1055990000000026e-4,0.9514375,0.0485625,Arctic Birds
Arctic Birds: All,47,1973,-0.01764,0.00869,-0.03524,-3.714e-4,-1.749,-3.463,-0.03714,-0.031800594999999994,-0.02818419,-0.024467839999999998,-0.0230768,-0.012121175,-0.010747399999999999,-0.007117098999999998,-0.003872061000000015,0.976625,0.023375,Arctic Birds
Arctic Birds: All,47,1974,-0.02413,0.009892,-0.04384,-0.004559,-2.384,-4.289,-0.4549,-0.040259555,-0.03646915,-0.03196202,-0.030394225,-0.0179118,-0.01630572,-0.012024999999999997,-0.008191029500000004,0.990125,0.009875,Arctic Birds
Arctic Birds: All,47,1975,-0.0308,0.01108,-0.05268,-0.008686,-3.033,-5.132,-0.8648,-0.048997025,-0.04468595,-0.0396841,-0.0378886,-0.023711425,-0.02192284,-0.01701176,-0.012687795000000007,0.9955,0.0045,Arctic Birds
Arctic Birds: All,47,1976,-0.03765,0.01205,-0.06186,-0.01376,-3.695,-5.999,-1.367,-0.05728787,-0.052536919999999994,-0.04745007999999999,-0.0454815,-0.029846249999999998,-0.02797226,-0.02261838,-0.01797730500000001,0.99775,0.00225,Arctic Birds
Arctic Birds: All,47,1977,-0.04361,0.01316,-0.06985,-0.01743,-4.267,-6.746,-1.728,-0.06521035,-0.06000042,-0.05419474,-0.052067,-0.0352145,-0.033094359999999996,-0.02710331,-0.022015175000000005,0.9985,0.0015,Arctic Birds
Arctic Birds: All,47,1978,-0.04877,0.01485,-0.07795,-0.01872,-4.76,-7.499,-1.855,-0.07303649499999999,-0.06739672,-0.06068654,-0.05839155,-0.039360400000000004,-0.03692464,-0.03019285,-0.024401355000000003,0.9985625,0.0014375,Arctic Birds
Arctic Birds: All,47,1979,-0.05336,0.01714,-0.0873,-0.019,-5.196,-8.36,-1.882,-0.08093120000000001,-0.07466133999999999,-0.06710888000000001,-0.06434435,-0.042550275000000005,-0.0397967,-0.03176007999999999,-0.02520243,0.99725,0.00275,Arctic Birds
Arctic Birds: All,47,1980,-0.05705,0.02063,-0.09768,-0.01537,-5.545,-9.306,-1.525,-0.089995965,-0.08232945,-0.0734519,-0.0702355,-0.044224849999999996,-0.040700719999999996,-0.031216249999999997,-0.022842840000000024,0.993,0.007,Arctic Birds
Arctic Birds: All,47,1981,-0.05823,0.02354,-0.1053,-0.01069,-5.656,-9.991,-1.063,-0.095858575,-0.08699950999999999,-0.07724692,-0.073513575,-0.043250875,-0.03942821999999999,-0.028584979999999996,-0.019116605000000002,0.9889375,0.0110625,Arctic Birds
Arctic Birds: All,47,1982,-0.05876,0.02743,-0.1127,-0.004025,-5.707,-10.66,-0.4017,-0.1026617,-0.09291529,-0.08134385999999999,-0.07677334999999999,-0.041106500000000004,-0.03629345999999999,-0.024009529999999998,-0.013581060000000011,0.9805625,0.0194375,Arctic Birds
Arctic Birds: All,47,1983,-0.05935,0.03149,-0.1211,0.004146,-5.762,-11.41,0.4155,-0.11088554999999999,-0.09869466,-0.08494746,-0.080105725,-0.038778075,-0.03364635999999999,-0.01985040999999999,-0.0071901870000000015,0.9678125,0.0321875,Arctic Birds
Arctic Birds: All,47,1984,-0.06052,0.03624,-0.1314,0.012,-5.873,-12.31,1.207,-0.1192413,-0.10626139999999999,-0.09002734,-0.084145575,-0.036616725,-0.030774019999999996,-0.014641209999999995,-7.293565000000236e-4,0.9520625,0.0479375,Arctic Birds
Arctic Birds: All,47,1985,-0.06203,0.04141,-0.1426,0.02089,-6.014,-13.29,2.111,-0.12920035000000002,-0.113811,-0.09608828,-0.089754175,-0.03483647499999999,-0.027837579999999983,-0.009433603999999984,0.006434890499999993,0.93275,0.06725,Arctic Birds
Arctic Birds: All,47,1986,-0.06494,0.04669,-0.1559,0.02823,-6.287,-14.43,2.863,-0.141013,-0.12443610000000001,-0.1037964,-0.09575937500000001,-0.033896425,-0.02603676,-0.005494604999999997,0.012318719999999948,0.9183125,0.0816875,Arctic Birds
Arctic Birds: All,47,1987,-0.06801,0.05161,-0.1694,0.03243,-6.575,-15.58,3.296,-0.15254375,-0.1331679,-0.11091399999999998,-0.10254450000000001,-0.03309155,-0.02470174,-0.002377795999999997,0.01643074999999999,0.908125,0.091875,Arctic Birds
Arctic Birds: All,47,1988,-0.07203,0.05651,-0.1823,0.03789,-6.95,-16.67,3.862,-0.16364655,-0.1436418,-0.11867739999999999,-0.10996175000000001,-0.03446065,-0.025082239999999978,-1.4388929999999475e-4,0.021078879999999994,0.90025,0.09975,Arctic Birds
Arctic Birds: All,47,1989,-0.07616,0.0616,-0.1977,0.04454,-7.333,-17.94,4.554,-0.17656584999999997,-0.1535232,-0.12773759999999998,-0.1177285,-0.0350908,-0.02466755999999999,0.0026676620000000155,0.023916044999999966,0.891875,0.108125,Arctic Birds
Arctic Birds: All,47,1990,-0.08052,0.0668,-0.2104,0.04941,-7.736,-18.97,5.065,-0.18921049999999998,-0.1657209,-0.1367412,-0.12580124999999998,-0.035582975,-0.024554579999999993,0.005731371000000004,0.028749779999999937,0.8855,0.1145,Arctic Birds
Arctic Birds: All,47,1991,-0.08503,0.07225,-0.2251,0.05592,-8.152,-20.16,5.751,-0.20356970000000002,-0.17752649999999998,-0.14582820000000002,-0.13399475,-0.03665275,-0.024382219999999996,0.007774854000000019,0.03213997999999997,0.8789375,0.1210625,Arctic Birds
Arctic Birds: All,47,1992,-0.08894,0.07723,-0.2423,0.06296,-8.51,-21.52,6.498,-0.21463025,-0.18704010000000001,-0.1541744,-0.14062175,-0.0374715,-0.02437839999999999,0.009714606000000002,0.03760938999999997,0.8766875,0.1233125,Arctic Birds
Arctic Birds: All,47,1993,-0.09261,0.08268,-0.257,0.06988,-8.845,-22.66,7.238,-0.2285539,-0.1982271,-0.16234500000000002,-0.14756475000000002,-0.037020550000000006,-0.02311329999999999,0.013073550000000028,0.04327956499999999,0.8704375,0.1295625,Arctic Birds
Arctic Birds: All,47,1994,-0.09567,0.08809,-0.2688,0.07545,-9.123,-23.57,7.837,-0.24089699999999997,-0.20860389999999998,-0.1689858,-0.15375775,-0.036188950000000004,-0.02178521999999999,0.016678190000000006,0.049991734999999995,0.8634375,0.1365625,Arctic Birds
Arctic Birds: All,47,1995,-0.09893,0.09396,-0.2834,0.08736,-9.42,-24.68,9.129,-0.25314825,-0.2187449,-0.1768344,-0.16124975,-0.035366675,-0.020658039999999996,0.02066509000000001,0.05703712999999978,0.8555,0.1445,Arctic Birds
Arctic Birds: All,47,1996,-0.1019,0.09935,-0.2963,0.09337,-9.685,-25.64,9.787,-0.26585475000000003,-0.22868370000000002,-0.18522119999999997,-0.16831600000000002,-0.035988125,-0.019671719999999983,0.025175680000000013,0.06132355999999998,0.85,0.15,Arctic Birds
Arctic Birds: All,47,1997,-0.1051,0.1053,-0.3118,0.1034,-9.974,-26.79,10.9,-0.2790997,-0.24085979999999999,-0.1924398,-0.174917,-0.0358275,-0.01742847999999999,0.02954607000000001,0.06759060999999997,0.8435625,0.1564375,Arctic Birds
Arctic Birds: All,47,1998,-0.1081,0.1104,-0.3263,0.1108,-10.25,-27.84,11.72,-0.28806970000000004,-0.2491585,-0.20071999999999998,-0.18253750000000002,-0.0351094,-0.01617317999999998,0.03301942000000001,0.07427502499999998,0.84075,0.15925,Arctic Birds
Arctic Birds: All,47,1999,-0.112,0.1156,-0.3377,0.1156,-10.6,-28.66,12.26,-0.30146539999999994,-0.2602655,-0.2092792,-0.18989775,-0.034605525,-0.015779339999999968,0.03467021000000001,0.07798269499999999,0.8360625,0.1639375,Arctic Birds
Arctic Birds: All,47,2000,-0.1164,0.1202,-0.351,0.1221,-10.98,-29.6,12.99,-0.315572,-0.26962389999999997,-0.2178162,-0.19691524999999999,-0.035276825,-0.016772519999999982,0.03598694000000001,0.07926577499999989,0.836875,0.163125,Arctic Birds
Arctic Birds: All,47,2001,-0.1213,0.1247,-0.3656,0.1263,-11.42,-30.62,13.46,-0.3238783,-0.2806277,-0.2257284,-0.20563825,-0.037681624999999996,-0.01745599999999998,0.03802643000000001,0.08475808499999994,0.83675,0.16325,Arctic Birds
Arctic Birds: All,47,2002,-0.1273,0.1291,-0.3763,0.1291,-11.95,-31.36,13.78,-0.33737579999999995,-0.2916919,-0.2361296,-0.2146605,-0.04168619999999999,-0.019624839999999994,0.038642100000000006,0.08680866499999997,0.840375,0.159625,Arctic Birds
Arctic Birds: All,47,2003,-0.1348,0.1332,-0.3941,0.1263,-12.61,-32.57,13.46,-0.35236055,-0.3033467,-0.248149,-0.2253395,-0.045501525,-0.024421279999999976,0.036440020000000004,0.08572781999999989,0.8458125,0.1541875,Arctic Birds
Arctic Birds: All,47,2004,-0.1435,0.1372,-0.4113,0.1269,-13.37,-33.72,13.53,-0.36839554999999996,-0.3191944,-0.259189,-0.236056,-0.051109725,-0.02739383999999996,0.03285764000000002,0.08050480999999993,0.8523125,0.1476875,Arctic Birds
Arctic Birds: All,47,2005,-0.1525,0.1412,-0.4287,0.1267,-14.14,-34.87,13.5,-0.38494140000000004,-0.33284270000000005,-0.2719174,-0.24737,-0.05724625,-0.034000699999999946,0.02810030000000001,0.08211376999999999,0.8613125,0.1386875,Arctic Birds
Arctic Birds: All,47,2006,-0.1619,0.1461,-0.4483,0.1227,-14.94,-36.13,13.06,-0.4040265,-0.34976870000000004,-0.2847504,-0.26116174999999997,-0.0636456,-0.03896515999999999,0.026178220000000016,0.07495232499999997,0.8644375,0.1355625,Arctic Birds
Arctic Birds: All,47,2007,-0.1716,0.1505,-0.4676,0.1252,-15.77,-37.35,13.34,-0.42036815,-0.3632587,-0.2991836,-0.273709,-0.070873725,-0.046550459999999995,0.019564410000000018,0.07536965499999991,0.8744375,0.1255625,Arctic Birds
Arctic Birds: All,47,2008,-0.1815,0.1546,-0.4837,0.1205,-16.6,-38.35,12.81,-0.4353294,-0.3793826,-0.3117064,-0.286788,-0.078065775,-0.051501199999999976,0.01784838000000006,0.07015956999999999,0.8795,0.1205,Arctic Birds
Arctic Birds: All,47,2009,-0.1919,0.159,-0.5027,0.1201,-17.46,-39.51,12.76,-0.45400809999999997,-0.39541780000000004,-0.3264114,-0.300573,-0.084796975,-0.05878971999999996,0.009898590000000018,0.06904777999999998,0.8870625,0.1129375,Arctic Birds
Arctic Birds: All,47,2010,-0.2019,0.1636,-0.5201,0.1211,-18.29,-40.56,12.87,-0.4719736,-0.4122674,-0.33928420000000004,-0.31224399999999997,-0.09244255,-0.06507515999999998,0.006439344000000004,0.06439427999999991,0.8919375,0.1080625,Arctic Birds
Arctic Birds: All,47,2011,-0.2126,0.168,-0.5441,0.1174,-19.15,-41.96,12.45,-0.49079635,-0.42904010000000004,-0.35444899999999996,-0.3246215,-0.1006605,-0.07329265999999995,0.0013061630000000023,0.06055055499999987,0.8985,0.1015,Arctic Birds
Arctic Birds: All,47,2012,-0.2232,0.1716,-0.5606,0.1157,-20,-42.91,12.27,-0.5068528999999999,-0.4446415,-0.36773219999999995,-0.33746725,-0.10914275000000001,-0.08109307999999997,-0.004354601999999987,0.05879409999999993,0.9058125,0.0941875,Arctic Birds
Arctic Birds: All,47,2013,-0.2337,0.1745,-0.5784,0.1142,-20.84,-43.92,12.1,-0.5227793500000001,-0.4589063,-0.3788374,-0.35012124999999994,-0.11797625,-0.09045442,-0.012041079999999975,0.05310840999999998,0.91,0.09,Arctic Birds
Arctic Birds: All,47,2014,-0.243,0.1766,-0.5906,0.1085,-21.57,-44.6,11.46,-0.53466275,-0.47166359999999996,-0.3902602,-0.35941275,-0.12530275,-0.09683099999999996,-0.01837246999999998,0.045949920000000005,0.915875,0.084125,Arctic Birds
Arctic Birds: All,47,2015,-0.2507,0.1782,-0.6013,0.1027,-22.17,-45.19,10.81,-0.54403595,-0.4812084,-0.4006096,-0.36903375000000005,-0.13190425,-0.10287299999999999,-0.023777709999999997,0.04278455499999999,0.921125,0.078875,Arctic Birds
Arctic Birds: All,47,2016,-0.2571,0.1792,-0.6088,0.09884,-22.67,-45.6,10.39,-0.5523546500000001,-0.4886225,-0.40808679999999997,-0.37699024999999997,-0.136679,-0.10814479999999999,-0.029666149999999992,0.036915859999999925,0.925,0.075,Arctic Birds
Arctic Birds: All,47,2017,-0.2614,0.1799,-0.6155,0.09676,-23,-45.96,10.16,-0.5568489,-0.4953789,-0.4114692,-0.38152925000000004,-0.142223,-0.1116992,-0.03266009999999995,0.03349868499999997,0.9273125,0.0726875,Arctic Birds
Arctic Birds: All,47,2018,-0.2635,0.1805,-0.6199,0.09554,-23.17,-46.2,10.03,-0.5617565,-0.4967491,-0.4137788,-0.38424,-0.1435875,-0.11336159999999995,-0.03369668999999998,0.032693984999999995,0.928125,0.071875,Arctic Birds
Arctic Birds: All,47,2019,-0.264,0.1807,-0.6185,0.09391,-23.21,-46.13,9.847,-0.5622409500000001,-0.4974586,-0.41476799999999997,-0.384838,-0.14402275,-0.11313599999999996,-0.034806100000000006,0.032793054999999995,0.928625,0.071375,Arctic Birds
Arctic Birds: All,47,2020,-0.2603,0.1809,-0.6169,0.09843,-22.92,-46.04,10.34,-0.5591284999999999,-0.49385009999999996,-0.4110608,-0.381336,-0.14070475,-0.10984699999999994,-0.03000747999999997,0.037574419999999914,0.9250625,0.0749375,Arctic Birds
Arctic Birds: All,47,2021,-0.2567,0.181,-0.6135,0.1011,-22.64,-45.85,10.64,-0.55464415,-0.491305,-0.4081112,-0.37819824999999996,-0.1363605,-0.10588159999999994,-0.02543884999999997,0.04160193999999998,0.922,0.078,Arctic Birds
Arctic Birds: Other Arctic Birds,47,1970,0,0,0,0,0,0,0,0,0,0,0,0,0,0,0,0,0,Other Arctic Birds
Arctic Birds: Other Arctic Birds,47,1971,-0.005179,0.006276,-0.01813,0.007611,-0.5166,-1.797,0.7641,-0.01497999,-0.0121699,-0.009571179999999999,-0.00868817,-0.0017024075,-8.201699999999996e-4,0.001856863,0.0046418054999999995,0.83725,0.16275,Other Arctic Birds
Arctic Birds: Other Arctic Birds,47,1972,-0.01054,0.00884,-0.02828,0.007634,-1.048,-2.788,0.7663,-0.02451213,-0.02095014,-0.01716742,-0.015733450000000003,-0.0053835025,-0.004001258,-3.065175999999942e-5,0.003604000999999999,0.9005625,0.0994375,Other Arctic Birds
Arctic Birds: Other Arctic Birds,47,1973,-0.01638,0.01068,-0.03741,0.005511,-1.624,-3.672,0.5526,-0.03340857,-0.02922487,-0.024678159999999998,-0.022991900000000003,-0.009796275,-0.008218078,-0.003472119999999997,9.985789999999947e-4,0.94075,0.05925,Other Arctic Birds
Arctic Birds: Other Arctic Birds,47,1974,-0.02288,0.01227,-0.04709,0.001911,-2.262,-4.6,0.1913,-0.042683345000000004,-0.03793733,-0.03247928,-0.030530875,-0.015385275,-0.013406619999999998,-0.007862224999999999,-0.002921428500000019,0.9655625,0.0344375,Other Arctic Birds
Arctic Birds: Other Arctic Birds,47,1975,-0.02987,0.01376,-0.05737,-0.001978,-2.943,-5.576,-0.1976,-0.05231664999999999,-0.04680651,-0.04067732,-0.03851075,-0.021248250000000003,-0.019054759999999997,-0.01303484,-0.007527575500000002,0.980625,0.019375,Other Arctic Birds
Arctic Birds: Other Arctic Birds,47,1976,-0.03709,0.01507,-0.06724,-0.006601,-3.641,-6.503,-0.6579,-0.06170201,-0.055784509999999995,-0.04880974,-0.046470275,-0.027595275,-0.025237719999999995,-0.018474269999999997,-0.012177155000000037,0.989,0.011,Other Arctic Birds
Arctic Birds: Other Arctic Birds,47,1977,-0.04437,0.0163,-0.07702,-0.01193,-4.34,-7.413,-1.186,-0.07091725,-0.06473322000000001,-0.0572902,-0.05458795,-0.033999600000000005,-0.03134384,-0.024011369999999997,-0.017684420000000006,0.994125,0.005875,Other Arctic Birds
Arctic Birds: Other Arctic Birds,47,1978,-0.05163,0.01758,-0.08634,-0.01671,-5.032,-8.271,-1.657,-0.08032352,-0.07367724,-0.06583812,-0.062797925,-0.040336025,-0.037494639999999996,-0.029602749999999997,-0.022941590000000008,0.9966875,0.0033125,Other Arctic Birds
Arctic Birds: Other Arctic Birds,47,1979,-0.05882,0.01895,-0.09609,-0.02095,-5.712,-9.162,-2.073,-0.08980962,-0.08238161999999999,-0.07423096,-0.071098,-0.046686450000000004,-0.04358424,-0.03505141999999999,-0.027778625000000053,0.998,0.002,Other Arctic Birds
Arctic Birds: Other Arctic Birds,47,1980,-0.06573,0.02052,-0.106,-0.02461,-6.362,-10.06,-2.431,-0.09888621,-0.09159009000000001,-0.08246444,-0.07902687500000001,-0.052437250000000005,-0.04919282,-0.04032455,-0.03205798000000001,0.9983125,0.0016875,Other Arctic Birds
Arctic Birds: Other Arctic Birds,47,1981,-0.07236,0.02225,-0.1156,-0.02781,-6.981,-10.92,-2.742,-0.10859735,-0.1005532,-0.09065641999999999,-0.08701515,-0.058006775000000003,-0.05440511999999999,-0.04465949,-0.035781250000000014,0.9986875,0.0013125,Other Arctic Birds
Arctic Birds: Other Arctic Birds,47,1982,-0.07868,0.0243,-0.1263,-0.02927,-7.566,-11.86,-2.885,-0.11818324999999999,-0.108995,-0.09879332,-0.09483445,-0.062941425,-0.0591594,-0.04836459,-0.038791095000000005,0.9988125,0.0011875,Other Arctic Birds
Arctic Birds: Other Arctic Birds,47,1983,-0.08443,0.02632,-0.1362,-0.03142,-8.096,-12.73,-3.093,-0.1274992,-0.11760419999999999,-0.1059136,-0.101847,-0.067303525,-0.06296922,-0.05128153999999998,-0.04117196000000002,0.9985,0.0015,Other Arctic Birds
Arctic Birds: Other Arctic Birds,47,1984,-0.08956,0.02835,-0.1452,-0.03307,-8.566,-13.52,-3.253,-0.13610129999999998,-0.1252162,-0.1129034,-0.108265,-0.0710412,-0.06647788,-0.053926789999999995,-0.04282877500000004,0.9981875,0.0018125,Other Arctic Birds
Arctic Birds: Other Arctic Birds,47,1985,-0.09435,0.03054,-0.1546,-0.03314,-9.004,-14.33,-3.26,-0.14387830000000001,-0.13252930000000002,-0.1195108,-0.11464274999999999,-0.07427462500000001,-0.06927684,-0.05559907,-0.04394379000000002,0.998,0.002,Other Arctic Birds
Arctic Birds: Other Arctic Birds,47,1986,-0.09876,0.03316,-0.1642,-0.03309,-9.404,-15.14,-3.255,-0.15247644999999999,-0.1403971,-0.1259944,-0.120554,-0.07643515,-0.0710819,-0.056951879999999996,-0.044268775,0.997625,0.002375,Other Arctic Birds
Arctic Birds: Other Arctic Birds,47,1987,-0.103,0.036,-0.1745,-0.03297,-9.788,-16.01,-3.243,-0.1623434,-0.14872760000000002,-0.1322128,-0.126477,-0.07892439999999999,-0.07313856,-0.05675722999999999,-0.043774295,0.99725,0.00275,Other Arctic Birds
Arctic Birds: Other Arctic Birds,47,1988,-0.1069,0.03946,-0.1847,-0.03036,-10.14,-16.86,-2.99,-0.17182395,-0.1566393,-0.139582,-0.13314725,-0.0805924,-0.07398652,-0.05671617999999999,-0.04196623000000002,0.9964375,0.0035625,Other Arctic Birds
Arctic Birds: Other Arctic Birds,47,1989,-0.1104,0.04293,-0.1957,-0.02756,-10.46,-17.77,-2.718,-0.1809914,-0.16549819999999998,-0.1463412,-0.13868250000000001,-0.08190900000000001,-0.07491221999999999,-0.05633112,-0.04099871000000002,0.994875,0.005125,Other Arctic Birds
Arctic Birds: Other Arctic Birds,47,1990,-0.1143,0.04692,-0.2073,-0.02343,-10.8,-18.72,-2.316,-0.19149419999999998,-0.1739253,-0.1535978,-0.14543925000000002,-0.083049375,-0.07545232,-0.05454275,-0.03759014500000001,0.9928125,0.0071875,Other Arctic Birds
Arctic Birds: Other Arctic Birds,47,1991,-0.1181,0.05095,-0.2185,-0.01903,-11.14,-19.63,-1.885,-0.20147489999999998,-0.1826932,-0.16055,-0.152306,-0.083941,-0.0755039,-0.053207219999999986,-0.03508532,0.9893125,0.0106875,Other Arctic Birds
Arctic Birds: Other Arctic Birds,47,1992,-0.122,0.05513,-0.2304,-0.01357,-11.48,-20.57,-1.348,-0.2131501,-0.1925469,-0.16775599999999996,-0.15847725000000001,-0.084794725,-0.07636462,-0.05193017999999999,-0.031450620000000026,0.987125,0.012875,Other Arctic Birds
Arctic Birds: Other Arctic Birds,47,1993,-0.1258,0.05919,-0.243,-0.01063,-11.82,-21.57,-1.057,-0.22355305,-0.20128239999999997,-0.17530739999999997,-0.16523,-0.086315975,-0.07657282,-0.050230069999999995,-0.030196535000000024,0.98375,0.01625,Other Arctic Birds
Arctic Birds: Other Arctic Birds,47,1994,-0.1296,0.06296,-0.2541,-0.00636,-12.15,-22.44,-0.634,-0.23372744999999998,-0.2100581,-0.18185419999999997,-0.17131424999999997,-0.087313525,-0.07707591999999999,-0.04925746,-0.027178435000000018,0.97925,0.02075,Other Arctic Birds
Arctic Birds: Other Arctic Birds,47,1995,-0.1327,0.06774,-0.2666,5.997e-4,-12.43,-23.4,0.05999,-0.24560015000000002,-0.2192012,-0.189197,-0.1773785,-0.0873381,-0.0764087,-0.04672781999999999,-0.021728440000000005,0.974625,0.025375,Other Arctic Birds
Arctic Birds: Other Arctic Birds,47,1996,-0.136,0.07204,-0.2782,0.006294,-12.72,-24.28,0.6314,-0.2556618,-0.22832629999999998,-0.19541960000000003,-0.18350875,-0.088298925,-0.07656526,-0.04433852999999997,-0.017288455000000022,0.969,0.031,Other Arctic Birds
Arctic Birds: Other Arctic Birds,47,1997,-0.1394,0.07639,-0.2898,0.01091,-13.01,-25.16,1.097,-0.26516165,-0.2364235,-0.2028408,-0.19046174999999999,-0.088471775,-0.07594147999999998,-0.04246493999999998,-0.013347760000000009,0.965375,0.034625,Other Arctic Birds
Arctic Birds: Other Arctic Birds,47,1998,-0.1427,0.08092,-0.3023,0.01726,-13.29,-26.09,1.741,-0.2775526,-0.2451568,-0.209995,-0.19659675,-0.08885439999999999,-0.07583359999999999,-0.04022973,-0.009604191500000005,0.960375,0.039625,Other Arctic Birds
Arctic Birds: Other Arctic Birds,47,1999,-0.1452,0.08504,-0.3135,0.02239,-13.52,-26.91,2.264,-0.28582445,-0.2543807,-0.2167318,-0.20230325,-0.08886595,-0.07494491999999996,-0.035951399999999994,-0.005140188500000033,0.95525,0.04475,Other Arctic Birds
Arctic Birds: Other Arctic Birds,47,2000,-0.1479,0.08922,-0.3237,0.02931,-13.75,-27.66,2.974,-0.29453415,-0.2627774,-0.2227106,-0.20747374999999998,-0.088303975,-0.07381237999999997,-0.033772099999999985,-0.0015918610000002457,0.9515,0.0485,Other Arctic Birds
Arctic Birds: Other Arctic Birds,47,2001,-0.1507,0.09352,-0.3356,0.03439,-13.99,-28.51,3.499,-0.30519655,-0.2700987,-0.229293,-0.213351,-0.08874747499999999,-0.07332443999999999,-0.031268479999999974,0.0033632219999999895,0.9465,0.0535,Other Arctic Birds
Arctic Birds: Other Arctic Birds,47,2002,-0.15310000000000001,0.09734,-0.3467,0.03473,-14.19,-29.3,3.534,-0.31467519999999993,-0.2773278,-0.2343666,-0.21815400000000001,-0.08802660000000001,-0.07096249999999991,-0.028353599999999975,0.006617290499999992,0.9421875,0.0578125,Other Arctic Birds
Arctic Birds: Other Arctic Birds,47,2003,-0.1552,0.1011,-0.3564,0.04157,-14.38,-29.98,4.245,-0.3220394,-0.2838898,-0.239232,-0.22316275000000002,-0.08730102499999999,-0.07123238,-0.02510469999999998,0.01092244999999999,0.938125,0.061875,Other Arctic Birds
Arctic Birds: Other Arctic Birds,47,2004,-0.1569,0.1048,-0.3646,0.04707,-14.52,-30.55,4.82,-0.32970939999999993,-0.2897094,-0.242809,-0.22691225,-0.08658525,-0.06976411999999999,-0.02207720999999999,0.01614936999999991,0.93325,0.06675,Other Arctic Birds
Arctic Birds: Other Arctic Birds,47,2005,-0.1584,0.1086,-0.3719,0.0546,-14.65,-31.06,5.612,-0.3370203,-0.2962283,-0.247918,-0.23026950000000002,-0.08584365000000001,-0.06693443999999997,-0.01851637999999999,0.019288819999999977,0.9280625,0.0719375,Other Arctic Birds
Arctic Birds: Other Arctic Birds,47,2006,-0.1596,0.1125,-0.3809,0.06127,-14.75,-31.68,6.319,-0.34463085000000004,-0.30156269999999996,-0.25350520000000004,-0.23553824999999998,-0.08365452500000001,-0.06387118,-0.015370689999999987,0.025693749999999998,0.922375,0.077625,Other Arctic Birds
Arctic Birds: Other Arctic Birds,47,2007,-0.1599,0.1155,-0.3878,0.06405,-14.78,-32.14,6.615,-0.34837724999999997,-0.30718429999999997,-0.255488,-0.23684225,-0.08266905,-0.06228109999999999,-0.010621459999999989,0.029728399999999842,0.9155625,0.0844375,Other Arctic Birds
Arctic Birds: Other Arctic Birds,47,2008,-0.16,0.1182,-0.3906,0.07147,-14.78,-32.33,7.409,-0.3545718,-0.30879639999999997,-0.2577736,-0.23844925,-0.08151325,-0.06130297999999998,-0.008316173999999994,0.03477186499999994,0.91175,0.08825,Other Arctic Birds
Arctic Birds: Other Arctic Birds,47,2009,-0.1599,0.1211,-0.3958,0.07861,-14.78,-32.68,8.178,-0.35947159999999995,-0.3133619,-0.2600756,-0.240654,-0.078396375,-0.05790639999999997,-0.0042270279999999695,0.038151094999999975,0.9060625,0.0939375,Other Arctic Birds
Arctic Birds: Other Arctic Birds,47,2010,-0.1594,0.1231,-0.4005,0.08214,-14.74,-33,8.561,-0.36159775,-0.3150798,-0.2620414,-0.24203775,-0.0774003,-0.05601919999999998,-0.0016910069999999898,0.04362187499999996,0.9028125,0.0971875,Other Arctic Birds
Arctic Birds: Other Arctic Birds,47,2011,-0.1599,0.1253,-0.4048,0.08617,-14.78,-33.29,8.999,-0.3649115,-0.31832330000000003,-0.2649164,-0.24367000000000003,-0.076232875,-0.05531225999999997,8.633089000000471e-4,0.043707925,0.89875,0.10125,Other Arctic Birds
Arctic Birds: Other Arctic Birds,47,2012,-0.1602,0.1272,-0.4112,0.08981,-14.8,-33.71,9.396,-0.36741999999999997,-0.3205981,-0.26550799999999997,-0.24518,-0.07480662499999999,-0.05316681999999999,0.002012944000000006,0.04755687999999997,0.896875,0.103125,Other Arctic Birds
Arctic Birds: Other Arctic Birds,47,2013,-0.1596,0.1287,-0.413,0.0947,-14.75,-33.83,9.933,-0.3686011,-0.32213189999999997,-0.2668954,-0.24550925,-0.07312374999999999,-0.05236351999999999,0.005394524000000041,0.051412754999999935,0.8926875,0.1073125,Other Arctic Birds
Arctic Birds: Other Arctic Birds,47,2014,-0.1587,0.1298,-0.4142,0.09564,-14.68,-33.91,10.04,-0.3692331,-0.3229838,-0.26704740000000005,-0.24576525,-0.070825375,-0.050501939999999995,0.008117990000000009,0.052802604999999975,0.8878125,0.1121875,Other Arctic Birds
Arctic Birds: Other Arctic Birds,47,2015,-0.1577,0.1309,-0.4134,0.09978,-14.59,-33.86,10.49,-0.37000039999999995,-0.3233924,-0.26687079999999996,-0.24548675,-0.070021,-0.04857562,0.010837950000000023,0.055717699999999995,0.8858125,0.1141875,Other Arctic Birds
Arctic Birds: Other Arctic Birds,47,2016,-0.1563,0.132,-0.4154,0.1023,-14.47,-33.99,10.77,-0.37028585,-0.3234777999999999,-0.26692699999999997,-0.2450565,-0.067250475,-0.045453640000000003,0.013073460000000002,0.059771409999999955,0.8815,0.1185,Other Arctic Birds
Arctic Birds: Other Arctic Birds,47,2017,-0.1544,0.1325,-0.4151,0.1048,-14.31,-33.97,11.04,-0.36936415,-0.3227225,-0.26567379999999996,-0.24343975,-0.065122975,-0.043159979999999994,0.01514831,0.06135060999999988,0.8784375,0.1215625,Other Arctic Birds
Arctic Birds: Other Arctic Birds,47,2018,-0.1517,0.1329,-0.4103,0.11,-14.07,-33.65,11.63,-0.3672692,-0.3206167,-0.2632284,-0.24051325,-0.061770125,-0.03947555999999996,0.01864131,0.06460156499999994,0.87375,0.12625,Other Arctic Birds
Arctic Birds: Other Arctic Birds,47,2019,-0.1483,0.1332,-0.4064,0.1135,-13.78,-33.39,12.02,-0.36572620000000006,-0.31736,-0.260172,-0.23738,-0.058103525,-0.03509137999999999,0.022121500000000002,0.068386215,0.868125,0.131875,Other Arctic Birds
Arctic Birds: Other Arctic Birds,47,2020,-0.145,0.1334,-0.4047,0.1173,-13.5,-33.28,12.45,-0.36227395,-0.3149058,-0.25791780000000003,-0.23420125,-0.0538726,-0.032445739999999945,0.02536400000000001,0.07279742499999997,0.8619375,0.1380625,Other Arctic Birds
Arctic Birds: Other Arctic Birds,47,2021,-0.1417,0.1335,-0.4007,0.1207,-13.21,-33.02,12.83,-0.3601536,-0.31176159999999997,-0.2540348,-0.23125825,-0.05180484999999999,-0.028716939999999948,0.02877803000000002,0.07556895499999998,0.857125,0.142875,Other Arctic Birds
Arctic Birds: Arctic Shorebirds,47,1980,0,0,0,0,0,0,0,0,0,0,0,0,0,0,0,0,0,Arctic Shorebirds
Arctic Birds: Arctic Shorebirds,47,1981,-2.23e-4,0.009908,-0.02015,0.02116,-0.0223,-1.995,2.139,-0.014955284999999999,-0.01056589,-0.006559796,-0.005323039999999999,0.00447585,0.005936860000000001,0.010504320000000001,0.015731854999999982,0.5284375,0.4715625,Arctic Shorebirds
Arctic Birds: Arctic Shorebirds,47,1982,-0.001348,0.01388,-0.02855,0.02867,-0.1347,-2.814,2.909,-0.02291094,-0.01695352,-0.01125846,-0.00930765,0.0061374724999999995,0.008188532000000002,0.015147330000000002,0.021607829999999974,0.5635,0.4365,Arctic Shorebirds
Arctic Birds: Arctic Shorebirds,47,1983,-0.004789,0.01656,-0.03734,0.02983,-0.4777,-3.665,3.028,-0.030723059999999996,-0.02419069,-0.017096379999999998,-0.014655600000000001,0.0045789724999999995,0.007197392000000003,0.015350660000000004,0.02282222499999998,0.6395625,0.3604375,Arctic Shorebirds
Arctic Birds: Arctic Shorebirds,47,1984,-0.01116,0.01879,-0.04815,0.02742,-1.11,-4.701,2.78,-0.040880969999999996,-0.033673709999999996,-0.0255338,-0.02266555,1.0202375e-4,0.003101406,0.011943110000000002,0.02034774,0.7476875,0.2523125,Arctic Shorebirds
Arctic Birds: Arctic Shorebirds,47,1985,-0.02042,0.02099,-0.0616,0.02275,-2.021,-5.974,2.301,-0.05413203,-0.046009140000000004,-0.0367319,-0.0334612,-0.007600445000000001,-0.004350125999999996,0.005384452000000004,0.014433455,0.851625,0.148375,Arctic Shorebirds
Arctic Birds: Arctic Shorebirds,47,1986,-0.03198,0.02332,-0.07835,0.015,-3.147,-7.536,1.512,-0.06979738,-0.06058652,-0.05032888,-0.046621024999999996,-0.01730425,-0.013551219999999998,-0.0034624719999999916,0.0063492439999999995,0.921375,0.078625,Arctic Shorebirds
Arctic Birds: Arctic Shorebirds,47,1987,-0.04487,0.02553,-0.09627,0.00577,-4.388,-9.178,0.5786,-0.08673538,-0.07659635000000001,-0.06518043999999999,-0.06090715,-0.028500675,-0.02462968,-0.013688829999999999,-0.003146584000000021,0.96,0.04,Arctic Shorebirds
Arctic Birds: Arctic Shorebirds,47,1988,-0.05862,0.02802,-0.1147,-0.003163,-5.693,-10.83,-0.3158,-0.10434455000000001,-0.09357231,-0.08102498,-0.076383425,-0.04062295,-0.03638518,-0.02385492999999999,-0.01257169000000003,0.9799375,0.0200625,Arctic Shorebirds
Arctic Birds: Arctic Shorebirds,47,1989,-0.07339,0.0307,-0.1354,-0.01259,-7.076,-12.66,-1.251,-0.12376305,-0.1118841,-0.09784338000000001,-0.09293,-0.053435575,-0.0487979,-0.03531125,-0.023342155,0.990375,0.009625,Arctic Shorebirds
Arctic Birds: Arctic Shorebirds,47,1990,-0.08867,0.03356,-0.1563,-0.02288,-8.485,-14.47,-2.262,-0.144308,-0.1306282,-0.11615,-0.11042025,-0.0668041,-0.06148031999999999,-0.046968279999999994,-0.03434830500000001,0.9945,0.0055,Arctic Shorebirds
Arctic Birds: Arctic Shorebirds,47,1991,-0.1042,0.03677,-0.1773,-0.03276,-9.892,-16.25,-3.223,-0.16494455000000002,-0.1506142,-0.13428639999999997,-0.12807525,-0.079943125,-0.07418639999999999,-0.0581738,-0.04437111500000004,0.9966875,0.0033125,Arctic Shorebirds
Arctic Birds: Arctic Shorebirds,47,1992,-0.1194,0.04026,-0.2,-0.04082,-11.25,-18.13,-3.999,-0.18571034999999997,-0.17025949999999998,-0.15181899999999998,-0.14556425,-0.092911475,-0.086284,-0.06872948,-0.05323836000000002,0.9978125,0.0021875,Arctic Shorebirds
Arctic Birds: Arctic Shorebirds,47,1993,-0.1344,0.04339,-0.2206,-0.04975,-12.58,-19.8,-4.853,-0.20566605000000002,-0.1889892,-0.1699198,-0.16285449999999999,-0.1060855,-0.09858988,-0.07981858,-0.06347189000000003,0.9988125,0.0011875,Arctic Shorebirds
Arctic Birds: Arctic Shorebirds,47,1994,-0.1491,0.0464,-0.2402,-0.05866,-13.85,-21.35,-5.697,-0.2249468,-0.2079824,-0.18735919999999998,-0.17994549999999998,-0.1182795,-0.11051,-0.09068733999999999,-0.07397171000000001,0.9991875,8.125e-4,Arctic Shorebirds
Arctic Birds: Arctic Shorebirds,47,1995,-0.1642,0.04955,-0.2627,-0.06789,-15.14,-23.1,-6.564,-0.24677234999999997,-0.2270808,-0.20521640000000002,-0.19681575,-0.13114450000000002,-0.12321259999999998,-0.10171599999999999,-0.08346497000000001,0.9994375,5.625e-4,Arctic Shorebirds
Arctic Birds: Arctic Shorebirds,47,1996,-0.1795,0.05261,-0.2849,-0.07796,-16.43,-24.79,-7.5,-0.2663138,-0.2461398,-0.222843,-0.214247,-0.144672,-0.13611319999999996,-0.11330919999999998,-0.09380409000000003,0.9995,5e-4,Arctic Shorebirds
Arctic Birds: Arctic Shorebirds,47,1997,-0.1952,0.05562,-0.3073,-0.08767,-17.73,-26.46,-8.394,-0.28758649999999997,-0.2657311,-0.2405848,-0.23138075,-0.158207,-0.14907220000000002,-0.12614840000000002,-0.10390385000000002,0.99975,2.5e-4,Arctic Shorebirds
Arctic Birds: Arctic Shorebirds,47,1998,-0.2116,0.05832,-0.3287,-0.09828,-19.07,-28.01,-9.36,-0.30792365,-0.2857634,-0.2593082,-0.2492665,-0.17220625,-0.1628318,-0.1384371,-0.11678375000000003,0.9998125,1.875e-4,Arctic Shorebirds
Arctic Birds: Arctic Shorebirds,47,1999,-0.2284,0.06119,-0.3512,-0.1107,-20.42,-29.61,-10.48,-0.32948315,-0.305787,-0.2783048,-0.26847125,-0.18725725,-0.1776138,-0.1507881,-0.12900620000000004,0.9998125,1.875e-4,Arctic Shorebirds
Arctic Birds: Arctic Shorebirds,47,2000,-0.2466,0.06387,-0.3747,-0.1236,-21.86,-31.25,-11.62,-0.3535473,-0.3278489,-0.298431,-0.2884225,-0.2039175,-0.1934666,-0.16556139999999997,-0.14294569999999998,0.99975,2.5e-4,Arctic Shorebirds
Arctic Birds: Arctic Shorebirds,47,2001,-0.2665,0.06665,-0.4007,-0.1389,-23.39,-33.01,-12.97,-0.37782985,-0.3510232,-0.32128300000000004,-0.31004675,-0.22159474999999998,-0.21076860000000003,-0.18182969999999998,-0.15857145,0.9998125,1.875e-4,Arctic Shorebirds
Arctic Birds: Arctic Shorebirds,47,2002,-0.2889,0.06952,-0.4265,-0.1548,-25.09,-34.72,-14.34,-0.40490845,-0.3778825,-0.3465458,-0.3349315,-0.241648,-0.23026560000000001,-0.20150039999999997,-0.1767517,0.9999375,6.25e-5,Arctic Shorebirds
Arctic Birds: Arctic Shorebirds,47,2003,-0.314,0.0724,-0.4579,-0.1753,-26.95,-36.74,-16.08,-0.43366839999999995,-0.406951,-0.37404380000000004,-0.36187375,-0.264355,-0.2523442,-0.2236665,-0.19757945,0.9999375,6.25e-5,Arctic Shorebirds
Arctic Birds: Arctic Shorebirds,47,2004,-0.3412,0.07519,-0.489,-0.1949,-28.91,-38.67,-17.71,-0.46464495,-0.4380761,-0.403725,-0.39136649999999995,-0.28974225,-0.277708,-0.24638949999999996,-0.21955300000000003,1,0,Arctic Shorebirds
Arctic Birds: Arctic Shorebirds,47,2005,-0.3703,0.07814,-0.5233,-0.22,-30.95,-40.74,-19.75,-0.49800520000000004,-0.47100939999999997,-0.4354848,-0.4227195,-0.31723375000000004,-0.3050952,-0.2708604,-0.2424409,1,0,Arctic Shorebirds
Arctic Birds: Arctic Shorebirds,47,2006,-0.4009,0.08104,-0.56,-0.2455,-33.03,-42.88,-21.77,-0.5341267999999999,-0.5058089,-0.46840859999999995,-0.45505975,-0.345937,-0.332709,-0.29768100000000003,-0.26876030000000006,1,0,Arctic Shorebirds
Arctic Birds: Arctic Shorebirds,47,2007,-0.4333,0.08414,-0.5995,-0.2715,-35.17,-45.09,-23.78,-0.5723562,-0.5411910999999999,-0.504127,-0.49049,-0.37602674999999997,-0.36279300000000003,-0.32607629999999993,-0.29654965,1,0,Arctic Shorebirds
Arctic Birds: Arctic Shorebirds,47,2008,-0.4665,0.08785,-0.6384,-0.2974,-37.28,-47.18,-25.73,-0.61095865,-0.5789406999999999,-0.5403552,-0.52589025,-0.40601825,-0.39216399999999996,-0.35458239999999996,-0.3240012500000001,1,0,Arctic Shorebirds
Arctic Birds: Arctic Shorebirds,47,2009,-0.5001,0.09097,-0.6779,-0.3238,-39.35,-49.23,-27.66,-0.64970815,-0.6174265000000001,-0.5763178,-0.560994,-0.43848525000000005,-0.42279079999999997,-0.3842547,-0.3524324,1,0,Arctic Shorebirds
Arctic Birds: Arctic Shorebirds,47,2010,-0.5335,0.09497,-0.721,-0.3492,-41.35,-51.38,-29.47,-0.6905971500000001,-0.6546352,-0.6127502,-0.59775475,-0.469422,-0.45297139999999997,-0.41245429999999994,-0.37911645,1,0,Arctic Shorebirds
Arctic Birds: Arctic Shorebirds,47,2011,-0.5661,0.09828,-0.7598,-0.3761,-43.23,-53.22,-31.35,-0.7296790000000001,-0.6916095000000001,-0.6478398,-0.63093225,-0.4996065,-0.4828772,-0.44126059999999995,-0.4078619500000001,1,0,Arctic Shorebirds
Arctic Birds: Arctic Shorebirds,47,2012,-0.5973,0.1011,-0.7967,-0.4014,-44.97,-54.92,-33.06,-0.7655585,-0.7266391,-0.6809738,-0.6646574999999999,-0.5284260000000001,-0.5120237999999999,-0.4701574,-0.43189585,1,0,Arctic Shorebirds
Arctic Birds: Arctic Shorebirds,47,2013,-0.6265,0.1037,-0.831,-0.4262,-46.55,-56.44,-34.7,-0.7982146,-0.7591076999999999,-0.7130942,-0.695326,-0.55607275,-0.5392362,-0.49552469999999993,-0.45648160000000004,1,0,Arctic Shorebirds
Arctic Birds: Arctic Shorebirds,47,2014,-0.6527,0.1057,-0.8611,-0.4473,-47.93,-57.73,-36.06,-0.82772295,-0.7875132,-0.7400244,-0.72281825,-0.58034675,-0.5644098,-0.5184515999999999,-0.4782518,1,0,Arctic Shorebirds
Arctic Birds: Arctic Shorebirds,47,2015,-0.6743,0.1069,-0.8864,-0.4687,-49.05,-58.79,-37.42,-0.85211275,-0.8111050999999999,-0.7629144,-0.745747,-0.6016965,-0.5846988,-0.5373566999999999,-0.5002513000000001,1,0,Arctic Shorebirds
Arctic Birds: Arctic Shorebirds,47,2016,-0.6917,0.1079,-0.9046,-0.4831,-49.93,-59.53,-38.31,-0.87136715,-0.82986,-0.7809296,-0.76284425,-0.6195882500000001,-0.6011025999999999,-0.5538415,-0.51463745,1,0,Arctic Shorebirds
Arctic Birds: Arctic Shorebirds,47,2017,-0.7054,0.1086,-0.9211,-0.4944,-50.61,-60.19,-39,-0.88589085,-0.8452947000000001,-0.795127,-0.7774127500000001,-0.63241375,-0.6143558,-0.5669382000000001,-0.5283838500000001,1,0,Arctic Shorebirds
Arctic Birds: Arctic Shorebirds,47,2018,-0.7159,0.1091,-0.9327,-0.5057,-51.13,-60.65,-39.69,-0.8978258,-0.8558293,-0.8063486,-0.7878860000000001,-0.6424599999999999,-0.6247431999999999,-0.5769437,-0.5376083500000001,1,0,Arctic Shorebirds
Arctic Birds: Arctic Shorebirds,47,2019,-0.7244,0.1095,-0.9425,-0.5125,-51.54,-61.03,-40.1,-0.9070834000000001,-0.8643832,-0.815168,-0.796618,-0.65040075,-0.632417,-0.5854075999999999,-0.54545045,1,0,Arctic Shorebirds
Arctic Birds: Arctic Geese and Swans,47,1970,0,0,0,0,0,0,0,0,0,0,0,0,0,0,0,0,0,Arctic Geese and Swans
Arctic Birds: Arctic Geese and Swans,47,1971,-0.02068,0.04864,-0.1278,0.07017,-2.047,-12,7.269,-0.09704839500000001,-0.06703402,-0.042298419999999996,-0.035406375,-0.0017394124999999998,0.0028512800000000007,0.01958445000000001,0.04249397499999999,0.770625,0.229375,Arctic Geese and Swans
Arctic Birds: Arctic Geese and Swans,47,1972,-0.03889,0.06697,-0.1896,0.09286,-3.814,-17.27,9.731,-0.1486206,-0.1110215,-0.0760898,-0.066101,-0.0078151825,4.1910000000002054e-4,0.026126020000000003,0.05745442999999998,0.798,0.202,Arctic Geese and Swans
Arctic Birds: Arctic Geese and Swans,47,1973,-0.05417,0.08026,-0.2317,0.1047,-5.273,-20.68,11.04,-0.18649035,-0.1428865,-0.1025404,-0.09037194999999999,-0.013677700000000001,-0.003838677999999991,0.02837453000000002,0.06385462499999997,0.8168125,0.1831875,Arctic Geese and Swans
Arctic Birds: Arctic Geese and Swans,47,1974,-0.06556,0.09222,-0.264,0.116,-6.346,-23.21,12.3,-0.21821975000000002,-0.1705032,-0.12426499999999999,-0.10955775000000001,-0.017495100000000003,-0.0049428159999999905,0.032292390000000025,0.06967269499999999,0.81725,0.18275,Arctic Geese and Swans
Arctic Birds: Arctic Geese and Swans,47,1975,-0.07345,0.1021,-0.292,0.1274,-7.082,-25.32,13.59,-0.2418869,-0.1897659,-0.14082219999999998,-0.12493850000000001,-0.018436875,-0.004360519999999966,0.037901880000000006,0.08084155999999991,0.8145,0.1855,Arctic Geese and Swans
Arctic Birds: Arctic Geese and Swans,47,1976,-0.07855,0.1129,-0.3181,0.1437,-7.554,-27.25,15.46,-0.26473675,-0.209923,-0.15522119999999998,-0.13638675,-0.017229599999999998,-8.697221999999872e-4,0.04725099000000001,0.09407452499999995,0.802625,0.197375,Arctic Geese and Swans
Arctic Birds: Arctic Geese and Swans,47,1977,-0.06913,0.1251,-0.3298,0.1768,-6.679,-28.1,19.34,-0.27555409999999997,-0.21659119999999998,-0.1580604,-0.1384485,0.003157005,0.021184440000000013,0.07463911000000002,0.12330239999999999,0.740375,0.259625,Arctic Geese and Swans
Arctic Birds: Arctic Geese and Swans,47,1978,-0.0398,0.1494,-0.3415,0.2551,-3.902,-28.93,29.06,-0.28313989999999994,-0.2196986,-0.15159240000000002,-0.12919225,0.05130875,0.07314382000000004,0.1376032,0.19709894999999972,0.6151875,0.3848125,Arctic Geese and Swans
Arctic Birds: Arctic Geese and Swans,47,1979,-0.004227,0.172,-0.3554,0.34,-0.4218,-29.91,40.5,-0.28287924999999997,-0.21236519999999998,-0.1364108,-0.109475,0.10197175,0.12939920000000005,0.20347010000000001,0.2716728999999999,0.5095,0.4905,Arctic Geese and Swans
Arctic Birds: Arctic Geese and Swans,47,1980,0.03478,0.1932,-0.3542,0.4171,3.539,-29.83,51.75,-0.2807193,-0.20374489999999998,-0.114508,-0.084737275,0.15445725,0.18545080000000003,0.269778,0.3481700999999999,0.418875,0.581125,Arctic Geese and Swans
Arctic Birds: Arctic Geese and Swans,47,1981,0.0781,0.2124,-0.3452,0.5029,8.123,-29.19,65.36,-0.2673457,-0.1854038,-0.09085249999999997,-0.0565989,0.21173524999999999,0.2474762,0.3397632000000001,0.42374474999999984,0.349,0.651,Arctic Geese and Swans
Arctic Birds: Arctic Geese and Swans,47,1982,0.1246,0.2322,-0.3329,0.5939,13.27,-28.31,81.11,-0.25195445,-0.1643037,-0.06237946,-0.023007525,0.273056,0.31075200000000003,0.4132374,0.50366435,0.2848125,0.7151875,Arctic Geese and Swans
Arctic Birds: Arctic Geese and Swans,47,1983,0.1731,0.25,-0.3153,0.677,18.9,-27.04,96.79,-0.23529134999999998,-0.13979669999999997,-0.028899679999999997,0.010928300000000002,0.33238725,0.374332,0.4881185,0.5844662999999999,0.23675,0.76325,Arctic Geese and Swans
Arctic Birds: Arctic Geese and Swans,47,1984,0.2246,0.2655,-0.3034,0.7539,25.18,-26.17,112.5,-0.20801105,-0.10872090000000001,0.007848792000000014,0.04882405,0.3953905,0.43886640000000005,0.5621396,0.6675414499999999,0.191625,0.808375,Arctic Geese and Swans
Arctic Birds: Arctic Geese and Swans,47,1985,0.278,0.2798,-0.267,0.8305,32.05,-23.43,129.4,-0.1807305,-0.07312096999999998,0.04879718,0.094297125,0.45916549999999995,0.5067698,0.6360555,0.7391316499999998,0.1525625,0.8474375,Arctic Geese and Swans
Arctic Birds: Arctic Geese and Swans,47,1986,0.3324,0.2943,-0.2437,0.9133,39.42,-21.63,149.2,-0.14604594999999998,-0.036122339999999996,0.0906248,0.13672574999999998,0.52587975,0.5764470000000002,0.7083266,0.8156109999999999,0.124875,0.875125,Arctic Geese and Swans
Arctic Birds: Arctic Geese and Swans,47,1987,0.3874,0.308,-0.211,1,47.31,-19.03,171.9,-0.11880004999999998,0.0011617130000000024,0.13262239999999997,0.18341599999999997,0.58969475,0.6407452,0.7752506,0.8927573500000001,0.0995625,0.9004375,Arctic Geese and Swans
Arctic Birds: Arctic Geese and Swans,47,1988,0.4427,0.3197,-0.1818,1.078,55.69,-16.62,193.8,-0.08157495,0.04191822,0.17865400000000003,0.230467,0.65232625,0.7085086,0.848996,0.9672111999999995,0.0795,0.9205,Arctic Geese and Swans
Arctic Birds: Arctic Geese and Swans,47,1989,0.4989,0.3316,-0.1469,1.159,64.69,-13.66,218.6,-0.04663794,0.07856973000000003,0.2262284,0.28130125,0.718818,0.7730086000000002,0.9217568,1.0448039999999998,0.0643125,0.9356875,Arctic Geese and Swans
Arctic Birds: Arctic Geese and Swans,47,1990,0.5567,0.3422,-0.1165,1.232,74.5,-11,242.9,0.001854987000000018,0.12666890000000003,0.2736348,0.32883249999999997,0.7860552499999999,0.8430820000000001,0.9922742,1.1197225,0.049625,0.950375,Arctic Geese and Swans
Arctic Birds: Arctic Geese and Swans,47,1991,0.6133,0.3526,-0.08141,1.31,84.65,-7.818,270.7,0.03945073000000002,0.1653861,0.3201786,0.37904200000000005,0.84606375,0.9068204000000001,1.064647,1.1960574999999993,0.040625,0.959375,Arctic Geese and Swans
Arctic Birds: Arctic Geese and Swans,47,1992,0.6717,0.3632,-0.03999,1.381,95.76,-3.92,297.7,0.07638108,0.21152460000000003,0.36857720000000005,0.42976775,0.9135057499999999,0.9745088000000002,1.1347330000000002,1.267266,0.0316875,0.9683125,Arctic Geese and Swans
Arctic Birds: Arctic Geese and Swans,47,1993,0.7282,0.3737,-0.006595,1.462,107.1,-0.6573,331.7,0.11964345000000001,0.25505669999999997,0.41897660000000003,0.47578425,0.9751955,1.039224,1.206793,1.3419574999999997,0.026,0.974,Arctic Geese and Swans
Arctic Birds: Arctic Geese and Swans,47,1994,0.7857,0.3839,0.04028,1.539,119.4,4.11,366,0.1561975,0.30089130000000003,0.4659938,0.5323742499999999,1.03973,1.104054,1.274193,1.4127224999999999,0.0195,0.9805,Arctic Geese and Swans
Arctic Birds: Arctic Geese and Swans,47,1995,0.8434,0.3948,0.075,1.624,132.4,7.788,407.5,0.192785,0.33655060000000003,0.5130276,0.5782345,1.1070449999999998,1.172304,1.346603,1.4829244999999998,0.0168125,0.9831875,Arctic Geese and Swans
Arctic Birds: Arctic Geese and Swans,47,1996,0.9006,0.4062,0.1086,1.704,146.1,11.47,449.8,0.23009875000000002,0.38600520000000005,0.5641684,0.62792375,1.1712125,1.238072,1.417318,1.568422,0.01425,0.98575,Arctic Geese and Swans
Arctic Birds: Arctic Geese and Swans,47,1997,0.9576,0.4166,0.1418,1.784,160.6,15.23,495.3,0.2729196,0.4259717,0.6074938000000001,0.677226,1.2350349999999999,1.300024,1.489301,1.6425439999999996,0.0106875,0.9893125,Arctic Geese and Swans
Arctic Birds: Arctic Geese and Swans,47,1998,1.016,0.4275,0.1785,1.861,176.1,19.54,542.7,0.31437535,0.472481,0.6583327999999999,0.728383,1.2974825,1.368198,1.559293,1.7183674999999998,0.0079375,0.9920625,Arctic Geese and Swans
Arctic Birds: Arctic Geese and Swans,47,1999,1.073,0.4368,0.21560000000000001,1.936,192.3,24.06,593,0.3565354,0.5165393,0.7071382,0.78026625,1.365145,1.4379440000000001,1.6281709999999998,1.7917634999999998,0.0061875,0.9938125,Arctic Geese and Swans
Arctic Birds: Arctic Geese and Swans,47,2000,1.127,0.4435,0.2565,2.001,208.7,29.24,639.7,0.39862274999999997,0.5627922000000001,0.7532460000000001,0.8254975,1.425665,1.4968380000000001,1.6891219999999998,1.8530809999999998,0.005125,0.994875,Arctic Geese and Swans
Arctic Birds: Arctic Geese and Swans,47,2001,1.179,0.4498,0.2999,2.061,225.2,34.97,685.3,0.4435712,0.6076452,0.7987898000000001,0.8742295,1.4797099999999999,1.5523519999999997,1.747953,1.9193719999999992,0.003875,0.996125,Arctic Geese and Swans
Arctic Birds: Arctic Geese and Swans,47,2002,1.229,0.4544,0.3407,2.127,241.8,40.59,739,0.48546005,0.6529079,0.8471564,0.9200327500000001,1.5312075,1.607986,1.807985,1.9775064999999998,0.003125,0.996875,Arctic Geese and Swans
Arctic Birds: Arctic Geese and Swans,47,2003,1.277,0.459,0.3798,2.182,258.5,46.21,786.6,0.5281105500000001,0.6948312,0.8905404,0.965086,1.58254,1.6611019999999999,1.861386,2.037188,0.002375,0.997625,Arctic Geese and Swans
Arctic Birds: Arctic Geese and Swans,47,2004,1.325,0.4631,0.4183,2.241,276.3,51.94,840.3,0.5621886,0.737888,0.9375664000000001,1.01237,1.63653,1.710296,1.9168610000000001,2.0846744999999998,0.0020625,0.9979375,Arctic Geese and Swans
Arctic Birds: Arctic Geese and Swans,47,2005,1.373,0.467,0.4564,2.301,294.8,57.84,898.3,0.6088836000000001,0.779939,0.9809832,1.0567175,1.686125,1.7631720000000002,1.969996,2.1502540000000003,0.0015,0.9985,Arctic Geese and Swans
Arctic Birds: Arctic Geese and Swans,47,2006,1.423,0.4709,0.4955,2.352,314.9,64.13,950.9,0.6551606999999999,0.8226978,1.0276640000000001,1.102955,1.742585,1.813738,2.0264349999999998,2.2010435,0.00125,0.99875,Arctic Geese and Swans
Arctic Birds: Arctic Geese and Swans,47,2007,1.472,0.4748,0.5444,2.407,335.6,72.36,1010,0.6926894,0.8660617999999999,1.070638,1.1508825,1.7924425,1.8663539999999998,2.0768619999999998,2.256893,0.001,0.999,Arctic Geese and Swans
Arctic Birds: Arctic Geese and Swans,47,2008,1.52,0.4809,0.5859,2.466,357.3,79.66,1078,0.7299352499999999,0.9061233999999999,1.113928,1.193395,1.8429350000000002,1.92224,2.136501,2.3157020000000004,6.875e-4,0.9993125,Arctic Geese and Swans
Arctic Birds: Arctic Geese and Swans,47,2009,1.567,0.4873,0.6122,2.524,379.4,84.44,1148,0.7686710000000001,0.9455548,1.1565079999999999,1.2366325,1.8946925000000001,1.973652,2.191271,2.3735189999999995,6.875e-4,0.9993125,Arctic Geese and Swans
Arctic Birds: Arctic Geese and Swans,47,2010,1.613,0.4924,0.6617,2.582,401.8,93.81,1222,0.80748795,0.9853047,1.195342,1.278605,1.9428275,2.027952,2.2429289999999997,2.423823,5.625e-4,0.9994375,Arctic Geese and Swans
Arctic Birds: Arctic Geese and Swans,47,2011,1.658,0.498,0.6938,2.641,424.7,100.1,1303,0.83761485,1.020921,1.236048,1.31851,1.99253,2.0717,2.292736,2.4733535,5e-4,0.9995,Arctic Geese and Swans
Arctic Birds: Arctic Geese and Swans,47,2012,1.698,0.5042,0.7194,2.686,446.4,105.3,1368,0.8704355,1.054083,1.273224,1.3541175,2.0359749999999996,2.11812,2.340631,2.5231365,4.375e-4,0.9995625,Arctic Geese and Swans
Arctic Birds: Arctic Geese and Swans,47,2013,1.734,0.5111,0.7378,2.744,466.2,109.1,1456,0.8959591499999999,1.0813659999999998,1.302972,1.385695,2.078045,2.157842,2.38655,2.5749514999999996,3.75e-4,0.999625,Arctic Geese and Swans
Arctic Birds: Arctic Geese and Swans,47,2014,1.764,0.5174,0.764,2.786,483.5,114.7,1522,0.91992745,1.099518,1.329526,1.4146200000000002,2.10823,2.192422,2.42482,2.6172874999999998,3.75e-4,0.999625,Arctic Geese and Swans
Arctic Birds: Arctic Geese and Swans,47,2015,1.79,0.525,0.7695,2.816,498.9,115.9,1571,0.93160005,1.114948,1.3533180000000002,1.4372375000000002,2.1377775000000003,2.226144,2.459209,2.6506299999999996,3.75e-4,0.999625,Arctic Geese and Swans
Arctic Birds: Arctic Geese and Swans,47,2016,1.811,0.5322,0.7658,2.861,511.5,115.1,1649,0.93275005,1.126837,1.367182,1.4537875,2.1662424999999996,2.249124,2.491642,2.6875815,3.75e-4,0.999625,Arctic Geese and Swans
Arctic Birds: Arctic Geese and Swans,47,2017,1.824,0.541,0.7609,2.895,519.8,114,1708,0.93342595,1.1314480000000002,1.3707960000000001,1.4618699999999998,2.184285,2.272486,2.513321,2.707569999999999,5e-4,0.9995,Arctic Geese and Swans
Arctic Birds: Arctic Geese and Swans,47,2018,1.832,0.5505,0.75,2.921,524.6,111.7,1757,0.9222740500000001,1.123079,1.372256,1.46607,2.201365,2.291446,2.5339460000000003,2.738984,6.25e-4,0.999375,Arctic Geese and Swans
Arctic Birds: Arctic Geese and Swans,47,2019,1.833,0.5595,0.742,2.932,525.5,110,1776,0.9022046499999999,1.111564,1.361366,1.46158,2.2087049999999997,2.300876,2.546531,2.7539029999999998,6.875e-4,0.9993125,Arctic Geese and Swans
Arctic Birds: Arctic Geese and Swans,47,2020,1.839,0.571,0.7305,2.957,529,107.6,1823,0.89474625,1.1032270000000002,1.3617979999999998,1.456575,2.2231300000000003,2.320684,2.561983,2.776013,9.375e-4,0.9990625,Arctic Geese and Swans
Arctic Birds: Arctic Geese and Swans,47,2021,1.842,0.5818,0.6951,2.983,530.6,100.4,1875,0.88049035,1.090438,1.3540860000000001,1.4496025,2.2300925,2.327074,2.582666,2.7902024999999995,0.001125,0.998875,Arctic Geese and Swans
Long-Distance Migrants: All,52,1970,0,0,0,0,0,0,0,0,0,0,0,0,0,0,0,0,0,Long-Distance Migrants
Long-Distance Migrants: All,52,1971,1.71e-4,0.0049,-0.0104,0.01057,0.0171,-1.035,1.062,-0.007643911000000001,-0.005086876000000001,-0.00280464,-0.00212716,0.00241262,0.0031549440000000007,0.005567988000000001,0.007985741999999992,0.47875,0.52125,Long-Distance Migrants
Long-Distance Migrants: All,52,1972,7.773e-4,0.01024,-0.02087,0.02163,0.07776,-2.066,2.187,-0.016394319999999997,-0.0117353,-0.006838421999999999,-0.0051259925,0.006772729999999999,0.008427168,0.013258240000000008,0.017609864999999995,0.4575625,0.5424375,Long-Distance Migrants
Long-Distance Migrants: All,52,1973,0.001989,0.0179,-0.03347,0.0368,0.1991,-3.292,3.748,-0.02775735,-0.02089976,-0.012679839999999998,-0.0097772325,0.01401345,0.01685424,0.02450319,0.031111515,0.452125,0.547875,Long-Distance Migrants
Long-Distance Migrants: All,52,1974,0.003666,0.02536,-0.04678,0.05337,0.3673,-4.57,5.482,-0.03841575,-0.02893295,-0.017092859999999998,-0.013014324999999998,0.020531325,0.02477158,0.03589722,0.04517422499999999,0.4375625,0.5624375,Long-Distance Migrants
Long-Distance Migrants: All,52,1975,0.005932,0.03311,-0.05953,0.07142,0.595,-5.779,7.403,-0.048227865,-0.035859209999999996,-0.02164718,-0.016380775,0.02787125,0.03347292000000002,0.048001020000000005,0.060733539999999996,0.427375,0.572625,Long-Distance Migrants
Long-Distance Migrants: All,52,1976,0.008044,0.04029,-0.07099,0.08726,0.8077,-6.853,9.118,-0.05814473,-0.04355511,-0.025357039999999997,-0.019231475,0.034985275,0.041796780000000006,0.05918353000000001,0.074163045,0.4194375,0.5805625,Long-Distance Migrants
Long-Distance Migrants: All,52,1977,0.009927,0.0465,-0.08061,0.1019,0.9977,-7.745,10.72,-0.06626861,-0.04916331,-0.028847359999999992,-0.021476425,0.04083645,0.04901946,0.06933343,0.08586218999999999,0.4194375,0.5805625,Long-Distance Migrants
Long-Distance Migrants: All,52,1978,0.0106,0.05218,-0.09266,0.1136,1.066,-8.85,12.03,-0.075938405,-0.056564069999999994,-0.032767899999999996,-0.02434395,0.0465168,0.054629060000000014,0.07676311000000001,0.09622070499999999,0.42225,0.57775,Long-Distance Migrants
Long-Distance Migrants: All,52,1979,0.01042,0.05761,-0.1034,0.1215,1.047,-9.825,12.92,-0.08533289000000001,-0.06367326,-0.03767558,-0.028372425,0.049486125,0.05833330000000002,0.08394619,0.1043931,0.4239375,0.5760625,Long-Distance Migrants
Long-Distance Migrants: All,52,1980,0.009311,0.06284,-0.1141,0.1319,0.9355,-10.78,14.1,-0.093795225,-0.07168566,-0.044058,-0.033074075,0.0512557,0.06204624,0.08981991,0.11286189999999996,0.4370625,0.5629375,Long-Distance Migrants
Long-Distance Migrants: All,52,1981,0.008264,0.06762,-0.1238,0.1421,0.8298,-11.64,15.27,-0.10284904999999998,-0.07832534,-0.04881174,-0.036802125,0.052876275,0.06456592000000003,0.09536254000000004,0.12046449999999999,0.4501875,0.5498125,Long-Distance Migrants
Long-Distance Migrants: All,52,1982,0.006018,0.07252,-0.1355,0.1496,0.6036,-12.67,16.13,-0.1130895,-0.08647935000000001,-0.05532893999999999,-0.042650400000000005,0.053721200000000004,0.06621238,0.09870907000000002,0.12625630000000002,0.4690625,0.5309375,Long-Distance Migrants
Long-Distance Migrants: All,52,1983,0.001637,0.07734,-0.1516,0.1537,0.1639,-14.06,16.61,-0.126768,-0.09846722,-0.06430682,-0.05028077500000001,0.0534867,0.06646402000000001,0.09996424000000001,0.12875424999999996,0.4863125,0.5136875,Long-Distance Migrants
Long-Distance Migrants: All,52,1984,-0.004428,0.08158,-0.1636,0.1562,-0.4419,-15.09,16.9,-0.14070855,-0.1105222,-0.07313631999999999,-0.059306525,0.050607575,0.06379158000000001,0.09947829000000001,0.12875759999999997,0.5203125,0.4796875,Long-Distance Migrants
Long-Distance Migrants: All,52,1985,-0.01165,0.08604,-0.1797,0.1577,-1.158,-16.45,17.08,-0.15245695,-0.1235188,-0.08503830000000001,-0.07018740000000001,0.04607575,0.05971830000000001,0.09801889000000001,0.13059034999999997,0.5525,0.4475,Long-Distance Migrants
Long-Distance Migrants: All,52,1986,-0.02036,0.09035,-0.194,0.1565,-2.016,-17.63,16.94,-0.16849935000000002,-0.1374559,-0.0976126,-0.08158555,0.039800425,0.05514728000000003,0.09556445000000002,0.127755,0.5859375,0.4140625,Long-Distance Migrants
Long-Distance Migrants: All,52,1987,-0.02961,0.09452,-0.2127,0.1552,-2.918,-19.16,16.79,-0.18406780000000003,-0.15087269999999997,-0.1105024,-0.094323125,0.03436865,0.049990180000000016,0.09178874000000002,0.12468874999999997,0.6246875,0.3753125,Long-Distance Migrants
Long-Distance Migrants: All,52,1988,-0.03964,0.09842,-0.2317,0.1556,-3.887,-20.68,16.84,-0.2000555,-0.16572520000000002,-0.12246279999999998,-0.10628575000000001,0.025814624999999997,0.04248802000000003,0.08678227,0.1210776,0.658375,0.341625,Long-Distance Migrants
Long-Distance Migrants: All,52,1989,-0.05047,0.1021,-0.2493,0.1521,-4.922,-22.07,16.43,-0.2182799,-0.1804136,-0.1366788,-0.1191505,0.017246024999999998,0.0345714,0.08055702000000001,0.11922704999999997,0.6910625,0.3089375,Long-Distance Migrants
Long-Distance Migrants: All,52,1990,-0.062,0.1055,-0.269,0.148,-6.012,-23.59,15.95,-0.23417315,-0.1957179,-0.15120119999999998,-0.13301425,0.00826491,0.026588580000000046,0.07336476000000001,0.11372459999999993,0.723375,0.276625,Long-Distance Migrants
Long-Distance Migrants: All,52,1991,-0.07443,0.1093,-0.2921,0.1401,-7.172,-25.33,15.04,-0.25190260000000003,-0.21386889999999997,-0.1667662,-0.14854175,-7.416105e-4,0.017193460000000004,0.06629613999999999,0.10509474999999999,0.752,0.248,Long-Distance Migrants
Long-Distance Migrants: All,52,1992,-0.08821,0.1127,-0.3107,0.1323,-8.444,-26.71,14.15,-0.27426285,-0.2315905,-0.18331419999999998,-0.1637495,-0.012400925,0.006118142,0.055531280000000016,0.09740321499999993,0.7839375,0.2160625,Long-Distance Migrants
Long-Distance Migrants: All,52,1993,-0.1025,0.1164,-0.3338,0.1272,-9.743,-28.38,13.57,-0.29549545,-0.25103149999999996,-0.1993016,-0.18005525,-0.0243031,-0.004400757999999993,0.04431821,0.08871864999999987,0.8126875,0.1873125,Long-Distance Migrants
Long-Distance Migrants: All,52,1994,-0.1175,0.1196,-0.3551,0.1175,-11.08,-29.89,12.46,-0.31498989999999993,-0.2700048,-0.2179038,-0.19787499999999997,-0.037305575,-0.017249739999999996,0.03422386,0.07960621499999995,0.83875,0.16125,Long-Distance Migrants
Long-Distance Migrants: All,52,1995,-0.1331,0.1225,-0.3776,0.105,-12.46,-31.45,11.07,-0.3347322,-0.28884340000000003,-0.2352086,-0.21562225000000002,-0.05048235,-0.02948189999999997,0.021902920000000006,0.06674532999999999,0.8629375,0.1370625,Long-Distance Migrants
Long-Distance Migrants: All,52,1996,-0.1491,0.1254,-0.396,0.098,-13.85,-32.7,10.3,-0.35553749999999995,-0.3085842,-0.25547359999999997,-0.233351,-0.064527375,-0.042727959999999995,0.011418160000000005,0.053911989999999986,0.883,0.117,Long-Distance Migrants
Long-Distance Migrants: All,52,1997,-0.1649,0.1282,-0.4166,0.08392,-15.21,-34.07,8.755,-0.3761984,-0.3281991,-0.27272,-0.2510955,-0.0774513,-0.05621115999999998,-0.00152086199999996,0.04330738499999998,0.9029375,0.0970625,Long-Distance Migrants
Long-Distance Migrants: All,52,1998,-0.1804,0.131,-0.437,0.07418,-16.5,-35.4,7.701,-0.39769774999999996,-0.34710230000000003,-0.28989960000000004,-0.26874750000000003,-0.0907385,-0.06873115999999999,-0.013146109999999963,0.032675469999999845,0.916375,0.083625,Long-Distance Migrants
Long-Distance Migrants: All,52,1999,-0.1957,0.134,-0.4601,0.06608,-17.78,-36.88,6.832,-0.41683159999999997,-0.3664208,-0.30767140000000004,-0.285347,-0.10400725,-0.08233457999999996,-0.02456747999999999,0.02391396499999999,0.9285,0.0715,Long-Distance Migrants
Long-Distance Migrants: All,52,2000,-0.2105,0.1366,-0.4799,0.05889,-18.98,-38.12,6.066,-0.4352743,-0.3839482,-0.3249656,-0.3022045,-0.11775525,-0.09602841999999993,-0.03573001,0.014846019999999889,0.9380625,0.0619375,Long-Distance Migrants
Long-Distance Migrants: All,52,2001,-0.2248,0.1393,-0.5004,0.04584,-20.13,-39.37,4.69,-0.4553183,-0.4013155,-0.3422068,-0.31890324999999997,-0.13054575,-0.10727859999999997,-0.04588008,0.005170242499999992,0.9466875,0.0533125,Long-Distance Migrants
Long-Distance Migrants: All,52,2002,-0.2376,0.1416,-0.5175,0.04097,-21.15,-40.4,4.182,-0.47144335,-0.416909,-0.3558244,-0.3328795,-0.14250725,-0.11808539999999995,-0.05542729,-0.005039576000000013,0.953125,0.046875,Long-Distance Migrants
Long-Distance Migrants: All,52,2003,-0.2495,0.1437,-0.5328,0.03261,-22.08,-41.31,3.315,-0.48478469999999996,-0.43096809999999997,-0.3696878,-0.34564674999999995,-0.15321099999999999,-0.1275606,-0.06369032999999999,-0.013590745000000007,0.9585,0.0415,Long-Distance Migrants
Long-Distance Migrants: All,52,2004,-0.2602,0.1456,-0.5483,0.02593,-22.91,-42.21,2.627,-0.4992703,-0.4450323,-0.3817528,-0.35796025,-0.162776,-0.13711599999999993,-0.07167972999999998,-0.019375455000000128,0.96275,0.03725,Long-Distance Migrants
Long-Distance Migrants: All,52,2005,-0.2698,0.1477,-0.5645,0.02116,-23.65,-43.14,2.139,-0.5113890000000001,-0.45780220000000005,-0.3930334,-0.368782,-0.1700965,-0.14488819999999997,-0.07935943000000001,-0.02678332000000002,0.9660625,0.0339375,Long-Distance Migrants
Long-Distance Migrants: All,52,2006,-0.2795,0.1497,-0.5767,0.0133,-24.38,-43.82,1.339,-0.523807,-0.46965,-0.4050964,-0.38078175000000003,-0.17771,-0.1521078,-0.08618128999999995,-0.03552676500000005,0.9693125,0.0306875,Long-Distance Migrants
Long-Distance Migrants: All,52,2007,-0.29,0.1515,-0.586,0.005446,-25.17,-44.34,0.5461,-0.53761375,-0.48195099999999996,-0.417211,-0.39254325,-0.18692825000000002,-0.1615364,-0.09456392999999999,-0.04308151500000003,0.973125,0.026875,Long-Distance Migrants
Long-Distance Migrants: All,52,2008,-0.3006,0.15310000000000001,-0.6006,-0.002279,-25.96,-45.15,-0.2277,-0.55131015,-0.49604210000000004,-0.4294504,-0.40417349999999996,-0.19594874999999998,-0.17095019999999994,-0.1036815,-0.04928574500000005,0.97625,0.02375,Long-Distance Migrants
Long-Distance Migrants: All,52,2009,-0.3104,0.155,-0.6151,-0.01046,-26.69,-45.94,-1.04,-0.5641544000000001,-0.5093121,-0.4401072,-0.415624,-0.20513975,-0.17843639999999997,-0.11044859999999998,-0.05695345500000007,0.97925,0.02075,Long-Distance Migrants
Long-Distance Migrants: All,52,2010,-0.3202,0.1564,-0.6277,-0.01517,-27.4,-46.62,-1.505,-0.5758313,-0.5201357999999999,-0.45096719999999996,-0.426327,-0.21379974999999998,-0.18726299999999996,-0.11768309999999998,-0.06470229500000016,0.9809375,0.0190625,Long-Distance Migrants
Long-Distance Migrants: All,52,2011,-0.3284,0.158,-0.6363,-0.02324,-27.99,-47.07,-2.297,-0.58524985,-0.5318879999999999,-0.46168359999999997,-0.43606575000000003,-0.22131150000000002,-0.1944628,-0.12485979999999998,-0.06863281000000003,0.9829375,0.0170625,Long-Distance Migrants
Long-Distance Migrants: All,52,2012,-0.3351,0.1596,-0.6439,-0.02768,-28.47,-47.48,-2.73,-0.5939337499999999,-0.5406199,-0.4704802,-0.44352,-0.22645649999999998,-0.1998448,-0.1288938,-0.07418629000000007,0.9830625,0.0169375,Long-Distance Migrants
Long-Distance Migrants: All,52,2013,-0.3406,0.1612,-0.6519,-0.0294,-28.86,-47.89,-2.897,-0.6035194,-0.5475648000000001,-0.4760458,-0.44919925,-0.23070849999999998,-0.20328259999999998,-0.13100819999999996,-0.07444092500000002,0.983625,0.016375,Long-Distance Migrants
Long-Distance Migrants: All,52,2014,-0.3443,0.1627,-0.6592,-0.02779,-29.13,-48.27,-2.74,-0.6108667000000001,-0.5519848,-0.480592,-0.45385075,-0.23238625000000002,-0.2047318,-0.13330919999999996,-0.07623089500000017,0.9833125,0.0166875,Long-Distance Migrants
Long-Distance Migrants: All,52,2015,-0.3462,0.1641,-0.665,-0.03044,-29.26,-48.57,-2.998,-0.6150601,-0.5563423999999999,-0.4832072,-0.4567885,-0.233832,-0.20619519999999997,-0.1333093,-0.07762663000000014,0.983875,0.016125,Long-Distance Migrants
Long-Distance Migrants: All,52,2016,-0.3464,0.1655,-0.6708,-0.02331,-29.27,-48.87,-2.304,-0.6175658,-0.557993,-0.4858728,-0.45735099999999995,-0.23319974999999998,-0.2043276,-0.13196189999999997,-0.07274281000000002,0.98275,0.01725,Long-Distance Migrants
Long-Distance Migrants: All,52,2017,-0.3454,0.1671,-0.6709,-0.01886,-29.2,-48.88,-1.868,-0.62077045,-0.5574351,-0.4850314,-0.45742750000000004,-0.23043324999999998,-0.20209919999999998,-0.1299089,-0.07004845000000007,0.98175,0.01825,Long-Distance Migrants
Long-Distance Migrants: All,52,2018,-0.3439,0.1683,-0.6716,-0.01714,-29.1,-48.91,-1.699,-0.6214324499999999,-0.5587616,-0.4852904,-0.45732875,-0.2294155,-0.199661,-0.12568369999999998,-0.06757258000000006,0.9806875,0.0193125,Long-Distance Migrants
Long-Distance Migrants: All,52,2019,-0.3422,0.1693,-0.67,-0.01114,-28.98,-48.83,-1.108,-0.6197949,-0.5579547,-0.48491959999999995,-0.45630425,-0.227134,-0.19705979999999998,-0.1218716,-0.06423494500000002,0.979375,0.020625,Long-Distance Migrants
Long-Distance Migrants: All,52,2020,-0.3397,0.17,-0.67,-0.006147,-28.8,-48.83,-0.6128,-0.6151345,-0.5568521,-0.4826658,-0.45414575,-0.22432225,-0.19490719999999997,-0.11900419999999994,-0.05867739000000003,0.9776875,0.0223125,Long-Distance Migrants
Long-Distance Migrants: All,52,2021,-0.3383,0.1705,-0.6695,-0.005047,-28.7,-48.8,-0.5034,-0.61457275,-0.5555211,-0.481633,-0.45248625000000003,-0.22299750000000002,-0.1938218,-0.11747389999999999,-0.05629320000000003,0.977,0.023,Long-Distance Migrants
Long-Distance Migrants: All,52,2022,-0.3373,0.1706,-0.6686,-0.003824,-28.63,-48.76,-0.3816,-0.61479905,-0.5556381,-0.48022699999999996,-0.451571,-0.22198075,-0.19243259999999995,-0.11630099999999996,-0.05606235500000002,0.9765625,0.0234375,Long-Distance Migrants
Long-Distance Migrants: Short-Distance Migrants,52,1970,0,0,0,0,0,0,0,0,0,0,0,0,0,0,0,0,0,Short-Distance Migrants
Long-Distance Migrants: Short-Distance Migrants,52,1971,0.001032,0.003312,-0.00598,0.00838,0.1033,-0.5963,0.8415,-0.004175858,-0.0025463589999999998,-0.0010234519999999998,-5.4362275e-4,0.00255567,0.0030242340000000006,0.004661209000000001,0.006348834499999993,0.3238125,0.6761875,Short-Distance Migrants
Long-Distance Migrants: Short-Distance Migrants,52,1972,0.002059,0.008154,-0.01462,0.01882,0.2061,-1.451,1.9,-0.011216839999999999,-0.007911713999999999,-0.0041612260000000005,-0.0028906275,0.00696688,0.008234802000000001,0.01223744,0.015576179999999997,0.38875,0.61125,Short-Distance Migrants
Long-Distance Migrants: Short-Distance Migrants,52,1973,0.00236,0.01565,-0.02823,0.03308,0.2363,-2.784,3.363,-0.02341015,-0.01756781,-0.010549239999999998,-0.0080942975,0.012888974999999999,0.015400800000000006,0.022312180000000004,0.028112909999999984,0.4390625,0.5609375,Short-Distance Migrants
Long-Distance Migrants: Short-Distance Migrants,52,1974,0.001201,0.02307,-0.04382,0.04666,0.1202,-4.288,4.776,-0.03686065499999999,-0.02832085,-0.018068,-0.01441785,0.01679765,0.02071498,0.03083661,0.03901567499999997,0.481,0.519,Short-Distance Migrants
Long-Distance Migrants: Short-Distance Migrants,52,1975,-0.001127,0.03137,-0.06232,0.06018,-0.1127,-6.042,6.203,-0.052444125,-0.04144243,-0.02770002,-0.02249,0.020487375000000002,0.025465400000000006,0.03881835000000001,0.049754364999999995,0.514375,0.485625,Short-Distance Migrants
Long-Distance Migrants: Short-Distance Migrants,52,1976,-0.004476,0.03999,-0.08322,0.07306,-0.4466,-7.985,7.579,-0.070592895,-0.05552907,-0.038101899999999994,-0.0315456,0.022361075,0.028778740000000004,0.04601216,0.06073633999999999,0.53825,0.46175,Short-Distance Migrants
Long-Distance Migrants: Short-Distance Migrants,52,1977,-0.008274,0.04777,-0.1018,0.08612,-0.824,-9.677,8.994,-0.087380755,-0.06954805,-0.048430959999999995,-0.0402414,0.023993050000000002,0.0317859,0.05204054,0.06997231999999999,0.5688125,0.4311875,Short-Distance Migrants
Long-Distance Migrants: Short-Distance Migrants,52,1978,-0.01254,0.05428,-0.1179,0.09443,-1.246,-11.13,9.903,-0.1007313,-0.08201997999999999,-0.058227619999999994,-0.04917785,0.02414795,0.03320684000000001,0.05650348000000001,0.07645319999999999,0.5946875,0.4053125,Short-Distance Migrants
Long-Distance Migrants: Short-Distance Migrants,52,1979,-0.01681,0.05999,-0.1346,0.1004,-1.667,-12.6,10.56,-0.11565095,-0.09433648,-0.06708402,-0.0572256,0.023553900000000003,0.03329412000000002,0.05968932000000001,0.082624905,0.6086875,0.3913125,Short-Distance Migrants
Long-Distance Migrants: Short-Distance Migrants,52,1980,-0.02037,0.06492,-0.1469,0.1077,-2.017,-13.66,11.38,-0.12691935000000001,-0.10366039999999999,-0.0751032,-0.064315975,0.02340945,0.034591180000000006,0.06348758000000002,0.087017095,0.6235625,0.3764375,Short-Distance Migrants
Long-Distance Migrants: Short-Distance Migrants,52,1981,-0.02362,0.07015,-0.1584,0.1141,-2.334,-14.65,12.09,-0.13770705,-0.1136343,-0.08343846,-0.0715631,0.023455274999999998,0.035044080000000005,0.06696285,0.09339487999999999,0.6328125,0.3671875,Short-Distance Migrants
Long-Distance Migrants: Short-Distance Migrants,52,1982,-0.02616,0.07457,-0.1708,0.1208,-2.582,-15.7,12.84,-0.1480986,-0.12203069999999999,-0.08927676,-0.07657835,0.024144625000000003,0.03652096,0.06999052,0.09683604999999997,0.638625,0.361375,Short-Distance Migrants
Long-Distance Migrants: Short-Distance Migrants,52,1983,-0.02848,0.07892,-0.1828,0.1265,-2.808,-16.71,13.48,-0.15769875,-0.1293929,-0.09491092,-0.08230227500000001,0.024751075000000004,0.038444480000000045,0.07403341000000002,0.10245134999999993,0.6400625,0.3599375,Short-Distance Migrants
Long-Distance Migrants: Short-Distance Migrants,52,1984,-0.02919,0.08313,-0.1902,0.1338,-2.877,-17.32,14.32,-0.1666554,-0.1364189,-0.09906473999999998,-0.085697225,0.026213975,0.04102274,0.07756060000000001,0.10805754999999993,0.6394375,0.3605625,Short-Distance Migrants
Long-Distance Migrants: Short-Distance Migrants,52,1985,-0.02912,0.08686,-0.1976,0.141,-2.87,-17.93,15.14,-0.17236075,-0.14211639999999998,-0.1024216,-0.08796667500000001,0.029548,0.04377128000000001,0.08212031,0.11338104999999997,0.6301875,0.3698125,Short-Distance Migrants
Long-Distance Migrants: Short-Distance Migrants,52,1986,-0.029,0.09064,-0.2051,0.1509,-2.859,-18.55,16.29,-0.1803244,-0.1458327,-0.104957,-0.09006492499999999,0.0320359,0.04736864000000002,0.08684231,0.1189973,0.6250625,0.3749375,Short-Distance Migrants
Long-Distance Migrants: Short-Distance Migrants,52,1987,-0.02773,0.09437,-0.2122,0.1592,-2.735,-19.12,17.26,-0.18507629999999997,-0.148645,-0.1060066,-0.090303725,0.035479875,0.050437000000000044,0.09310616000000002,0.12870629999999997,0.6135,0.3865,Short-Distance Migrants
Long-Distance Migrants: Short-Distance Migrants,52,1988,-0.02644,0.098,-0.2191,0.1688,-2.61,-19.67,18.39,-0.1882407,-0.1520155,-0.10896339999999999,-0.0925926,0.039326324999999995,0.05570482,0.09833379000000002,0.13565959999999996,0.607,0.393,Short-Distance Migrants
Long-Distance Migrants: Short-Distance Migrants,52,1989,-0.02548,0.1016,-0.2245,0.1752,-2.516,-20.1,19.15,-0.19239475,-0.1555173,-0.1114966,-0.094037925,0.0423663,0.059113500000000006,0.1051975,0.1433890499999999,0.59925,0.40075,Short-Distance Migrants
Long-Distance Migrants: Short-Distance Migrants,52,1990,-0.02477,0.1051,-0.229,0.1842,-2.446,-20.46,20.22,-0.19811684999999998,-0.1587698,-0.1135216,-0.095818675,0.045349175,0.06239838,0.11048970000000001,0.15073485,0.5945,0.4055,Short-Distance Migrants
Long-Distance Migrants: Short-Distance Migrants,52,1991,-0.02529,0.1088,-0.2388,0.1917,-2.498,-21.25,21.13,-0.2048402,-0.164899,-0.11738519999999998,-0.09799445000000001,0.047554525,0.06554682000000002,0.11421250000000002,0.1553134,0.595375,0.404625,Short-Distance Migrants
Long-Distance Migrants: Short-Distance Migrants,52,1992,-0.02649,0.1123,-0.2465,0.1958,-2.614,-21.85,21.62,-0.21171040000000002,-0.17053010000000002,-0.12105360000000001,-0.102144,0.048293575,0.06705412,0.11797980000000001,0.16063009999999986,0.5958125,0.4041875,Short-Distance Migrants
Long-Distance Migrants: Short-Distance Migrants,52,1993,-0.02974,0.1163,-0.256,0.2017,-2.93,-22.58,22.35,-0.2215191,-0.1781101,-0.12725419999999998,-0.10809,0.046913575,0.06625432,0.11989980000000001,0.16315709999999983,0.602875,0.397125,Short-Distance Migrants
Long-Distance Migrants: Short-Distance Migrants,52,1994,-0.03367,0.1201,-0.2688,0.2046,-3.311,-23.57,22.7,-0.2322593,-0.1869813,-0.1341672,-0.11367075,0.0449732,0.06599962000000004,0.12058819999999999,0.16587539999999992,0.612375,0.387625,Short-Distance Migrants
Long-Distance Migrants: Short-Distance Migrants,52,1995,-0.03846,0.1245,-0.2809,0.2066,-3.773,-24.49,22.95,-0.2437819,-0.1990881,-0.14196019999999998,-0.12156549999999999,0.0444643,0.06524264000000005,0.12209910000000002,0.16757274999999988,0.625875,0.374125,Short-Distance Migrants
Long-Distance Migrants: Short-Distance Migrants,52,1996,-0.0441,0.1283,-0.294,0.2091,-4.314,-25.47,23.26,-0.25373565,-0.2092535,-0.1517832,-0.130466,0.041753625,0.06328598000000003,0.12055270000000003,0.16840384999999997,0.63925,0.36075,Short-Distance Migrants
Long-Distance Migrants: Short-Distance Migrants,52,1997,-0.04971,0.1322,-0.3075,0.2085,-4.849,-26.47,23.19,-0.26517165,-0.21815990000000002,-0.16204759999999999,-0.1390305,0.038141525,0.06154434000000001,0.12214660000000006,0.16908559999999997,0.6515625,0.3484375,Short-Distance Migrants
Long-Distance Migrants: Short-Distance Migrants,52,1998,-0.05552,0.1355,-0.3179,0.2122,-5.401,-27.23,23.63,-0.27692015,-0.2283658,-0.1699004,-0.14749825,0.033932825,0.057229160000000015,0.11956510000000002,0.16828689999999996,0.6604375,0.3395625,Short-Distance Migrants
Long-Distance Migrants: Short-Distance Migrants,52,1999,-0.06101,0.1383,-0.3288,0.2113,-5.918,-28.02,23.53,-0.28451135,-0.2375254,-0.1772644,-0.15557275,0.030279300000000002,0.05443390000000001,0.1167842,0.16788439999999993,0.674625,0.325375,Short-Distance Migrants
Long-Distance Migrants: Short-Distance Migrants,52,2000,-0.06575,0.1409,-0.3397,0.2118,-6.363,-28.8,23.59,-0.29443405,-0.24598209999999998,-0.18457300000000001,-0.16090675000000002,0.027801775,0.05148982,0.11659220000000002,0.16790264999999996,0.685125,0.314875,Short-Distance Migrants
Long-Distance Migrants: Short-Distance Migrants,52,2001,-0.06966,0.1429,-0.3467,0.2139,-6.729,-29.3,23.84,-0.30157115,-0.25117789999999995,-0.188828,-0.16572125,0.02551485,0.04947386000000003,0.114874,0.16704504999999994,0.6924375,0.3075625,Short-Distance Migrants
Long-Distance Migrants: Short-Distance Migrants,52,2002,-0.07167,0.145,-0.3531,0.2142,-6.916,-29.75,23.88,-0.30749770000000004,-0.25601149999999995,-0.1944482,-0.1694935,0.024219450000000003,0.049385360000000045,0.11684920000000004,0.1685759999999998,0.6925625,0.3074375,Short-Distance Migrants
Long-Distance Migrants: Short-Distance Migrants,52,2003,-0.07169,0.147,-0.3594,0.2153,-6.918,-30.19,24.02,-0.31212795,-0.2574224,-0.1967028,-0.17064825,0.026767225000000002,0.05034116000000001,0.11977970000000004,0.17150509999999994,0.69175,0.30825,Short-Distance Migrants
Long-Distance Migrants: Short-Distance Migrants,52,2004,-0.06997,0.1487,-0.3614,0.2208,-6.758,-30.33,24.7,-0.31153905,-0.2578605,-0.19671499999999997,-0.17119,0.028977925,0.05447844000000002,0.12258060000000001,0.17757309999999993,0.6850625,0.3149375,Short-Distance Migrants
Long-Distance Migrants: Short-Distance Migrants,52,2005,-0.06728,0.1507,-0.3581,0.2309,-6.506,-30.1,25.97,-0.31161205,-0.25782540000000004,-0.19482539999999998,-0.16943724999999998,0.0328592,0.059072380000000015,0.1280477,0.18387669999999998,0.6769375,0.3230625,Short-Distance Migrants
Long-Distance Migrants: Short-Distance Migrants,52,2006,-0.06498,0.1525,-0.3608,0.2355,-6.292,-30.29,26.55,-0.31468989999999997,-0.25794789999999995,-0.193102,-0.167502,0.0365316,0.06187694000000006,0.1335503,0.18745069999999994,0.6698125,0.3301875,Short-Distance Migrants
Long-Distance Migrants: Short-Distance Migrants,52,2007,-0.06341,0.1541,-0.3637,0.2401,-6.144,-30.49,27.14,-0.31483745,-0.2583996,-0.19148919999999997,-0.16694025,0.03927942499999999,0.06560754,0.13602780000000003,0.19149405,0.663875,0.336125,Short-Distance Migrants
Long-Distance Migrants: Short-Distance Migrants,52,2008,-0.06321,0.1555,-0.3646,0.2454,-6.126,-30.55,27.82,-0.3156618,-0.26113709999999996,-0.192735,-0.16809825,0.041116200000000006,0.0676357200000001,0.13691250000000002,0.19594889999999995,0.6633125,0.3366875,Short-Distance Migrants
Long-Distance Migrants: Short-Distance Migrants,52,2009,-0.06417,0.1572,-0.3711,0.2467,-6.216,-31.01,27.97,-0.32142925,-0.265461,-0.19489679999999998,-0.1685105,0.041824,0.06797858000000007,0.13840560000000002,0.19767419999999997,0.664,0.336,Short-Distance Migrants
Long-Distance Migrants: Short-Distance Migrants,52,2010,-0.06597,0.159,-0.3741,0.2491,-6.384,-31.21,28.29,-0.32511305,-0.2691231,-0.1987162,-0.171596,0.041304925000000006,0.067806,0.1372689,0.19938314999999998,0.6650625,0.3349375,Short-Distance Migrants
Long-Distance Migrants: Short-Distance Migrants,52,2011,-0.06871,0.161,-0.3813,0.2515,-6.64,-31.7,28.6,-0.33140384999999994,-0.27565429999999996,-0.202962,-0.1768485,0.039634575,0.06630296,0.13847360000000003,0.19855589999999973,0.6703125,0.3296875,Short-Distance Migrants
Long-Distance Migrants: Short-Distance Migrants,52,2012,-0.07129,0.1628,-0.386,0.2533,-6.881,-32.02,28.83,-0.3368687,-0.28000359999999996,-0.20736119999999997,-0.18078425,0.037140225,0.06590712,0.13790950000000002,0.19868759999999988,0.6748125,0.3251875,Short-Distance Migrants
Long-Distance Migrants: Short-Distance Migrants,52,2013,-0.07369,0.1647,-0.394,0.2532,-7.104,-32.56,28.82,-0.34483319999999995,-0.28414039999999996,-0.21095419999999998,-0.18445075000000002,0.036904374999999996,0.06434212000000002,0.13850390000000004,0.20070949999999996,0.67725,0.32275,Short-Distance Migrants
Long-Distance Migrants: Short-Distance Migrants,52,2014,-0.07582,0.1666,-0.401,0.2536,-7.302,-33.04,28.86,-0.34658324999999995,-0.2888476,-0.21539060000000002,-0.18716375,0.035842725,0.062354320000000005,0.1398401,0.19878284999999993,0.6769375,0.3230625,Short-Distance Migrants
Long-Distance Migrants: Short-Distance Migrants,52,2015,-0.07774,0.1684,-0.4027,0.2525,-7.48,-33.15,28.72,-0.35270935,-0.2944506,-0.2200888,-0.19127975000000003,0.036605725,0.06253974000000001,0.1407345,0.2003511,0.6800625,0.3199375,Short-Distance Migrants
Long-Distance Migrants: Short-Distance Migrants,52,2016,-0.08054,0.1701,-0.412,0.2529,-7.738,-33.77,28.77,-0.356665,-0.29831159999999995,-0.22314079999999997,-0.19514700000000001,0.03502165,0.061422200000000045,0.1387149,0.2019821,0.684,0.316,Short-Distance Migrants
Long-Distance Migrants: Short-Distance Migrants,52,2017,-0.08443,0.1712,-0.4167,0.2516,-8.097,-34.08,28.61,-0.36366754999999995,-0.3033151,-0.22692260000000003,-0.19888,0.030474925,0.05808816000000008,0.13625270000000003,0.20133224999999996,0.693125,0.306875,Short-Distance Migrants
Long-Distance Migrants: Short-Distance Migrants,52,2018,-0.08895,0.1726,-0.4255,0.2487,-8.511,-34.66,28.24,-0.3685329,-0.30954000000000004,-0.2340718,-0.20447774999999999,0.027145950000000002,0.05606228000000003,0.13453340000000005,0.19783045,0.6995,0.3005,Short-Distance Migrants
Long-Distance Migrants: Short-Distance Migrants,52,2019,-0.09374,0.1732,-0.4298,0.2449,-8.948,-34.93,27.75,-0.3742901,-0.31567520000000004,-0.2384096,-0.2101925,0.023240700000000003,0.052882040000000005,0.13092660000000006,0.19445524999999994,0.7098125,0.2901875,Short-Distance Migrants
Long-Distance Migrants: Short-Distance Migrants,52,2020,-0.09865,0.1739,-0.437,0.2424,-9.394,-35.4,27.43,-0.38007395,-0.3219209,-0.2447512,-0.21516249999999998,0.018207425,0.04866770000000001,0.12502000000000005,0.18791174999999985,0.718125,0.281875,Short-Distance Migrants
Long-Distance Migrants: Short-Distance Migrants,52,2021,-0.103,0.1742,-0.439,0.2384,-9.788,-35.53,26.92,-0.38612455,-0.32552600000000004,-0.2496056,-0.22001500000000002,0.014090775000000002,0.043998380000000045,0.12150210000000003,0.18573309999999998,0.7254375,0.2745625,Short-Distance Migrants
Long-Distance Migrants: Short-Distance Migrants,52,2022,-0.1115,0.1746,-0.4457,0.2292,-10.55,-35.96,25.76,-0.39394985,-0.33668459999999995,-0.2583112,-0.22917775,0.00594368,0.035759120000000005,0.11186770000000004,0.1770245,0.7398125,0.2601875,Short-Distance Migrants
Long-Distance Migrants: Residents,52,1970,0,0,0,0,0,0,0,0,0,0,0,0,0,0,0,0,0,Residents
Long-Distance Migrants: Residents,52,1971,0.004456,0.008612,-0.014,0.02221,0.4466,-1.391,2.246,-0.0097240325,-0.005479024000000001,-0.0013464279999999996,2.0173725e-6,0.00897941,0.010340540000000002,0.014408240000000001,0.018503449999999998,0.2498125,0.7501875,Residents
Long-Distance Migrants: Residents,52,1972,0.009396,0.01424,-0.01907,0.03772,0.944,-1.889,3.844,-0.014022964999999998,-0.008323617,-0.001674946,5.876015e-4,0.018239900000000003,0.020538660000000004,0.027166040000000002,0.03257136499999999,0.2345625,0.7654375,Residents
Long-Distance Migrants: Residents,52,1973,0.0145,0.02242,-0.03058,0.05892,1.461,-3.011,6.069,-0.022626535,-0.013700869999999997,-0.003731164,-6.0213125e-5,0.029380724999999996,0.03280982,0.04263042,0.05112232499999999,0.251125,0.748875,Residents
Long-Distance Migrants: Residents,52,1974,0.01928,0.03623,-0.05229,0.09045,1.947,-5.095,9.467,-0.04047545,-0.02646061,-0.010377919999999999,-0.00443491,0.04333245,0.04897942000000001,0.06481319,0.07857445499999996,0.2915625,0.7084375,Residents
Long-Distance Migrants: Residents,52,1975,0.02327,0.0551,-0.085319999999999993,0.1306,2.354,-8.178,13.95,-0.06701966,-0.046772299999999996,-0.022375439999999996,-0.01319565,0.0600141,0.06888356000000004,0.09373313000000001,0.11401779999999997,0.3330625,0.6669375,Residents
Long-Distance Migrants: Residents,52,1976,0.02551,0.0741,-0.1204,0.1715,2.584,-11.34,18.7,-0.09739300000000001,-0.06842165,-0.035569619999999996,-0.023308475000000002,0.0749859,0.08728074000000002,0.1189745,0.14559714999999993,0.3621875,0.6378125,Residents
Long-Distance Migrants: Residents,52,1977,0.02902,0.09116,-0.1517,0.2072,2.944,-14.08,23.02,-0.12294955,-0.08754004,-0.046717560000000005,-0.0313378,0.090120125,0.10537679999999999,0.144487,0.1776723999999999,0.37,0.63,Residents
Long-Distance Migrants: Residents,52,1978,0.03262,0.1061,-0.1782,0.2402,3.316,-16.32,27.15,-0.14218725,-0.1026614,-0.05540368,-0.038082475,0.10456475,0.12052020000000002,0.16755810000000002,0.20668920000000002,0.376625,0.623375,Residents
Long-Distance Migrants: Residents,52,1979,0.03562,0.1184,-0.1984,0.2725,3.627,-18,31.33,-0.15888180000000002,-0.1140081,-0.06367473999999998,-0.04361635,0.11537549999999999,0.1346814,0.1866794,0.23105629999999994,0.3831875,0.6168125,Residents
Long-Distance Migrants: Residents,52,1980,0.03853,0.1286,-0.2168,0.2971,3.928,-19.49,34.6,-0.17221075,-0.1255144,-0.07010352,-0.047596475,0.12484875000000001,0.1457658,0.20236740000000006,0.2520485999999999,0.38225,0.61775,Residents
Long-Distance Migrants: Residents,52,1981,0.04176,0.1365,-0.2264,0.3115,4.265,-20.26,36.54,-0.18434875000000003,-0.13371969999999997,-0.07216782,-0.048472825,0.13356825,0.156198,0.2160599,0.2652522,0.3795,0.6205,Residents
Long-Distance Migrants: Residents,52,1982,0.04529,0.1425,-0.2311,0.3273,4.633,-20.63,38.72,-0.19175435,-0.1377079,-0.07388318,-0.050046175,0.14021275,0.16508360000000005,0.227331,0.27874209999999994,0.3728125,0.6271875,Residents
Long-Distance Migrants: Residents,52,1983,0.04848,0.1472,-0.24,0.3366,4.968,-21.34,40.02,-0.19530995,-0.14033030000000002,-0.07477171999999999,-0.0496706,0.14698875,0.17167820000000003,0.2356582,0.28929124999999983,0.369375,0.630625,Residents
Long-Distance Migrants: Residents,52,1984,0.05241,0.151,-0.2452,0.3493,5.38,-21.75,41.81,-0.19694845000000002,-0.1414757,-0.07309368,-0.04909435,0.15396775,0.17817260000000001,0.2440862,0.30112819999999985,0.36475,0.63525,Residents
Long-Distance Migrants: Residents,52,1985,0.05643,0.1537,-0.2444,0.3574,5.805,-21.69,42.97,-0.19639635,-0.13961379999999998,-0.07203736,-0.046757875,0.1592135,0.18557780000000007,0.2531778,0.31067334999999996,0.3563125,0.6436875,Residents
Long-Distance Migrants: Residents,52,1986,0.06151,0.156,-0.2435,0.3685,6.344,-21.61,44.55,-0.1947892,-0.1386437,-0.06887609999999997,-0.04339775,0.1664065,0.19277180000000002,0.2625026,0.31716159999999993,0.3490625,0.6509375,Residents
Long-Distance Migrants: Residents,52,1987,0.06624,0.158,-0.2429,0.3775,6.848,-21.56,45.87,-0.19384274999999998,-0.13646809999999998,-0.06576151999999998,-0.03988835,0.17274675,0.1991514,0.2683314,0.3264139999999999,0.340625,0.659375,Residents
Long-Distance Migrants: Residents,52,1988,0.07187,0.1602,-0.2404,0.3856,7.452,-21.37,47.05,-0.1905518,-0.1342891,-0.0638137,-0.0363456,0.18111499999999997,0.20790680000000006,0.2759109,0.33604435,0.326125,0.673875,Residents
Long-Distance Migrants: Residents,52,1989,0.0768,0.1625,-0.2379,0.3965,7.983,-21.17,48.66,-0.18718365,-0.1320114,-0.06006767999999999,-0.033165925,0.187204,0.21413640000000003,0.28374970000000005,0.34602875,0.3180625,0.6819375,Residents
Long-Distance Migrants: Residents,52,1990,0.08065,0.1646,-0.2403,0.4054,8.399,-21.36,49.99,-0.1864058,-0.1283838,-0.05929974,-0.031809825,0.192526,0.21868600000000005,0.2906994,0.35265919999999973,0.316,0.684,Residents
Long-Distance Migrants: Residents,52,1991,0.08404,0.1667,-0.2431,0.412,8.767,-21.58,50.98,-0.18683804999999998,-0.12890010000000002,-0.05643829999999999,-0.02892135,0.19626575,0.2237922,0.2987581,0.3595365999999999,0.309875,0.690125,Residents
Long-Distance Migrants: Residents,52,1992,0.08629,0.1688,-0.2426,0.4167,9.012,-21.54,51.7,-0.18728689999999998,-0.1281662,-0.05619588,-0.028697725,0.19968950000000002,0.22914740000000003,0.30495170000000005,0.36557554999999997,0.3083125,0.6916875,Residents
Long-Distance Migrants: Residents,52,1993,0.08813,0.1706,-0.2434,0.4218,9.213,-21.61,52.47,-0.18719139999999998,-0.131129,-0.05668973999999999,-0.027676,0.20249374999999997,0.23120200000000002,0.3079278000000001,0.36937574999999984,0.3053125,0.6946875,Residents
Long-Distance Migrants: Residents,52,1994,0.08951,0.172,-0.2451,0.4259,9.363,-21.74,53.09,-0.1917687,-0.13190549999999998,-0.05485711999999999,-0.026673524999999997,0.2057155,0.2331592,0.31035240000000003,0.37340124999999996,0.30425,0.69575,Residents
Long-Distance Migrants: Residents,52,1995,0.09119,0.1732,-0.2467,0.4287,9.548,-21.86,53.53,-0.19168015,-0.1296892,-0.05562606,-0.0264728,0.20836024999999997,0.2360556,0.3135245000000001,0.3761702999999999,0.3023125,0.6976875,Residents
Long-Distance Migrants: Residents,52,1996,0.09302,0.1745,-0.2476,0.4358,9.749,-21.93,54.62,-0.190517,-0.1308861,-0.053582519999999995,-0.02607665,0.21000075,0.23969840000000003,0.31597500000000006,0.38078809999999996,0.3003125,0.6996875,Residents
Long-Distance Migrants: Residents,52,1997,0.09538,0.1754,-0.2446,0.4381,10.01,-21.69,54.98,-0.1897956,-0.1288855,-0.05285911999999999,-0.024275025,0.213182,0.24271440000000005,0.3196339,0.3825738999999998,0.295625,0.704375,Residents
Long-Distance Migrants: Residents,52,1998,0.09823,0.1766,-0.2463,0.4437,10.32,-21.83,55.84,-0.1907861,-0.1282905,-0.05142748,-0.022238975,0.2165925,0.24692020000000003,0.3233399,0.3892378999999998,0.29,0.71,Residents
Long-Distance Migrants: Residents,52,1999,0.1013,0.1779,-0.2454,0.4492,10.66,-21.76,56.7,-0.18822299999999997,-0.1268906,-0.04912681999999999,-0.019536825,0.221048,0.2508608,0.3280065000000001,0.39458135,0.28625,0.71375,Residents
Long-Distance Migrants: Residents,52,2000,0.104,0.1792,-0.2427,0.4554,10.96,-21.55,57.69,-0.1876349,-0.1258435,-0.04733751999999998,-0.0176468,0.22456325000000002,0.253433,0.3320889,0.3974951,0.2823125,0.7176875,Residents
Long-Distance Migrants: Residents,52,2001,0.1058,0.1802,-0.2436,0.4585,11.16,-21.62,58.17,-0.18701575,-0.12613069999999998,-0.04660872,-0.01560595,0.226438,0.25693820000000006,0.3349367,0.4013059499999999,0.279875,0.720125,Residents
Long-Distance Migrants: Residents,52,2002,0.1063,0.1816,-0.2447,0.4623,11.22,-21.71,58.77,-0.19071125,-0.1269054,-0.04820255999999999,-0.016616675,0.22841175,0.2578552,0.3364993,0.40362815,0.2809375,0.7190625,Residents
Long-Distance Migrants: Residents,52,2003,0.1057,0.183,-0.2489,0.4628,11.15,-22.03,58.86,-0.19209345,-0.1290227,-0.04974702,-0.018352049999999998,0.22825175,0.257909,0.33925560000000005,0.40451054999999986,0.2831875,0.7168125,Residents
Long-Distance Migrants: Residents,52,2004,0.1036,0.1843,-0.2536,0.4633,10.92,-22.4,58.93,-0.1974601,-0.1323068,-0.05256879999999999,-0.0213175,0.22784475,0.2575768000000001,0.3389322,0.4047042499999999,0.28775,0.71225,Residents
Long-Distance Migrants: Residents,52,2005,0.1003,0.1859,-0.2583,0.4675,10.55,-22.76,59.59,-0.20521715,-0.1376432,-0.057392120000000005,-0.026410925,0.22512400000000002,0.2552318,0.3373079,0.40520514999999996,0.2961875,0.7038125,Residents
Long-Distance Migrants: Residents,52,2006,0.09622,0.1877,-0.2703,0.4644,10.1,-23.69,59.11,-0.21068339999999997,-0.1436824,-0.0628397,-0.0319906,0.22181450000000003,0.2520104,0.33610660000000003,0.4033781,0.305625,0.694375,Residents
Long-Distance Migrants: Residents,52,2007,0.09148,0.1889,-0.278,0.4651,9.58,-24.27,59.21,-0.21746095000000001,-0.1516229,-0.06999285999999999,-0.036876125,0.2176635,0.24774200000000007,0.33223350000000007,0.4015181999999999,0.3143125,0.6856875,Residents
Long-Distance Migrants: Residents,52,2008,0.0868,0.1904,-0.2807,0.4607,9.068,-24.48,58.51,-0.225326,-0.15740459999999998,-0.07507401999999999,-0.041826424999999993,0.214509,0.24540600000000004,0.3284854,0.40045319999999995,0.323875,0.676125,Residents
Long-Distance Migrants: Residents,52,2009,0.08281,0.1913,-0.2886,0.4579,8.634,-25.07,58.08,-0.23188295,-0.16286429999999996,-0.07862471999999998,-0.047746025,0.21075249999999998,0.24191819999999997,0.32605839999999997,0.3963447499999999,0.332125,0.667875,Residents
Long-Distance Migrants: Residents,52,2010,0.07939,0.1921,-0.2939,0.456,8.262,-25.46,57.77,-0.23727954999999998,-0.1666549,-0.08267532,-0.0514005,0.20904275000000003,0.23904420000000004,0.3225302,0.3943422499999999,0.3378125,0.6621875,Residents
Long-Distance Migrants: Residents,52,2011,0.0767,0.1929,-0.2968,0.4581,7.972,-25.68,58.11,-0.23915699999999998,-0.169745,-0.08605381999999999,-0.053035725000000006,0.20614875,0.23723680000000005,0.3218580000000001,0.39262169999999996,0.344875,0.655125,Residents
Long-Distance Migrants: Residents,52,2012,0.07501,0.1937,-0.3036,0.4555,7.79,-26.18,57.69,-0.23916199999999999,-0.1727278,-0.08782899999999999,-0.05725025,0.20562775,0.2359814,0.320923,0.39301739999999996,0.3480625,0.6519375,Residents
Long-Distance Migrants: Residents,52,2013,0.07407,0.1946,-0.3072,0.4565,7.688,-26.45,57.86,-0.2436401,-0.1737653,-0.08990165999999995,-0.056728275,0.20501875,0.23660520000000004,0.32096710000000006,0.39377575,0.352125,0.647875,Residents
Long-Distance Migrants: Residents,52,2014,0.07379,0.1954,-0.3085,0.4596,7.658,-26.55,58.34,-0.2441443,-0.1769834,-0.09081496,-0.05784995,0.2046775,0.2366222,0.32210479999999997,0.3947411,0.3539375,0.6460625,Residents
Long-Distance Migrants: Residents,52,2015,0.07416,0.196,-0.3049,0.4613,7.698,-26.28,58.61,-0.2441307,-0.17638389999999998,-0.09083499999999999,-0.057673600000000005,0.206681,0.23854760000000003,0.32356240000000003,0.3959069499999999,0.354625,0.645375,Residents
Long-Distance Migrants: Residents,52,2016,0.07533,0.1969,-0.308,0.4631,7.824,-26.51,58.89,-0.2458632,-0.1767766,-0.0895888,-0.0589045,0.2076105,0.24043540000000002,0.3243511,0.3967815999999998,0.351125,0.648875,Residents
Long-Distance Migrants: Residents,52,2017,0.07699,0.1977,-0.3067,0.4668,8.003,-26.41,59.48,-0.24491605,-0.176523,-0.08946409999999999,-0.055569524999999995,0.21004625,0.2427452,0.3286036,0.40053514999999995,0.348125,0.651875,Residents
Long-Distance Migrants: Residents,52,2018,0.07834,0.1988,-0.3084,0.4688,8.149,-26.54,59.81,-0.24727929999999998,-0.1752611,-0.08876356,-0.05631702500000001,0.21173375,0.24624720000000008,0.3321087,0.40355744999999993,0.34675,0.65325,Residents
Long-Distance Migrants: Residents,52,2019,0.07937,0.1998,-0.3069,0.474,8.26,-26.43,60.64,-0.2460336,-0.1765192,-0.08887031999999997,-0.055370375,0.21430025,0.2467862,0.3359426,0.40504464999999995,0.3471875,0.6528125,Residents
Long-Distance Migrants: Residents,52,2020,0.0798,0.2005,-0.3074,0.4757,8.307,-26.47,60.91,-0.2477717,-0.1775193,-0.09018266,-0.055000775,0.2146305,0.24815100000000007,0.33589579999999997,0.4067856999999997,0.347,0.653,Residents
Long-Distance Migrants: Residents,52,2021,0.07897,0.2013,-0.3108,0.4756,8.218,-26.71,60.9,-0.24889575,-0.1787251,-0.09104614,-0.0566097,0.21425575,0.24894280000000002,0.3362475,0.4094573499999999,0.349625,0.650375,Residents
Long-Distance Migrants: Residents,52,2022,0.07637,0.2019,-0.3134,0.4752,7.936,-26.91,60.83,-0.2533133,-0.18230269999999998,-0.09503387999999999,-0.059523625,0.21229025,0.24662180000000003,0.3343616000000001,0.4069298999999999,0.3529375,0.6470625,Residents
Shorebirds: All,35,1980,0,0,0,0,0,0,0,0,0,0,0,0,0,0,0,0,0,Shorebirds
Shorebirds: All,35,1981,-0.00261,0.01727,-0.0367,0.03261,-0.2606,-3.604,3.315,-0.030482539999999995,-0.02379866,-0.016166419999999997,-0.013441475,0.0081426475,0.010898400000000003,0.01901922,0.026010094999999962,0.5725,0.4275,Shorebirds
Shorebirds: All,35,1982,-0.006369,0.02478,-0.05566,0.04286,-0.6349,-5.414,4.379,-0.046971615,-0.037250559999999995,-0.02651986,-0.022517025,0.0096477975,0.013902540000000001,0.024427039999999997,0.03423184999999999,0.60725,0.39275,Shorebirds
Shorebirds: All,35,1983,-0.01174,0.02974,-0.07,0.0474,-1.168,-6.761,4.854,-0.060029215,-0.049251449999999995,-0.036280839999999995,-0.031542875,0.0073477175,0.012836620000000003,0.025980930000000003,0.036919879999999995,0.660375,0.339625,Shorebirds
Shorebirds: All,35,1984,-0.01958,0.03369,-0.08406,0.04746,-1.939,-8.062,4.86,-0.07448590499999999,-0.062201559999999996,-0.047858580000000005,-0.042231674999999996,0.0025781600000000003,0.008050290000000007,0.023338030000000017,0.03600821999999998,0.72375,0.27625,Shorebirds
Shorebirds: All,35,1985,-0.02918,0.03706,-0.1023,0.04445,-2.876,-9.724,4.545,-0.09001344,-0.07674191999999999,-0.06006268,-0.05384172500000001,-0.004651885,0.0010980220000000218,0.01817488,0.032323099999999994,0.7909375,0.2090625,Shorebirds
Shorebirds: All,35,1986,-0.04075,0.04073,-0.121,0.03887,-3.993,-11.4,3.963,-0.1080704,-0.09306824,-0.07490604000000001,-0.068062275,-0.013918324999999999,-0.007414729999999998,0.01105325,0.026636094999999995,0.8448125,0.1551875,Shorebirds
Shorebirds: All,35,1987,-0.05419,0.04502,-0.1425,0.033890000000000003,-5.274,-13.28,3.448,-0.1282795,-0.111449,-0.09197918,-0.08482964999999999,-0.024466125000000002,-0.016891779999999995,0.0037777950000000052,0.020152024999999966,0.8839375,0.1160625,Shorebirds
Shorebirds: All,35,1988,-0.06916,0.05028,-0.1692,0.02891,-6.682,-15.57,2.934,-0.151143,-0.1330532,-0.112005,-0.10294425,-0.035042725000000004,-0.026492319999999996,-0.005394278999999994,0.012883324999999989,0.9166875,0.0833125,Shorebirds
Shorebirds: All,35,1989,-0.08515,0.05579,-0.1943,0.02506,-8.163,-17.66,2.538,-0.1770454,-0.1560296,-0.13209959999999998,-0.12306225,-0.048170199999999996,-0.038519939999999996,-0.01396055999999999,0.0067084744999999875,0.93725,0.06275,Shorebirds
Shorebirds: All,35,1990,-0.1015,0.06105,-0.2215,0.01828,-9.648,-19.87,1.845,-0.2026992,-0.1790873,-0.15226979999999998,-0.14227375,-0.060331575000000005,-0.05040844,-0.023400999999999995,-0.0010130118000000387,0.951375,0.048625,Shorebirds
Shorebirds: All,35,1991,-0.118,0.06606,-0.2487,0.01274,-11.13,-22.02,1.282,-0.2278793,-0.2018863,-0.17348079999999996,-0.16262625,-0.07321095000000001,-0.06268439999999997,-0.034106679999999986,-0.009091575500000042,0.9626875,0.0373125,Shorebirds
Shorebirds: All,35,1992,-0.1335,0.07034,-0.2728,0.004633,-12.5,-23.87,0.4644,-0.24976885,-0.2233365,-0.19192299999999998,-0.18045975,-0.08611345,-0.07428439999999999,-0.04357075,-0.01723698500000003,0.971125,0.028875,Shorebirds
Shorebirds: All,35,1993,-0.1478,0.07422,-0.2931,-4.668e-4,-13.74,-25.41,-0.04667,-0.26986835,-0.2426258,-0.20985759999999998,-0.1977845,-0.098113925,-0.08595291999999999,-0.05200741999999999,-0.024398665,0.9755,0.0245,Shorebirds
Shorebirds: All,35,1994,-0.161,0.07729,-0.3109,-0.007826,-14.87,-26.72,-0.7795,-0.2865215,-0.259192,-0.2258748,-0.21289975,-0.10966075,-0.09646436,-0.060562710000000006,-0.03204180500000012,0.9805,0.0195,Shorebirds
Shorebirds: All,35,1995,-0.1729,0.08034,-0.3286,-0.01358,-15.88,-28.01,-1.349,-0.30377585,-0.2759131,-0.23984619999999998,-0.22624,-0.11996924999999999,-0.105994,-0.06899609000000001,-0.03908712000000001,0.983,0.017,Shorebirds
Shorebirds: All,35,1996,-0.1843,0.08345,-0.3477,-0.01845,-16.83,-29.37,-1.828,-0.32180044999999996,-0.2915308,-0.2532996,-0.239842,-0.128936,-0.11543919999999999,-0.076627,-0.04555999000000002,0.9855625,0.0144375,Shorebirds
Shorebirds: All,35,1997,-0.1953,0.08639,-0.3649,-0.02485,-17.74,-30.58,-2.454,-0.33792835,-0.30498469999999994,-0.266681,-0.25260275,-0.1382915,-0.12330039999999998,-0.08434649999999999,-0.05222083000000007,0.9870625,0.0129375,Shorebirds
Shorebirds: All,35,1998,-0.2064,0.08923,-0.3812,-0.03028,-18.65,-31.7,-2.982,-0.3537137,-0.320524,-0.2802674,-0.265462,-0.1473395,-0.132419,-0.09163994,-0.057780040000000005,0.9889375,0.0110625,Shorebirds
Shorebirds: All,35,1999,-0.2181,0.09242,-0.3981,-0.03703,-19.6,-32.84,-3.635,-0.36936175,-0.3372887,-0.29542619999999997,-0.2797675,-0.15676475,-0.14111479999999998,-0.10057429999999992,-0.06425864500000003,0.9901875,0.0098125,Shorebirds
Shorebirds: All,35,2000,-0.2307,0.09567,-0.4164,-0.04347,-20.6,-34.06,-4.253,-0.38821235,-0.3538124,-0.3109602,-0.294729,-0.16617525,-0.1509382,-0.1078147,-0.07296489500000002,0.992,0.008,Shorebirds
Shorebirds: All,35,2001,-0.2435,0.09899,-0.4361,-0.04789,-21.61,-35.34,-4.676,-0.40621485,-0.37042610000000004,-0.3269624,-0.30978825,-0.1768615,-0.15997919999999996,-0.11677859999999998,-0.08038402000000001,0.993375,0.006625,Shorebirds
Shorebirds: All,35,2002,-0.2567,0.1022,-0.4558,-0.05566,-22.64,-36.61,-5.414,-0.4249446,-0.388113,-0.34273339999999997,-0.3253845,-0.18791425,-0.17075459999999998,-0.12595459999999994,-0.08803382500000008,0.9938125,0.0061875,Shorebirds
Shorebirds: All,35,2003,-0.2701,0.1053,-0.4734,-0.0633,-23.67,-37.71,-6.134,-0.44221850000000007,-0.4059558,-0.35850379999999993,-0.341119,-0.19909225000000003,-0.18006719999999996,-0.1361945,-0.09617654500000002,0.99475,0.00525,Shorebirds
Shorebirds: All,35,2004,-0.2844,0.1086,-0.4946,-0.07311,-24.75,-39.02,-7.05,-0.46179430000000005,-0.4253364,-0.376078,-0.357371,-0.2102995,-0.1920634,-0.1453159,-0.10582470000000006,0.99525,0.00475,Shorebirds
Shorebirds: All,35,2005,-0.2996,0.1126,-0.5174,-0.08359,-25.89,-40.4,-8.019,-0.4840243,-0.4455221,-0.39422,-0.375128,-0.22376524999999997,-0.2045784,-0.1546591,-0.11553035000000003,0.9959375,0.0040625,Shorebirds
Shorebirds: All,35,2006,-0.3157,0.1166,-0.5416,-0.08924,-27.07,-41.82,-8.537,-0.50629710000000006,-0.4659974,-0.41514219999999996,-0.39447525,-0.23644475,-0.21744159999999998,-0.16688379999999992,-0.12551235,0.99675,0.00325,Shorebirds
Shorebirds: All,35,2007,-0.3338,0.1208,-0.5675,-0.09949,-28.38,-43.31,-9.47,-0.5302771000000001,-0.4889286,-0.4371644,-0.41624400000000006,-0.25172950000000005,-0.2320587999999999,-0.17858780000000002,-0.13611435000000005,0.9974375,0.0025625,Shorebirds
Shorebirds: All,35,2008,-0.3531,0.1254,-0.5954,-0.1063,-29.75,-44.87,-10.08,-0.5592737,-0.5151416,-0.4597884,-0.43967775,-0.2681385,-0.24841319999999997,-0.19187249999999997,-0.14887920000000004,0.9979375,0.0020625,Shorebirds
Shorebirds: All,35,2009,-0.3733,0.1297,-0.6254,-0.1211,-31.15,-46.49,-11.41,-0.58571585,-0.5397533999999999,-0.4847742,-0.4610395,-0.28592225,-0.2645598,-0.20751229999999993,-0.16028910000000013,0.99825,0.00175,Shorebirds
Shorebirds: All,35,2010,-0.3936,0.1339,-0.6525,-0.1297,-32.54,-47.93,-12.17,-0.6110609499999999,-0.5657325,-0.5082722,-0.4837215,-0.3037565,-0.28095919999999996,-0.2229737,-0.1735034,0.998375,0.001625,Shorebirds
Shorebirds: All,35,2011,-0.4143,0.1379,-0.6844,-0.1414,-33.92,-49.56,-13.19,-0.6402468,-0.5913714,-0.5310178,-0.50694225,-0.32223975,-0.29977979999999993,-0.23753619999999998,-0.18603300000000006,0.998625,0.001375,Shorebirds
Shorebirds: All,35,2012,-0.4342,0.1413,-0.7103,-0.156,-35.22,-50.85,-14.44,-0.6646714,-0.6155569,-0.5540558,-0.5296905000000001,-0.3400275,-0.3168691999999999,-0.25298750000000003,-0.20160670000000003,0.999,0.001,Shorebirds
Shorebirds: All,35,2013,-0.453,0.1446,-0.7388,-0.168,-36.43,-52.23,-15.46,-0.68963225,-0.6392242,-0.5740126,-0.55099975,-0.3561915,-0.33261879999999994,-0.26911949999999996,-0.2139059500000001,0.999125,8.75e-4,Shorebirds
Shorebirds: All,35,2014,-0.4699,0.1474,-0.7581,-0.1811,-37.5,-53.14,-16.56,-0.7115808499999999,-0.6584924999999999,-0.5945016,-0.56997925,-0.371284,-0.34780159999999993,-0.2821246,-0.22665144999999998,0.99925,7.5e-4,Shorebirds
Shorebirds: All,35,2015,-0.4839,0.1493,-0.7779,-0.1882,-38.36,-54.06,-17.16,-0.7280012499999999,-0.6747277,-0.6106518,-0.58446575,-0.38372275,-0.3591892,-0.29277509999999995,-0.2373742,0.9993125,6.875e-4,Shorebirds
Shorebirds: All,35,2016,-0.4952,0.1509,-0.7913,-0.196,-39.05,-54.67,-17.8,-0.7445473,-0.6878609,-0.6213906,-0.5970785000000001,-0.394058,-0.36904099999999995,-0.3024333,-0.2468019000000003,0.9995,5e-4,Shorebirds
Shorebirds: All,35,2017,-0.5043,0.152,-0.8059,-0.2032,-39.61,-55.33,-18.39,-0.7545029000000001,-0.6977879,-0.6320544,-0.6065772500000001,-0.40291499999999997,-0.37728519999999993,-0.3107022,-0.2534709500000002,0.999625,3.75e-4,Shorebirds
Shorebirds: All,35,2018,-0.5113,0.1528,-0.8145,-0.2069,-40.03,-55.71,-18.69,-0.7616539999999999,-0.7054488000000001,-0.6396408,-0.6137095,-0.40825775,-0.3833544,-0.31746719999999995,-0.25876750000000004,0.999625,3.75e-4,Shorebirds
Shorebirds: All,35,2019,-0.5176,0.1533,-0.8211,-0.2136,-40.41,-56.01,-19.23,-0.7693212,-0.7128576,-0.6464700000000001,-0.6204667500000001,-0.414539,-0.38814380000000004,-0.3239609,-0.2645424,0.9995625,4.375e-4,Shorebirds
Aerial Insectivores: All,41,1970,0,0,0,0,0,0,0,0,0,0,0,0,0,0,0,0,0,Aerial Insectivores
Aerial Insectivores: All,41,1971,-0.002636,0.01183,-0.02798,0.02152,-0.2632,-2.759,2.176,-0.022308135,-0.01634974,-0.01035778,-0.0084947425,0.0033633300000000003,0.0049923580000000006,0.010827900000000001,0.016298109999999998,0.6149375,0.3850625,Aerial Insectivores
Aerial Insectivores: All,41,1972,-0.005498,0.01919,-0.04473,0.0326,-0.5482,-4.374,3.314,-0.037337545,-0.02922743,-0.02016528,-0.017055175,0.006419864999999999,0.009391306000000004,0.01787955,0.025391794999999998,0.6199375,0.3800625,Aerial Insectivores
Aerial Insectivores: All,41,1973,-0.008841,0.02664,-0.06162,0.04412,-0.8802,-5.976,4.51,-0.052093355,-0.04223526999999999,-0.030190239999999997,-0.0258808,0.0081443475,0.012274760000000006,0.02397971,0.034704894999999986,0.6358125,0.3641875,Aerial Insectivores
Aerial Insectivores: All,41,1974,-0.01202,0.03345,-0.07926,0.05444,-1.195,-7.62,5.595,-0.06699955,-0.05420734,-0.03934306,-0.033717575,0.009738750000000001,0.015145260000000011,0.02974517,0.04257063999999999,0.64775,0.35225,Aerial Insectivores
Aerial Insectivores: All,41,1975,-0.01463,0.04096,-0.096560000000000007,0.06575,-1.453,-9.204,6.796,-0.082603475,-0.06646081999999999,-0.047934739999999997,-0.04135195,0.012382275,0.01929076,0.03675714000000001,0.05201453499999998,0.6405625,0.3594375,Aerial Insectivores
Aerial Insectivores: All,41,1976,-0.01638,0.0482,-0.1122,0.07802,-1.625,-10.61,8.114,-0.09630512,-0.0775745,-0.05579246,-0.048115124999999995,0.015521199999999999,0.023285120000000006,0.04490936,0.06285878999999998,0.6386875,0.3613125,Aerial Insectivores
Aerial Insectivores: All,41,1977,-0.01757,0.05417,-0.1252,0.08959,-1.742,-11.77,9.372,-0.10662334999999999,-0.08619687999999999,-0.062320980000000005,-0.05295325,0.018188175,0.027269480000000006,0.05088024,0.07170512499999998,0.63325,0.36675,Aerial Insectivores
Aerial Insectivores: All,41,1978,-0.01863,0.05943,-0.1367,0.09885,-1.845,-12.78,10.39,-0.1161508,-0.0928427,-0.06775342,-0.05807875,0.0206606,0.030956800000000003,0.05698981,0.07929078999999997,0.6274375,0.3725625,Aerial Insectivores
Aerial Insectivores: All,41,1979,-0.01983,0.06346,-0.1458,0.1058,-1.964,-13.57,11.16,-0.12444695,-0.1000138,-0.07186297999999999,-0.061577150000000004,0.021857799999999997,0.032362480000000006,0.06109132,0.08496121499999998,0.626875,0.373125,Aerial Insectivores
Aerial Insectivores: All,41,1980,-0.02164,0.06737,-0.1562,0.11,-2.141,-14.46,11.63,-0.1326534,-0.1065852,-0.07694262,-0.066307125,0.022611625,0.03395678000000001,0.06411735,0.08947881999999995,0.628625,0.371375,Aerial Insectivores
Aerial Insectivores: All,41,1981,-0.02415,0.07162,-0.1665,0.1163,-2.387,-15.34,12.33,-0.1421863,-0.11473440000000001,-0.08315209999999999,-0.07192145,0.023679224999999998,0.03516126000000004,0.06642987000000002,0.09331315499999997,0.6324375,0.3675625,Aerial Insectivores
Aerial Insectivores: All,41,1982,-0.02738,0.07631,-0.1776,0.1225,-2.701,-16.27,13.04,-0.1536528,-0.1244589,-0.09099948,-0.078892325,0.023176674999999997,0.036467180000000016,0.06992696000000001,0.097437575,0.639875,0.360125,Aerial Insectivores
Aerial Insectivores: All,41,1983,-0.03095,0.08141,-0.1917,0.127,-3.047,-17.45,13.54,-0.1650561,-0.1354278,-0.099699,-0.08562715,0.02395695,0.03689026000000001,0.07269288,0.102914,0.6468125,0.3531875,Aerial Insectivores
Aerial Insectivores: All,41,1984,-0.03512,0.08615,-0.2032,0.1356,-3.451,-18.39,14.52,-0.17665604999999998,-0.1461582,-0.10819459999999999,-0.093553025,0.022355774999999998,0.03748794,0.07521381,0.10551084999999993,0.65775,0.34225,Aerial Insectivores
Aerial Insectivores: All,41,1985,-0.04063,0.09158,-0.2198,0.1394,-3.981,-19.73,14.96,-0.19234345000000003,-0.1580762,-0.117697,-0.1021255,0.01988525,0.03535054000000001,0.07664279000000002,0.11107029999999989,0.671875,0.328125,Aerial Insectivores
Aerial Insectivores: All,41,1986,-0.04721,0.09728,-0.2382,0.144,-4.611,-21.2,15.49,-0.20706329999999998,-0.1720354,-0.1286486,-0.11181850000000002,0.018119125,0.034171960000000015,0.07823910000000005,0.11478769999999992,0.688125,0.311875,Aerial Insectivores
Aerial Insectivores: All,41,1987,-0.05592,0.1031,-0.258,0.1463,-5.438,-22.74,15.76,-0.22338529999999998,-0.18858139999999998,-0.14264200000000002,-0.12500325,0.0138581,0.031020980000000004,0.07639871000000004,0.11391749999999996,0.7066875,0.2933125,Aerial Insectivores
Aerial Insectivores: All,41,1988,-0.06651,0.1088,-0.2784,0.1471,-6.435,-24.3,15.85,-0.24619375000000002,-0.2067007,-0.1577556,-0.13963225,0.0074879525,0.025325620000000035,0.07128518,0.11227549999999996,0.7275,0.2725,Aerial Insectivores
Aerial Insectivores: All,41,1989,-0.07954,0.1148,-0.3048,0.1446,-7.646,-26.28,15.56,-0.2699008,-0.2268534,-0.1760906,-0.1567985,-0.0017877525,0.016826300000000044,0.06678702000000002,0.10905584999999997,0.7544375,0.2455625,Aerial Insectivores
Aerial Insectivores: All,41,1990,-0.09435,0.1204,-0.3324,0.141,-9.003,-28.28,15.14,-0.29269209999999996,-0.2489745,-0.1966716,-0.1762975,-0.013701525,0.005605966000000053,0.060504910000000064,0.10521624999999998,0.78525,0.21475,Aerial Insectivores
Aerial Insectivores: All,41,1991,-0.1111,0.1254,-0.3566,0.1362,-10.52,-29.99,14.59,-0.3169425,-0.2719066,-0.2169396,-0.195477,-0.027124225000000002,-0.005854951999999991,0.049192280000000005,0.09703538,0.81425,0.18575,Aerial Insectivores
Aerial Insectivores: All,41,1992,-0.1316,0.1304,-0.3845,0.1251,-12.33,-31.92,13.33,-0.34639815,-0.299709,-0.240369,-0.218505,-0.044647299999999994,-0.02256359999999997,0.03666122000000001,0.08378271999999995,0.8431875,0.1568125,Aerial Insectivores
Aerial Insectivores: All,41,1993,-0.1558,0.135,-0.4164,0.1066,-14.43,-34.06,11.24,-0.37621509999999997,-0.32881390000000005,-0.270496,-0.2462775,-0.06436035,-0.04208152,0.018202240000000015,0.06655058499999995,0.8773125,0.1226875,Aerial Insectivores
Aerial Insectivores: All,41,1994,-0.1827,0.1387,-0.4503,0.09131,-16.69,-36.26,9.56,-0.4083127,-0.36133610000000005,-0.2994904,-0.276852,-0.0884628,-0.06526771999999999,-0.006093132999999989,0.04658722999999995,0.9068125,0.0931875,Aerial Insectivores
Aerial Insectivores: All,41,1995,-0.2111,0.1416,-0.4848,0.06662,-19.03,-38.42,6.889,-0.4442892,-0.3931385,-0.3306176,-0.30644825,-0.11453125,-0.09145651999999996,-0.029066239999999993,0.02286880999999998,0.9321875,0.0678125,Aerial Insectivores
Aerial Insectivores: All,41,1996,-0.2405,0.144,-0.5211,0.04073,-21.38,-40.61,4.157,-0.47532379999999996,-0.424595,-0.3624649999999999,-0.33850725000000004,-0.14239875000000002,-0.1194488,-0.05527347999999999,-0.002108137000000116,0.9513125,0.0486875,Aerial Insectivores
Aerial Insectivores: All,41,1997,-0.2706,0.1467,-0.5562,0.01686,-23.7,-42.66,1.7,-0.51039185,-0.4574838,-0.3957222,-0.36991225,-0.17174925,-0.14763679999999998,-0.08196984,-0.028563035000000098,0.96725,0.03275,Aerial Insectivores
Aerial Insectivores: All,41,1998,-0.3007,0.1492,-0.5929,-0.008768,-25.97,-44.73,-0.873,-0.54489285,-0.4915023,-0.4275146,-0.4024835,-0.19982775,-0.1751162,-0.10929259999999996,-0.054826019999999996,0.978,0.022,Aerial Insectivores
Aerial Insectivores: All,41,1999,-0.3301,0.1517,-0.6256,-0.03168,-28.11,-46.5,-3.118,-0.5790208499999999,-0.5233036999999999,-0.45869920000000003,-0.43359274999999997,-0.22774125,-0.20188079999999997,-0.13573329999999997,-0.07953833500000002,0.984625,0.015375,Aerial Insectivores
Aerial Insectivores: All,41,2000,-0.359,0.1542,-0.6586,-0.05718,-30.17,-48.24,-5.557,-0.6112341,-0.5563916,-0.48931640000000004,-0.46401825,-0.254861,-0.2292666,-0.16010769999999996,-0.10339635000000007,0.989625,0.010375,Aerial Insectivores
Aerial Insectivores: All,41,2001,-0.386,0.1565,-0.6892,-0.07663,-32.02,-49.8,-7.377,-0.6422382,-0.5867038,-0.5191682000000001,-0.49274475,-0.27940075,-0.2524708,-0.18543579999999998,-0.12755315000000006,0.9926875,0.0073125,Aerial Insectivores
Aerial Insectivores: All,41,2002,-0.4108,0.1583,-0.7169,-0.09929,-33.69,-51.17,-9.452,-0.6701384,-0.6139112999999999,-0.5454399999999999,-0.520996,-0.3017995,-0.276207,-0.2091697,-0.14887910000000004,0.995,0.005,Aerial Insectivores
Aerial Insectivores: All,41,2003,-0.4326,0.1596,-0.7429,-0.1199,-35.12,-52.42,-11.3,-0.6927108499999999,-0.6360429,-0.5684894,-0.5426550000000001,-0.32324375,-0.2952994,-0.22918639999999998,-0.16801800000000003,0.996125,0.003875,Aerial Insectivores
Aerial Insectivores: All,41,2004,-0.4513,0.1602,-0.7621,-0.1393,-36.32,-53.33,-13,-0.7122793000000001,-0.6565785,-0.5867676000000001,-0.56195075,-0.34168725,-0.3147936,-0.2461415,-0.18652575000000002,0.9974375,0.0025625,Aerial Insectivores
Aerial Insectivores: All,41,2005,-0.4672,0.1607,-0.7785,-0.1535,-37.33,-54.09,-14.23,-0.72845985,-0.6729691,-0.6033024,-0.5774372499999999,-0.356641,-0.33157059999999994,-0.2607772,-0.19973840000000004,0.998,0.002,Aerial Insectivores
Aerial Insectivores: All,41,2006,-0.4811,0.1611,-0.7934,-0.1679,-38.19,-54.77,-15.45,-0.7427959999999999,-0.6866287,-0.6175874,-0.5917527499999999,-0.37013349999999995,-0.3443739999999999,-0.2748496,-0.21494690000000002,0.998375,0.001625,Aerial Insectivores
Aerial Insectivores: All,41,2007,-0.4936,0.1614,-0.804,-0.18,-38.96,-55.25,-16.47,-0.75649765,-0.6994153999999999,-0.631092,-0.6043525,-0.3828515,-0.35673859999999996,-0.2856316,-0.22739310000000013,0.9986875,0.0013125,Aerial Insectivores
Aerial Insectivores: All,41,2008,-0.505,0.1616,-0.8181,-0.1901,-39.65,-55.87,-17.31,-0.76816135,-0.7119959,-0.6415452,-0.61659475,-0.394038,-0.36801459999999997,-0.2957361,-0.23834960000000005,0.99875,0.00125,Aerial Insectivores
Aerial Insectivores: All,41,2009,-0.5154,0.1618,-0.829,-0.2001,-40.28,-56.35,-18.13,-0.7788127499999999,-0.7220774000000001,-0.6530138,-0.6266622500000001,-0.40493475,-0.37802859999999994,-0.30649289999999996,-0.24864650000000005,0.9990625,9.375e-4,Aerial Insectivores
Aerial Insectivores: All,41,2010,-0.5249,0.1621,-0.8381,-0.2094,-40.84,-56.75,-18.89,-0.78975615,-0.7324957,-0.6624634,-0.63555175,-0.41395225,-0.3876104,-0.3154544999999999,-0.25704145,0.9990625,9.375e-4,Aerial Insectivores
Aerial Insectivores: All,41,2011,-0.5335,0.1628,-0.8478,-0.2162,-41.34,-57.17,-19.44,-0.7995956,-0.7420141,-0.6722042,-0.6458855,-0.4222,-0.39564359999999993,-0.3240718,-0.26566895,0.999375,6.25e-4,Aerial Insectivores
Aerial Insectivores: All,41,2012,-0.5407,0.1636,-0.8569,-0.2213,-41.77,-57.55,-19.86,-0.8085477,-0.7495646,-0.6799422,-0.6532657500000001,-0.42945374999999997,-0.40277279999999993,-0.32908479999999996,-0.27155225000000005,0.999375,6.25e-4,Aerial Insectivores
Aerial Insectivores: All,41,2013,-0.5462,0.1647,-0.8632,-0.2259,-42.08,-57.82,-20.22,-0.8118479,-0.7556242,-0.6877624,-0.6587975,-0.43505325,-0.4064268,-0.3320591,-0.2753152,0.9994375,5.625e-4,Aerial Insectivores
Aerial Insectivores: All,41,2014,-0.5494,0.1656,-0.8686,-0.2256,-42.27,-58.05,-20.19,-0.8175273000000001,-0.7616381999999999,-0.6924889999999999,-0.6631750000000001,-0.43710224999999997,-0.40846099999999996,-0.33463529999999997,-0.2754644500000002,0.9993125,6.875e-4,Aerial Insectivores
Aerial Insectivores: All,41,2015,-0.5507,0.1669,-0.8728,-0.2237,-42.35,-58.22,-20.04,-0.8204729999999999,-0.7645794000000001,-0.6940323999999999,-0.665489,-0.43670125000000004,-0.40913199999999994,-0.3345667,-0.27372310000000005,0.9993125,6.875e-4,Aerial Insectivores
Aerial Insectivores: All,41,2016,-0.5508,0.168,-0.8744,-0.2233,-42.35,-58.29,-20.01,-0.8213330999999999,-0.7661961,-0.69488779999999994,-0.66603875,-0.436959,-0.4090356,-0.3323135,-0.27230320000000013,0.9991875,8.125e-4,Aerial Insectivores
Aerial Insectivores: All,41,2017,-0.5498,0.1688,-0.8736,-0.2216,-42.29,-58.26,-19.88,-0.8226087,-0.7665108,-0.6941706,-0.6662454999999999,-0.43502075,-0.407509,-0.33000450000000003,-0.26987835000000016,0.999125,8.75e-4,Aerial Insectivores
Aerial Insectivores: All,41,2018,-0.5486,0.1698,-0.8767,-0.2199,-42.22,-58.38,-19.74,-0.82263,-0.7662277000000001,-0.6933854,-0.66533925,-0.43290649999999997,-0.4047466,-0.32757709999999984,-0.26760610000000007,0.999125,8.75e-4,Aerial Insectivores
Aerial Insectivores: All,41,2019,-0.5472,0.1705,-0.876,-0.2157,-42.15,-58.35,-19.41,-0.8239604,-0.7647041000000001,-0.6921094,-0.664023,-0.43230775000000005,-0.40243859999999987,-0.32536729999999997,-0.2652876500000001,0.9993125,6.875e-4,Aerial Insectivores
Aerial Insectivores: All,41,2020,-0.5461,0.1712,-0.8777,-0.2117,-42.08,-58.43,-19.08,-0.82474925,-0.76466749999999994,-0.6913908,-0.66326325,-0.429496,-0.4007789999999999,-0.3253211999999999,-0.26309935,0.999125,8.75e-4,Aerial Insectivores
Aerial Insectivores: All,41,2021,-0.5451,0.1718,-0.8776,-0.2127,-42.02,-58.42,-19.16,-0.8255168500000001,-0.7644141000000001,-0.6906573999999999,-0.6624602500000001,-0.42864250000000004,-0.39858819999999995,-0.32155110000000003,-0.2622875000000002,0.9990625,9.375e-4,Aerial Insectivores
Aerial Insectivores: All,41,2022,-0.5445,0.172,-0.8766,-0.2108,-41.98,-58.38,-19.01,-0.82581995,-0.7643952,-0.6899812,-0.6618222500000001,-0.428423,-0.3973592,-0.31993459999999996,-0.2615862500000001,0.999125,8.75e-4,Aerial Insectivores
"Aerial Insectivores: Swifts, swallows, and nightjars",41,1970,0,0,0,0,0,0,0,0,0,0,0,0,0,0,0,0,0,"Swifts, swallows, and nightjars"
"Aerial Insectivores: Swifts, swallows, and nightjars",41,1971,-0.008643,0.02011,-0.05145,0.033,-0.8606,-5.014,3.355,-0.04168498,-0.03207085,-0.021791659999999997,-0.018518125,0.0014117625000000002,0.004326140000000002,0.013813220000000003,0.023197664999999985,0.721375,0.278625,"Swifts, swallows, and nightjars"
"Aerial Insectivores: Swifts, swallows, and nightjars",41,1972,-0.01826,0.03074,-0.08226,0.04274,-1.81,-7.896,4.367,-0.068653925,-0.05552181,-0.04097339999999999,-0.03604255,3.1003675e-5,0.004722940000000004,0.01793936,0.030685649999999978,0.7495625,0.2504375,"Swifts, swallows, and nightjars"
"Aerial Insectivores: Swifts, swallows, and nightjars",41,1973,-0.02915,0.03953,-0.1101,0.0493,-2.873,-10.42,5.054,-0.094431635,-0.07832001000000001,-0.060079579999999994,-0.053566274999999997,-0.0041132625,0.0018826220000000187,0.018912140000000008,0.034373175,0.7863125,0.2136875,"Swifts, swallows, and nightjars"
"Aerial Insectivores: Swifts, swallows, and nightjars",41,1974,-0.0403,0.04732,-0.1353,0.05341,-3.95,-12.65,5.486,-0.11647275,-0.09882033000000001,-0.07799742,-0.07048765,-0.01041365,-0.0029211479999999923,0.018706890000000018,0.035580249999999966,0.817625,0.182375,"Swifts, swallows, and nightjars"
"Aerial Insectivores: Swifts, swallows, and nightjars",41,1975,-0.05183,0.05474,-0.1603,0.05549,-5.051,-14.81,5.706,-0.1411803,-0.1205674,-0.09630691999999999,-0.08742995,-0.01638635,-0.007201169999999997,0.01690674,0.03778638999999997,0.8341875,0.1658125,"Swifts, swallows, and nightjars"
"Aerial Insectivores: Swifts, swallows, and nightjars",41,1976,-0.06343,0.06127,-0.1832,0.05734,-6.146,-16.74,5.902,-0.1633306,-0.1411595,-0.1136006,-0.10325100000000001,-0.023947625,-0.013364039999999994,0.013588000000000003,0.03571386999999996,0.855875,0.144125,"Swifts, swallows, and nightjars"
"Aerial Insectivores: Swifts, swallows, and nightjars",41,1977,-0.07448,0.06641,-0.2046,0.05702,-7.178,-18.5,5.867,-0.18229775,-0.1584791,-0.1297172,-0.11868799999999999,-0.031034100000000002,-0.020200879999999987,0.009139193,0.03362078999999996,0.8745,0.1255,"Swifts, swallows, and nightjars"
"Aerial Insectivores: Swifts, swallows, and nightjars",41,1978,-0.08597,0.07118,-0.2276,0.0546,-8.238,-20.35,5.612,-0.20201940000000002,-0.1758958,-0.144931,-0.13353075,-0.039610700000000006,-0.02758974,0.004351990000000005,0.030192334999999963,0.888875,0.111125,"Swifts, swallows, and nightjars"
"Aerial Insectivores: Swifts, swallows, and nightjars",41,1979,-0.0984,0.07491,-0.2456,0.04802,-9.371,-21.78,4.919,-0.2215838,-0.19384649999999998,-0.16029100000000002,-0.14805975,-0.049166125,-0.036827839999999994,-0.003677378999999999,0.024139749999999967,0.9066875,0.0933125,"Swifts, swallows, and nightjars"
"Aerial Insectivores: Swifts, swallows, and nightjars",41,1980,-0.1113,0.07881,-0.2659,0.04173,-10.53,-23.35,4.261,-0.24011325,-0.210819,-0.1770298,-0.16407725,-0.058996725,-0.045634959999999995,-0.01102215,0.018161199999999933,0.920625,0.079375,"Swifts, swallows, and nightjars"
"Aerial Insectivores: Swifts, swallows, and nightjars",41,1981,-0.125,0.08334,-0.2887,0.03677,-11.75,-25.08,3.746,-0.26087140000000003,-0.23056179999999998,-0.19398139999999997,-0.18010175,-0.069746575,-0.0553739,-0.018888959999999993,0.011849074999999957,0.93275,0.06725,"Swifts, swallows, and nightjars"
"Aerial Insectivores: Swifts, swallows, and nightjars",41,1982,-0.1391,0.08859,-0.3123,0.03539,-12.98,-26.82,3.602,-0.28339325000000004,-0.2521708,-0.21294400000000002,-0.198446,-0.0800473,-0.06533362,-0.026652499999999957,0.0066349079999999325,0.9419375,0.0580625,"Swifts, swallows, and nightjars"
"Aerial Insectivores: Swifts, swallows, and nightjars",41,1983,-0.154,0.09401,-0.3383,0.03125,-14.27,-28.71,3.174,-0.3085336,-0.2732473,-0.2321122,-0.21662575,-0.09082765,-0.07517721999999999,-0.03566563999999997,-3.031326000000602e-4,0.9501875,0.0498125,"Swifts, swallows, and nightjars"
"Aerial Insectivores: Swifts, swallows, and nightjars",41,1984,-0.1696,0.1001,-0.3646,0.02882,-15.6,-30.55,2.924,-0.33372240000000003,-0.2963565,-0.2542618,-0.23728925,-0.10316624999999999,-0.08536667999999999,-0.04247252,-0.005655050000000079,0.954875,0.045125,"Swifts, swallows, and nightjars"
"Aerial Insectivores: Swifts, swallows, and nightjars",41,1985,-0.1859,0.1056,-0.3902,0.02341,-16.96,-32.31,2.368,-0.3582802,-0.3196629,-0.2747732,-0.2568095,-0.11592550000000001,-0.09807278,-0.051690759999999975,-0.011114715000000075,0.959375,0.040625,"Swifts, swallows, and nightjars"
"Aerial Insectivores: Swifts, swallows, and nightjars",41,1986,-0.2045,0.1116,-0.4217,0.0164,-18.5,-34.4,1.654,-0.3863301,-0.3460407,-0.2990628,-0.279959,-0.13049275,-0.1112636,-0.062343119999999995,-0.019663185000000007,0.96575,0.03425,"Swifts, swallows, and nightjars"
"Aerial Insectivores: Swifts, swallows, and nightjars",41,1987,-0.226,0.1181,-0.4584,0.006886,-20.23,-36.77,0.6909,-0.41971695,-0.3758741,-0.3250944,-0.306529,-0.1473945,-0.12888,-0.07472166999999996,-0.03075746500000006,0.9713125,0.0286875,"Swifts, swallows, and nightjars"
"Aerial Insectivores: Swifts, swallows, and nightjars",41,1988,-0.2505,0.1253,-0.4934,-0.001389,-22.16,-38.95,-0.1388,-0.4547535,-0.40934159999999997,-0.35646639999999996,-0.33602775,-0.16658475,-0.145788,-0.08954548,-0.04397529000000001,0.9755625,0.0244375,"Swifts, swallows, and nightjars"
"Aerial Insectivores: Swifts, swallows, and nightjars",41,1989,-0.2785,0.132,-0.5353,-0.01605,-24.31,-41.45,-1.592,-0.49410190000000004,-0.4461359,-0.3892638,-0.36781225,-0.19073974999999999,-0.16821599999999995,-0.11023219999999999,-0.059450955000000034,0.9804375,0.0195625,"Swifts, swallows, and nightjars"
"Aerial Insectivores: Swifts, swallows, and nightjars",41,1990,-0.3089,0.1382,-0.5807,-0.03373,-26.57,-44.05,-3.317,-0.5359025,-0.48321899999999995,-0.4242472,-0.40097375,-0.21628575,-0.1935488,-0.1334191,-0.08295843000000004,0.98475,0.01525,"Swifts, swallows, and nightjars"
"Aerial Insectivores: Swifts, swallows, and nightjars",41,1991,-0.3423,0.1441,-0.6243,-0.05711,-28.99,-46.44,-5.551,-0.5767069,-0.5244414,-0.46438440000000003,-0.44023325,-0.24438649999999998,-0.22067419999999996,-0.15826389999999999,-0.10617830000000006,0.98975,0.01025,"Swifts, swallows, and nightjars"
"Aerial Insectivores: Swifts, swallows, and nightjars",41,1992,-0.3772,0.1493,-0.6679,-0.08262,-31.42,-48.72,-7.93,-0.6228664,-0.5670957,-0.5025668,-0.4793045,-0.27653225,-0.2524355999999999,-0.1855385,-0.13061245000000027,0.993125,0.006875,"Swifts, swallows, and nightjars"
"Aerial Insectivores: Swifts, swallows, and nightjars",41,1993,-0.4132,0.1543,-0.7147,-0.1098,-33.85,-51.06,-10.4,-0.6689406999999999,-0.6122051,-0.5435872,-0.5176514999999999,-0.30980575,-0.284421,-0.2155771,-0.159973,0.996,0.004,"Swifts, swallows, and nightjars"
"Aerial Insectivores: Swifts, swallows, and nightjars",41,1994,-0.4505,0.159,-0.7594,-0.1375,-36.27,-53.2,-12.85,-0.7122323999999999,-0.6556555,-0.5844192,-0.55813875,-0.34355500000000005,-0.31822379999999983,-0.2495648,-0.18636130000000012,0.998,0.002,"Swifts, swallows, and nightjars"
"Aerial Insectivores: Swifts, swallows, and nightjars",41,1995,-0.4883,0.1633,-0.8065,-0.167,-38.64,-55.36,-15.38,-0.7590777499999999,-0.6992645,-0.6261547999999999,-0.5980132499999999,-0.37911225000000004,-0.3517574,-0.2812367,-0.22191200000000008,0.998625,0.001375,"Swifts, swallows, and nightjars"
"Aerial Insectivores: Swifts, swallows, and nightjars",41,1996,-0.5269,0.1661,-0.8524,-0.1987,-40.96,-57.36,-18.02,-0.8013864,-0.7404349,-0.6672621999999999,-0.6388984999999999,-0.41553450000000003,-0.3892786,-0.31608079999999994,-0.25326885,0.999,0.001,"Swifts, swallows, and nightjars"
"Aerial Insectivores: Swifts, swallows, and nightjars",41,1997,-0.5655,0.1696,-0.8968,-0.2297,-43.19,-59.21,-20.52,-0.8447541000000001,-0.7828034,-0.7084412,-0.68015775,-0.452943,-0.4251903999999999,-0.34917529999999997,-0.287408,0.9994375,5.625e-4,"Swifts, swallows, and nightjars"
"Aerial Insectivores: Swifts, swallows, and nightjars",41,1998,-0.6051,0.1724,-0.9395,-0.2656,-45.4,-60.92,-23.33,-0.8896160000000001,-0.8242174,-0.7514024,-0.72148,-0.49034675000000005,-0.4617996,-0.38397539999999997,-0.32259760000000004,0.9999375,6.25e-5,"Swifts, swallows, and nightjars"
"Aerial Insectivores: Swifts, swallows, and nightjars",41,1999,-0.6452,0.1758,-0.9887,-0.2973,-47.54,-62.79,-25.72,-0.9343774499999999,-0.8693053,-0.7953196,-0.7653185,-0.5279794999999999,-0.4994356,-0.41983709999999996,-0.3583237000000001,0.9998125,1.875e-4,"Swifts, swallows, and nightjars"
"Aerial Insectivores: Swifts, swallows, and nightjars",41,2000,-0.6852,0.1789,-1.034,-0.3303,-49.6,-64.45,-28.13,-0.97783185,-0.912961,-0.8365354,-0.80723675,-0.56648725,-0.5369332,-0.4558436,-0.3916822500000001,0.9999375,6.25e-5,"Swifts, swallows, and nightjars"
"Aerial Insectivores: Swifts, swallows, and nightjars",41,2001,-0.7241,0.1813,-1.078,-0.3654,-51.52,-65.98,-30.61,-1.0200205,-0.954863,-0.8786453999999999,-0.8482144999999999,-0.60425925,-0.5740372,-0.49079369999999994,-0.42506745,1,0,"Swifts, swallows, and nightjars"
"Aerial Insectivores: Swifts, swallows, and nightjars",41,2002,-0.7608,0.1834,-1.118,-0.396,-53.27,-67.3,-32.7,-1.0603835000000001,-0.9934561000000001,-0.9166008,-0.8856395,-0.6390714999999999,-0.6076851999999999,-0.525164,-0.45814155000000006,0.9999375,6.25e-5,"Swifts, swallows, and nightjars"
"Aerial Insectivores: Swifts, swallows, and nightjars",41,2003,-0.7933,0.1845,-1.154,-0.4301,-54.76,-68.47,-34.96,-1.0953605000000002,-1.0282820000000001,-0.9501154,-0.9195045000000001,-0.67050425,-0.6396314,-0.5564633999999999,-0.48893015000000006,0.9999375,6.25e-5,"Swifts, swallows, and nightjars"
"Aerial Insectivores: Swifts, swallows, and nightjars",41,2004,-0.8212,0.1852,-1.183,-0.4586,-56.01,-69.36,-36.78,-1.1243910000000001,-1.058012,-0.9771842000000001,-0.94810925,-0.69806025,-0.6668625999999999,-0.5835623000000001,-0.51751665,1,0,"Swifts, swallows, and nightjars"
"Aerial Insectivores: Swifts, swallows, and nightjars",41,2005,-0.8451,0.1861,-1.211,-0.4808,-57.05,-70.2,-38.17,-1.1495104999999999,-1.082299,-1.001262,-0.9717042499999999,-0.720213,-0.6900728,-0.6067259,-0.5375978000000001,1,0,"Swifts, swallows, and nightjars"
"Aerial Insectivores: Swifts, swallows, and nightjars",41,2006,-0.8664,0.187,-1.232,-0.4981,-57.95,-70.83,-39.23,-1.1713935,-1.105543,-1.024726,-0.99353475,-0.7410762500000001,-0.7109114000000001,-0.6276022999999998,-0.5589866000000003,1,0,"Swifts, swallows, and nightjars"
"Aerial Insectivores: Swifts, swallows, and nightjars",41,2007,-0.8852,0.188,-1.252,-0.5154,-58.74,-71.4,-40.27,-1.192578,-1.126908,-1.0431,-1.0121600000000002,-0.7583610000000001,-0.7275754,-0.6458851,-0.5757012500000004,1,0,"Swifts, swallows, and nightjars"
"Aerial Insectivores: Swifts, swallows, and nightjars",41,2008,-0.9016,0.1888,-1.271,-0.5321,-59.41,-71.96,-41.26,-1.2091565,-1.143823,-1.060662,-1.0287000000000002,-0.77453675,-0.7439201999999999,-0.6603487999999998,-0.5889330500000001,1,0,"Swifts, swallows, and nightjars"
"Aerial Insectivores: Swifts, swallows, and nightjars",41,2009,-0.9155,0.1894,-1.285,-0.5416,-59.97,-72.34,-41.82,-1.2234304999999999,-1.15941,-1.0752,-1.0437975,-0.788311,-0.7576902,-0.6723812,-0.6032467499999999,1,0,"Swifts, swallows, and nightjars"
"Aerial Insectivores: Swifts, swallows, and nightjars",41,2010,-0.9272,0.1903,-1.297,-0.5522,-60.43,-72.65,-42.43,-1.2382805000000001,-1.172647,-1.08772,-1.054885,-0.800084,-0.7695765999999999,-0.6843237,-0.6116818500000001,1,0,"Swifts, swallows, and nightjars"
"Aerial Insectivores: Swifts, swallows, and nightjars",41,2011,-0.9368,0.1913,-1.31,-0.5596,-60.81,-73.02,-42.86,-1.247367,-1.182139,-1.0984699999999998,-1.066295,-0.8093159999999999,-0.7781651999999999,-0.693438,-0.6204810500000001,1,0,"Swifts, swallows, and nightjars"
"Aerial Insectivores: Swifts, swallows, and nightjars",41,2012,-0.9439,0.1922,-1.316,-0.5602,-61.09,-73.19,-42.89,-1.257297,-1.1915660000000001,-1.106168,-1.0737725,-0.8161865,-0.7839558,-0.6973786999999999,-0.62626965,1,0,"Swifts, swallows, and nightjars"
"Aerial Insectivores: Swifts, swallows, and nightjars",41,2013,-0.9483,0.1929,-1.322,-0.5638,-61.26,-73.35,-43.1,-1.2637505,-1.196132,-1.1097920000000001,-1.07794,-0.8194362500000001,-0.7885182,-0.7024480999999999,-0.6305408500000002,1,0,"Swifts, swallows, and nightjars"
"Aerial Insectivores: Swifts, swallows, and nightjars",41,2014,-0.9503,0.1941,-1.327,-0.5631,-61.34,-73.48,-43.05,-1.2684115,-1.199492,-1.112202,-1.0802749999999999,-0.8212507499999999,-0.7893434,-0.7028885,-0.6278927500000002,1,0,"Swifts, swallows, and nightjars"
"Aerial Insectivores: Swifts, swallows, and nightjars",41,2015,-0.9489,0.1957,-1.331,-0.5627,-61.28,-73.59,-43.03,-1.2688355,-1.20073,-1.113396,-1.08134,-0.819726,-0.7869216,-0.6990373999999999,-0.62369275,1,0,"Swifts, swallows, and nightjars"
"Aerial Insectivores: Swifts, swallows, and nightjars",41,2016,-0.9453,0.1973,-1.329,-0.5559,-61.14,-73.54,-42.64,-1.266951,-1.1991649999999998,-1.111154,-1.0784725,-0.8143132500000001,-0.7819888,-0.6912777999999999,-0.6202933000000002,1,0,"Swifts, swallows, and nightjars"
"Aerial Insectivores: Swifts, swallows, and nightjars",41,2017,-0.9407,0.1991,-1.331,-0.5437,-60.96,-73.58,-41.94,-1.2694044999999998,-1.195422,-1.108786,-1.0748924999999998,-0.80899575,-0.7758147999999999,-0.6858881,-0.6114954500000002,1,0,"Swifts, swallows, and nightjars"
"Aerial Insectivores: Swifts, swallows, and nightjars",41,2018,-0.936,0.2015,-1.329,-0.5367,-60.78,-73.53,-41.54,-1.2655210000000001,-1.194657,-1.10499,-1.0715075,-0.803256,-0.7680107999999999,-0.679232,-0.6045549,1,0,"Swifts, swallows, and nightjars"
"Aerial Insectivores: Swifts, swallows, and nightjars",41,2019,-0.9305,0.2032,-1.329,-0.5293,-60.56,-73.51,-41.1,-1.2644339999999998,-1.191222,-1.101724,-1.0678025,-0.796056,-0.7602496,-0.6696857,-0.5969549000000001,1,0,"Swifts, swallows, and nightjars"
"Aerial Insectivores: Swifts, swallows, and nightjars",41,2020,-0.9247,0.205,-1.326,-0.5174,-60.33,-73.44,-40.39,-1.2599105,-1.18718,-1.0979780000000001,-1.06336,-0.78757625,-0.7536306,-0.6622220999999999,-0.5872659500000001,1,0,"Swifts, swallows, and nightjars"
"Aerial Insectivores: Swifts, swallows, and nightjars",41,2021,-0.9183,0.2067,-1.324,-0.5094,-60.08,-73.39,-39.92,-1.255763,-1.184388,-1.093968,-1.058355,-0.78045575,-0.7462268,-0.6540169,-0.5762133000000002,1,0,"Swifts, swallows, and nightjars"
"Aerial Insectivores: Swifts, swallows, and nightjars",41,2022,-0.9121,0.2081,-1.32,-0.4997,-59.83,-73.28,-39.33,-1.253235,-1.179764,-1.088736,-1.0520825,-0.7742665,-0.7382152,-0.6456156,-0.5681175500000002,1,0,"Swifts, swallows, and nightjars"
Aerial Insectivores: Flycatchers,41,1970,0,0,0,0,0,0,0,0,0,0,0,0,0,0,0,0,0,Flycatchers
Aerial Insectivores: Flycatchers,41,1971,0.001797,0.01174,-0.02294,0.02623,0.1798,-2.268,2.658,-0.016616695,-0.010929839999999998,-0.005526584,-0.00382395,0.00740176,0.009201886000000001,0.014781920000000004,0.020351899999999992,0.40775,0.59225,Flycatchers
Aerial Insectivores: Flycatchers,41,1972,0.003738,0.01748,-0.03182,0.04072,0.3745,-3.132,4.156,-0.024580204999999997,-0.0171613,-0.008848361999999999,-0.0061750275,0.013508525,0.01625956,0.024364170000000004,0.03218413999999999,0.398125,0.601875,Flycatchers
Aerial Insectivores: Flycatchers,41,1973,0.006247,0.02334,-0.04045,0.05351,0.6267,-3.964,5.497,-0.03127402,-0.022089269999999998,-0.01125966,-0.007609445,0.020226124999999998,0.023928680000000004,0.034605750000000005,0.04509987499999999,0.382875,0.617125,Flycatchers
Aerial Insectivores: Flycatchers,41,1974,0.009613,0.02968,-0.05092,0.07019,0.9659,-4.965,7.271,-0.039361385,-0.026706499999999998,-0.013378479999999998,-0.00883397,0.028000325000000003,0.03270272000000001,0.04617078000000001,0.058596864999999984,0.3599375,0.6400625,Flycatchers
Aerial Insectivores: Flycatchers,41,1975,0.01453,0.03688,-0.05911,0.08856,1.464,-5.74,9.26,-0.04516836,-0.031133909999999994,-0.01519164,-0.0091746025,0.037691375,0.04388568,0.06088267,0.07535477999999997,0.3390625,0.6609375,Flycatchers
Aerial Insectivores: Flycatchers,41,1976,0.02124,0.04474,-0.06577,0.1117,2.147,-6.365,11.82,-0.05178914,-0.035257840000000006,-0.01505004,-0.007920739999999999,0.049792275000000004,0.05716432000000002,0.07771592000000002,0.09487837,0.3119375,0.6880625,Flycatchers
Aerial Insectivores: Flycatchers,41,1977,0.0291,0.05174,-0.07295,0.1327,2.953,-7.035,14.2,-0.05651009,-0.03639715,-0.0128094,-0.004226635,0.062141224999999994,0.07118355999999999,0.09484973999999999,0.11481039999999999,0.279875,0.720125,Flycatchers
Aerial Insectivores: Flycatchers,41,1978,0.03793,0.05749,-0.0743,0.151,3.866,-7.161,16.3,-0.056441635000000004,-0.03548819,-0.009009773999999996,2.847005e-4,0.0756839,0.08509142000000004,0.1111051,0.13256329999999997,0.2485,0.7515,Flycatchers
Aerial Insectivores: Flycatchers,41,1979,0.045469999999999997,0.06143,-0.07676,0.1676,4.652,-7.389,18.24,-0.055624715,-0.03224201,-0.004767619999999996,0.0052314925,0.085764775,0.09603054000000001,0.12372230000000002,0.14650294999999994,0.2219375,0.7780625,Flycatchers
Aerial Insectivores: Flycatchers,41,1980,0.05261,0.06481,-0.07569,0.1805,5.402,-7.289,19.79,-0.054627265,-0.029913,-5.852731999999965e-4,0.0106111,0.0952084,0.10581460000000002,0.1351359,0.1600835,0.2025625,0.7974375,Flycatchers
Aerial Insectivores: Flycatchers,41,1981,0.05938,0.06815,-0.07582,0.1937,6.118,-7.302,21.37,-0.053370270000000004,-0.027463679999999997,0.003137318,0.014401875,0.10421925,0.11549100000000001,0.1460917,0.1714655,0.186375,0.813625,Flycatchers
Aerial Insectivores: Flycatchers,41,1982,0.06536,0.07165,-0.07623,0.2057,6.754,-7.34,22.83,-0.05317492,-0.02681772,0.006311518,0.01813815,0.112922,0.12476580000000001,0.15599580000000002,0.18364739999999996,0.177375,0.822625,Flycatchers
Aerial Insectivores: Flycatchers,41,1983,0.07031,0.07564,-0.07899,0.2181,7.284,-7.595,24.38,-0.05482015999999999,-0.02612781,0.007999868000000004,0.020237724999999998,0.12096100000000001,0.1341622,0.1667228,0.19411754999999997,0.173375,0.826625,Flycatchers
Aerial Insectivores: Flycatchers,41,1984,0.07478,0.08032,-0.08555,0.2314,7.765,-8.199,26.03,-0.05680362,-0.02810915,0.008028368000000001,0.021161575,0.12831725,0.14178800000000003,0.17804450000000002,0.20813074999999992,0.1728125,0.8271875,Flycatchers
Aerial Insectivores: Flycatchers,41,1985,0.07817,0.08496,-0.08928,0.2446,8.131,-8.541,27.71,-0.061268159999999995,-0.031342020000000005,0.0074466460000000186,0.021649525000000003,0.13494425,0.1492194,0.18726380000000004,0.21705469999999993,0.1755625,0.8244375,Flycatchers
Aerial Insectivores: Flycatchers,41,1986,0.08043,0.08998,-0.0971,0.2542,8.375,-9.254,28.95,-0.06723926,-0.03459867,0.004870606000000002,0.0202991,0.14131775000000002,0.15653460000000002,0.1962333,0.22867469999999998,0.1859375,0.8140625,Flycatchers
Aerial Insectivores: Flycatchers,41,1987,0.08205,0.09603,-0.1064,0.2688,8.551,-10.1,30.84,-0.07554134,-0.04118986,0.0012159540000000117,0.0180694,0.14737225,0.16349580000000002,0.2048715,0.23952914999999997,0.1969375,0.8030625,Flycatchers
Aerial Insectivores: Flycatchers,41,1988,0.0833,0.1015,-0.1148,0.284,8.686,-10.85,32.84,-0.083655615,-0.04735431,-0.0016021699999999978,0.015867075,0.1514385,0.16744040000000002,0.21152849999999998,0.25045755000000003,0.2046875,0.7953125,Flycatchers
Aerial Insectivores: Flycatchers,41,1989,0.08273,0.107,-0.1289,0.2906,8.624,-12.1,33.72,-0.09402917999999998,-0.05405399999999999,-0.006858197999999995,0.010035124999999999,0.15545275,0.17335720000000002,0.21808770000000002,0.25748595,0.2186875,0.7813125,Flycatchers
Aerial Insectivores: Flycatchers,41,1990,0.08057,0.1121,-0.1413,0.2985,8.391,-13.18,34.78,-0.10436814999999999,-0.06160001999999999,-0.014340419999999998,0.0045566375,0.157279,0.17454400000000003,0.223771,0.2625903,0.2376875,0.7623125,Flycatchers
Aerial Insectivores: Flycatchers,41,1991,0.07561,0.1167,-0.1549,0.3029,7.854,-14.35,35.38,-0.1161115,-0.07440316,-0.023024459999999993,-0.0026356500000000002,0.15518975000000002,0.17412660000000002,0.2238051,0.26590959999999997,0.2574375,0.7425625,Flycatchers
Aerial Insectivores: Flycatchers,41,1992,0.0665,0.1213,-0.174,0.3027,6.876,-15.97,35.36,-0.13242350000000003,-0.08872255,-0.03564571999999999,-0.014836775,0.149032,0.16896880000000003,0.2218796,0.2669444499999999,0.2904375,0.7095625,Flycatchers
Aerial Insectivores: Flycatchers,41,1993,0.05281,0.1257,-0.1943,0.299,5.422,-17.65,34.85,-0.1533766,-0.1075891,-0.05327455999999999,-0.031893649999999996,0.1384585,0.1583946,0.21344800000000003,0.26073425,0.33575,0.66425,Flycatchers
Aerial Insectivores: Flycatchers,41,1994,0.03436,0.1297,-0.2197,0.2885,3.495,-19.73,33.44,-0.1799802,-0.130249,-0.07411741999999999,-0.053565774999999996,0.12168675,0.14365300000000003,0.20111350000000003,0.2467279,0.3944375,0.6055625,Flycatchers
Aerial Insectivores: Flycatchers,41,1995,0.01352,0.1334,-0.2503,0.2745,1.362,-22.14,31.59,-0.2060817,-0.15553409999999998,-0.09810221999999999,-0.0766335,0.1024745,0.12523080000000003,0.1848083,0.23259314999999994,0.4585,0.5415,Flycatchers
Aerial Insectivores: Flycatchers,41,1996,-0.008558,0.1359,-0.274,0.2583,-0.8522,-23.97,29.47,-0.23334905,-0.1817813,-0.12247859999999999,-0.10026475000000001,0.083146975,0.10662520000000003,0.1660991,0.21505385,0.526875,0.473125,Flycatchers
Aerial Insectivores: Flycatchers,41,1997,-0.0316,0.1379,-0.3033,0.2397,-3.11,-26.17,27.09,-0.26005525,-0.2075707,-0.1463436,-0.12301300000000001,0.060004225,0.08508340000000002,0.14459370000000002,0.19496629999999998,0.591875,0.408125,Flycatchers
Aerial Insectivores: Flycatchers,41,1998,-0.05321,0.1398,-0.3273,0.2207,-5.182,-27.91,24.7,-0.28376855,-0.2323328,-0.17005099999999998,-0.1463855,0.040654875,0.06485290000000003,0.1261022,0.17739359999999996,0.6505,0.3495,Flycatchers
Aerial Insectivores: Flycatchers,41,1999,-0.07421,0.1416,-0.3526,0.2024,-7.153,-29.71,22.43,-0.30789539999999993,-0.2544226,-0.1925558,-0.16927425000000001,0.0201104,0.04489932000000003,0.10759400000000001,0.15811769999999994,0.702625,0.297375,Flycatchers
Aerial Insectivores: Flycatchers,41,2000,-0.0935,0.1435,-0.3732,0.1859,-8.926,-31.15,20.43,-0.3293494,-0.2768737,-0.2130934,-0.18966424999999998,0.0024439675,0.02584210000000004,0.09135228000000001,0.14377899999999996,0.745375,0.254625,Flycatchers
Aerial Insectivores: Flycatchers,41,2001,-0.1106,0.1456,-0.3932,0.1765,-10.47,-32.51,19.3,-0.35013164999999996,-0.2963525,-0.2328926,-0.2087335,-0.013559225000000001,0.011081180000000027,0.07659635000000002,0.1307847,0.7770625,0.2229375,Flycatchers
Aerial Insectivores: Flycatchers,41,2002,-0.1258,0.147,-0.4126,0.1646,-11.82,-33.81,17.89,-0.36813975,-0.3133004,-0.2488572,-0.22467350000000003,-0.026838799999999996,-0.0028019579999999794,0.06304616000000002,0.11841134999999975,0.804875,0.195125,Flycatchers
Aerial Insectivores: Flycatchers,41,2003,-0.1388,0.1481,-0.4263,0.1554,-12.96,-34.71,16.82,-0.38253550000000003,-0.3272834,-0.26315500000000003,-0.23906724999999998,-0.03955025,-0.014718499999999954,0.052761920000000004,0.10741005000000001,0.8265625,0.1734375,Flycatchers
Aerial Insectivores: Flycatchers,41,2004,-0.1504,0.1489,-0.4393,0.1438,-13.96,-35.55,15.47,-0.3942194,-0.33822109999999994,-0.2749414,-0.25015149999999997,-0.050511200000000006,-0.025344259999999997,0.040772330000000016,0.09560460499999993,0.8448125,0.1551875,Flycatchers
Aerial Insectivores: Flycatchers,41,2005,-0.161,0.1493,-0.452,0.1331,-14.87,-36.36,14.24,-0.40569275000000005,-0.3504141,-0.28617139999999996,-0.26170825,-0.061341725,-0.03573884,0.030491730000000022,0.08667617499999992,0.8598125,0.1401875,Flycatchers
Aerial Insectivores: Flycatchers,41,2006,-0.1711,0.1496,-0.4623,0.121,-15.73,-37.02,12.86,-0.41757789999999995,-0.3601448,-0.2962904,-0.27182700000000004,-0.071199525,-0.0441456199999999,0.021191530000000017,0.07800935499999992,0.8724375,0.1275625,Flycatchers
Aerial Insectivores: Flycatchers,41,2007,-0.1812,0.1498,-0.4727,0.1119,-16.57,-37.67,11.84,-0.4277643,-0.3714698,-0.307616,-0.28199225,-0.08082705000000001,-0.054716759999999975,0.01167259,0.06780662999999977,0.8859375,0.1140625,Flycatchers
Aerial Insectivores: Flycatchers,41,2008,-0.1907,0.15,-0.481,0.1027,-17.36,-38.18,10.81,-0.4382859499999999,-0.38210770000000005,-0.316014,-0.2926815,-0.09030402500000001,-0.06458247999999998,0.002232584000000047,0.05981628499999998,0.8968125,0.1031875,Flycatchers
Aerial Insectivores: Flycatchers,41,2009,-0.1997,0.1502,-0.4922,0.09479,-18.11,-38.87,9.943,-0.4463926,-0.3900999,-0.3258736,-0.30203,-0.09904185,-0.07392419999999983,-0.006825609999999979,0.05057591999999996,0.9064375,0.0935625,Flycatchers
Aerial Insectivores: Flycatchers,41,2010,-0.2083,0.1506,-0.5016,0.08778,-18.81,-39.45,9.175,-0.45619570000000004,-0.3993166,-0.33522179999999996,-0.310276,-0.10745325,-0.08249521999999997,-0.013784089999999994,0.04247014499999997,0.9153125,0.0846875,Flycatchers
Aerial Insectivores: Flycatchers,41,2011,-0.2164,0.1513,-0.5115,0.0819,-19.46,-40.04,8.534,-0.46552865,-0.4088728,-0.3430856,-0.3182395,-0.11532500000000001,-0.0909931,-0.020669309999999944,0.033625174999999986,0.9195625,0.0804375,Flycatchers
Aerial Insectivores: Flycatchers,41,2012,-0.2238,0.1524,-0.5211,0.07598,-20.05,-40.61,7.894,-0.4723267500000001,-0.41687209999999997,-0.35052580000000005,-0.32626350000000004,-0.12248725,-0.09673191999999994,-0.02730361,0.028846484999999915,0.92675,0.07325,Flycatchers
Aerial Insectivores: Flycatchers,41,2013,-0.2305,0.1534,-0.5307,0.07238,-20.59,-41.18,7.506,-0.48178150000000003,-0.4258987,-0.35886419999999997,-0.33478925000000004,-0.1290345,-0.10204519999999999,-0.033259479999999994,0.022905499999999874,0.930875,0.069125,Flycatchers
Aerial Insectivores: Flycatchers,41,2014,-0.2352,0.1547,-0.5383,0.07041,-20.96,-41.63,7.295,-0.48762259999999996,-0.4306582,-0.3656422,-0.34023875,-0.1319595,-0.10571059999999999,-0.03583307999999995,0.018739409999999998,0.9333125,0.0666875,Flycatchers
Aerial Insectivores: Flycatchers,41,2015,-0.2388,0.1557,-0.5451,0.06789,-21.24,-42.02,7.024,-0.4938787,-0.4359586,-0.3682314,-0.344406,-0.1345115,-0.10823219999999997,-0.03749412,0.017754484999999962,0.936,0.064,Flycatchers
Aerial Insectivores: Flycatchers,41,2016,-0.2412,0.1567,-0.5487,0.06637,-21.43,-42.23,6.863,-0.49982814999999997,-0.4391472,-0.3730576,-0.34640475000000004,-0.135454,-0.109997,-0.038300119999999965,0.016338069999999906,0.9379375,0.0620625,Flycatchers
Aerial Insectivores: Flycatchers,41,2017,-0.2424,0.1574,-0.5506,0.06713,-21.52,-42.34,6.943,-0.5005946,-0.4417892,-0.3738182,-0.34848124999999996,-0.1369545,-0.110565,-0.03930688999999997,0.017451589999999996,0.9369375,0.0630625,Flycatchers
Aerial Insectivores: Flycatchers,41,2018,-0.2432,0.1579,-0.5514,0.0677,-21.59,-42.38,7.005,-0.5024773,-0.443341,-0.3750936,-0.35005875,-0.137713,-0.110953,-0.03995489999999993,0.018193449999999937,0.9375625,0.0624375,Flycatchers
Aerial Insectivores: Flycatchers,41,2019,-0.2445,0.1583,-0.5546,0.06833,-21.69,-42.57,7.072,-0.50524575,-0.4442594,-0.376809,-0.35117149999999997,-0.13864875,-0.11252099999999997,-0.041028659999999974,0.017440684999999893,0.937,0.063,Flycatchers
Aerial Insectivores: Flycatchers,41,2020,-0.2459,0.1587,-0.5581,0.06851,-21.8,-42.77,7.091,-0.50701145,-0.4466937,-0.3790748,-0.35227125,-0.139538,-0.11382659999999997,-0.041634889999999966,0.01753475499999994,0.937,0.063,Flycatchers
Aerial Insectivores: Flycatchers,41,2021,-0.2475,0.1591,-0.5602,0.0656,-21.93,-42.89,6.779,-0.5093122,-0.44861260000000003,-0.3808782,-0.3548015,-0.14088774999999998,-0.1145194,-0.042667069999999974,0.01574573499999996,0.9375625,0.0624375,Flycatchers
Aerial Insectivores: Flycatchers,41,2022,-0.2495,0.1594,-0.5624,0.06404,-22.08,-43.02,6.614,-0.5105174,-0.45081109999999996,-0.38270679999999996,-0.3567025,-0.14249350000000002,-0.11654859999999999,-0.04363860999999995,0.014526049999999967,0.9388125,0.0611875,Flycatchers
Grassland Birds: All,40,1970,0,0,0,0,0,0,0,0,0,0,0,0,0,0,0,0,0,Grassland Birds
Grassland Birds: All,40,1971,0.002586,0.01751,-0.03381,0.03833,0.2589,-3.325,3.907,-0.026350335,-0.018779570000000002,-0.010278,-0.0075223625,0.01290985,0.015504380000000005,0.0236394,0.031108334999999997,0.422625,0.577375,Grassland Birds
Grassland Birds: All,40,1972,0.003303,0.02782,-0.05198,0.059,0.3309,-5.065,6.078,-0.04252175,-0.03160099,-0.018772419999999998,-0.01430065,0.02087575,0.02555526000000001,0.037778320000000004,0.048910354999999996,0.44375,0.55625,Grassland Birds
Grassland Birds: All,40,1973,-4.773e-4,0.03995,-0.07941,0.07815,-0.04772,-7.634,8.128,-0.06611911499999999,-0.05116511,-0.0333999,-0.026539875,0.025641899999999995,0.032281580000000004,0.04991654000000001,0.064815915,0.5039375,0.4960625,Grassland Birds
Grassland Birds: All,40,1974,-0.009516,0.0564,-0.121,0.1004,-0.9471,-11.4,10.56,-0.1017674,-0.08100502999999999,-0.056151639999999996,-0.047208825,0.02826675,0.03714162000000001,0.062160400000000005,0.08304978999999998,0.56825,0.43175,Grassland Birds
Grassland Birds: All,40,1975,-0.02462,0.07572,-0.1707,0.1248,-2.432,-15.69,13.29,-0.14867814999999998,-0.1206063,-0.08821617999999999,-0.075399175,0.026080975,0.03885066,0.07210957000000001,0.1001764,0.6274375,0.3725625,Grassland Birds
Grassland Birds: All,40,1976,-0.04432,0.09486,-0.2333,0.1387,-4.335,-20.81,14.88,-0.2022467,-0.16595400000000002,-0.1238006,-0.107752,0.019495675,0.03563978000000002,0.07626495,0.11124884999999994,0.6806875,0.3193125,Grassland Birds
Grassland Birds: All,40,1977,-0.06508,0.1126,-0.2863,0.1548,-6.301,-24.9,16.74,-0.2512367,-0.2099829,-0.15985459999999999,-0.140782,0.01110545,0.02919602000000002,0.07808412,0.11788954999999998,0.7176875,0.2823125,Grassland Birds
Grassland Birds: All,40,1978,-0.08748,0.1278,-0.341,0.1637,-8.376,-28.89,17.78,-0.29807904999999996,-0.25015889999999996,-0.1938028,-0.17238599999999998,-0.0020625549999999998,0.02026548000000001,0.07425191,0.12074399999999999,0.75525,0.24475,Grassland Birds
Grassland Birds: All,40,1979,-0.1092,0.141,-0.3896,0.1627,-10.35,-32.27,17.67,-0.3424953,-0.28935969999999994,-0.2267822,-0.20394425,-0.0144462,0.010248640000000009,0.07078623,0.12089329999999995,0.7795,0.2205,Grassland Birds
Grassland Birds: All,40,1980,-0.1312,0.1512,-0.4307,0.1622,-12.29,-34.99,17.61,-0.3791364,-0.3247151,-0.25762019999999997,-0.23233175,-0.02894285,-0.0052685179999999955,0.06214601,0.11709594999999987,0.809875,0.190125,Grassland Birds
Grassland Birds: All,40,1981,-0.1536,0.1593,-0.4665,0.1561,-14.24,-37.28,16.89,-0.4183532,-0.358771,-0.28778020000000004,-0.26003975,-0.046054450000000004,-0.01975289999999996,0.04873609000000001,0.10806639999999984,0.8338125,0.1661875,Grassland Birds
Grassland Birds: All,40,1982,-0.1761,0.1654,-0.4982,0.1459,-16.15,-39.24,15.71,-0.44748099999999996,-0.38734880000000005,-0.31671000000000005,-0.28814875,-0.06469465,-0.03665848,0.03484954000000003,0.09624535999999996,0.858125,0.141875,Grassland Birds
Grassland Birds: All,40,1983,-0.1976,0.1704,-0.5282,0.1345,-17.93,-41.04,14.39,-0.47990035,-0.41502179999999994,-0.3425798,-0.3129735,-0.08241404999999999,-0.05412379999999997,0.019962630000000026,0.08080144999999984,0.8785625,0.1214375,Grassland Birds
Grassland Birds: All,40,1984,-0.2184,0.1752,-0.5626,0.1223,-19.62,-43.03,13.01,-0.50980685,-0.44307219999999997,-0.3660402,-0.33721025000000004,-0.099067875,-0.07074005999999997,0.0059135090000000095,0.06705176999999989,0.894125,0.105875,Grassland Birds
Grassland Birds: All,40,1985,-0.2381,0.1798,-0.5892,0.1109,-21.19,-44.52,11.73,-0.5345508000000001,-0.4688446,-0.38943360000000005,-0.359688,-0.11694525,-0.08630464,-0.004702374999999981,0.053733789999999886,0.904375,0.095625,Grassland Birds
Grassland Birds: All,40,1986,-0.2563,0.1844,-0.6161,0.1095,-22.61,-46,11.57,-0.5615547,-0.49027170000000003,-0.41122519999999996,-0.38091825,-0.13273675,-0.09919883999999993,-0.01774716999999997,0.04604944499999989,0.9178125,0.0821875,Grassland Birds
Grassland Birds: All,40,1987,-0.2739,0.1885,-0.6436,0.09759,-23.96,-47.46,10.25,-0.58692165,-0.5150979,-0.431313,-0.40125999999999995,-0.14756,-0.11551220000000001,-0.030735089999999993,0.03429916499999992,0.927125,0.072875,Grassland Birds
Grassland Birds: All,40,1988,-0.2921,0.1923,-0.6684,0.0859,-25.33,-48.75,8.969,-0.6104548000000001,-0.540067,-0.4514852,-0.42064225,-0.1610845,-0.13022679999999995,-0.04442013999999995,0.022476514999999794,0.9355625,0.0644375,Grassland Birds
Grassland Birds: All,40,1989,-0.3126,0.1955,-0.6953,0.06723,-26.84,-50.11,6.954,-0.63637875,-0.5643383,-0.47456059999999994,-0.44380624999999996,-0.180386,-0.14687119999999998,-0.06213815,0.008767288999999808,0.9455625,0.0544375,Grassland Birds
Grassland Birds: All,40,1990,-0.3358,0.1986,-0.7251,0.05204,-28.52,-51.57,5.342,-0.6633787,-0.5934291999999999,-0.5015998,-0.46923225,-0.20134375,-0.16811699999999996,-0.08194887999999999,-0.012403545000000403,0.9551875,0.0448125,Grassland Birds
Grassland Birds: All,40,1991,-0.3644,0.2017,-0.7623,0.0285,-30.54,-53.34,2.891,-0.69646935,-0.6256784,-0.5327226,-0.500158,-0.22696525,-0.19375219999999999,-0.1054766,-0.03496914500000014,0.96525,0.03475,Grassland Birds
Grassland Birds: All,40,1992,-0.3989,0.205,-0.8007,-0.002398,-32.89,-55.1,-0.2395,-0.7382614,-0.6613515,-0.5704290000000001,-0.537004,-0.2593585,-0.2257463999999999,-0.13687649999999996,-0.06598520500000003,0.9756875,0.0243125,Grassland Birds
Grassland Birds: All,40,1993,-0.4384,0.2093,-0.8528,-0.03211,-35.49,-57.38,-3.16,-0.7838693499999999,-0.7043268,-0.6140048,-0.58003925,-0.295297,-0.2614159999999999,-0.17094909999999996,-0.09803188000000002,0.9818125,0.0181875,Grassland Birds
Grassland Birds: All,40,1994,-0.4821,0.2141,-0.9038,-0.06241,-38.25,-59.5,-6.05,-0.8344007999999999,-0.7536156,-0.662006,-0.6276517500000001,-0.33855875,-0.3007146,-0.20675759999999996,-0.13456190000000004,0.9883125,0.0116875,Grassland Birds
Grassland Birds: All,40,1995,-0.5263,0.2196,-0.9616,-0.09601,-40.92,-61.77,-9.154,-0.8848551,-0.8043151,-0.7103584000000001,-0.6753494999999999,-0.37918975,-0.34098300000000004,-0.2429537,-0.16529145000000017,0.99125,0.00875,Grassland Birds
Grassland Birds: All,40,1996,-0.5707,0.2251,-1.018,-0.1262,-43.49,-63.88,-11.86,-0.9392902000000001,-0.8559935,-0.7595024,-0.7234665,-0.4202105,-0.38263259999999993,-0.2825444,-0.19906474999999998,0.993875,0.006125,Grassland Birds
Grassland Birds: All,40,1997,-0.613,0.2303,-1.068,-0.1612,-45.83,-65.61,-14.88,-0.9912659,-0.9066139,-0.8056894,-0.76862,-0.45932850000000003,-0.42022779999999993,-0.3172175,-0.2313606500000004,0.99575,0.00425,Grassland Birds
Grassland Birds: All,40,1998,-0.6522,0.2351,-1.114,-0.1903,-47.91,-67.18,-17.33,-1.038132,-0.9531116000000001,-0.849356,-0.8092855000000001,-0.4953805,-0.4560066,-0.35108849999999997,-0.2643325000000001,0.996875,0.003125,Grassland Birds
Grassland Birds: All,40,1999,-0.6881,0.2397,-1.156,-0.2155,-49.75,-68.53,-19.39,-1.083303,-0.993709,-0.8879155999999999,-0.84855375,-0.528391,-0.4885593999999999,-0.38150049999999996,-0.29487990000000003,0.9980625,0.0019375,Grassland Birds
Grassland Birds: All,40,2000,-0.7187,0.2441,-1.196,-0.239,-51.26,-69.75,-21.26,-1.1205740000000002,-1.03226,-0.9217690000000001,-0.8806400000000001,-0.5549517500000001,-0.514691,-0.4058900999999999,-0.31742325,0.998125,0.001875,Grassland Birds
Grassland Birds: All,40,2001,-0.7432,0.2475,-1.227,-0.2577,-52.44,-70.69,-22.71,-1.1468505,-1.062721,-0.9485124,-0.9069627500000002,-0.57672875,-0.5355588,-0.4260218,-0.3370675000000001,0.998375,0.001625,Grassland Birds
Grassland Birds: All,40,2002,-0.7603,0.2519,-1.257,-0.2653,-53.25,-71.54,-23.31,-1.172372,-1.082445,-0.9727672,-0.92860075,-0.59076,-0.5496226,-0.43786759999999997,-0.3453061,0.9988125,0.0011875,Grassland Birds
Grassland Birds: All,40,2003,-0.7718,0.2564,-1.274,-0.2712,-53.78,-72.04,-23.75,-1.1939635,-1.09988,-0.9882987999999999,-0.9431992499999999,-0.5992985,-0.5582349999999999,-0.4411845999999999,-0.34872490000000017,0.998625,0.001375,Grassland Birds
Grassland Birds: All,40,2004,-0.7787,0.26,-1.288,-0.2663,-54.1,-72.43,-23.38,-1.208775,-1.111454,-0.9977994,-0.9519585,-0.6063735,-0.5599301999999999,-0.44331980000000004,-0.3530725,0.998625,0.001375,Grassland Birds
Grassland Birds: All,40,2005,-0.7838,0.2639,-1.3,-0.2682,-54.33,-72.75,-23.53,-1.2179214999999999,-1.1213380000000002,-1.0070899999999998,-0.961511,-0.60856075,-0.5640879999999999,-0.4443429999999999,-0.34698295000000023,0.9983125,0.0016875,Grassland Birds
Grassland Birds: All,40,2006,-0.7905,0.2661,-1.314,-0.2691,-54.64,-73.13,-23.6,-1.2285005000000002,-1.1332649999999997,-1.0151139999999998,-0.969179,-0.614318,-0.5697972,-0.4478021,-0.3480769000000003,0.9984375,0.0015625,Grassland Birds
Grassland Birds: All,40,2007,-0.8019,0.269,-1.33,-0.2742,-55.15,-73.56,-23.98,-1.245121,-1.1474339999999998,-1.0286559999999998,-0.9833844999999999,-0.6225069999999999,-0.5777715999999999,-0.4576074,-0.3559440500000001,0.998375,0.001625,Grassland Birds
Grassland Birds: All,40,2008,-0.8188,0.272,-1.353,-0.2856,-55.91,-74.16,-24.84,-1.2679215,-1.169099,-1.048184,-1.001045,-0.63865275,-0.5945533999999999,-0.4689182999999999,-0.3674780500000001,0.99825,0.00175,Grassland Birds
Grassland Birds: All,40,2009,-0.8408,0.2747,-1.381,-0.2958,-56.86,-74.86,-25.61,-1.2956254999999999,-1.192501,-1.072306,-1.0264625,-0.6608455,-0.6125148,-0.4876128,-0.38558980000000026,0.9988125,0.0011875,Grassland Birds
Grassland Birds: All,40,2010,-0.8668,0.2773,-1.416,-0.3156,-57.97,-75.73,-27.06,-1.325161,-1.221504,-1.100376,-1.054755,-0.6860704999999999,-0.6376295999999999,-0.508855,-0.4067097,0.999,0.001,Grassland Birds
Grassland Birds: All,40,2011,-0.8948,0.2808,-1.448,-0.3392,-59.13,-76.49,-28.76,-1.3580805,-1.251974,-1.1279460000000001,-1.0832325,-0.709938,-0.6618016,-0.5344215,-0.4303049,0.9993125,6.875e-4,Grassland Birds
Grassland Birds: All,40,2012,-0.9227,0.2835,-1.478,-0.3612,-60.26,-77.2,-30.31,-1.3938005,-1.285363,-1.16092,-1.1136549999999998,-0.734656,-0.6873438000000001,-0.5591389999999999,-0.4524097,0.99975,2.5e-4,Grassland Birds
Grassland Birds: All,40,2013,-0.9501,0.2863,-1.513,-0.3819,-61.33,-77.97,-31.74,-1.4208844999999999,-1.317161,-1.1898499999999999,-1.14256,-0.76166925,-0.7117663999999999,-0.5800714000000001,-0.47587150000000017,0.999875,1.25e-4,Grassland Birds
Grassland Birds: All,40,2014,-0.9754,0.2899,-1.544,-0.3966,-62.29,-78.65,-32.74,-1.4538955,-1.3440720000000002,-1.21977,-1.1708825,-0.7841435,-0.7342717999999999,-0.6019372999999999,-0.49771875000000004,0.999875,1.25e-4,Grassland Birds
Grassland Birds: All,40,2015,-0.9984,0.2926,-1.571,-0.4183,-63.15,-79.22,-34.19,-1.4850865,-1.3713479999999998,-1.243728,-1.1934775,-0.802569,-0.7555359999999999,-0.622114,-0.51242075,0.9999375,6.25e-5,Grassland Birds
Grassland Birds: All,40,2016,-1.021,0.2949,-1.598,-0.44,-63.97,-79.76,-35.6,-1.507971,-1.399911,-1.26719,-1.2188174999999999,-0.8234917500000001,-0.7739073999999999,-0.6426500999999999,-0.5330971,1,0,Grassland Birds
Grassland Birds: All,40,2017,-1.042,0.2969,-1.623,-0.4581,-64.72,-80.28,-36.75,-1.529285,-1.423849,-1.291084,-1.2410075,-0.842633,-0.7961268,-0.6598691999999999,-0.5520273500000001,1,0,Grassland Birds
Grassland Birds: All,40,2018,-1.061,0.2983,-1.646,-0.4752,-65.41,-80.71,-37.83,-1.5526425000000001,-1.4457649999999997,-1.310976,-1.260545,-0.86145225,-0.8137188,-0.6781374,-0.5661264,0.9999375,6.25e-5,Grassland Birds
Grassland Birds: All,40,2019,-1.079,0.2999,-1.664,-0.4883,-66.01,-81.06,-38.63,-1.57233,-1.462483,-1.3290980000000001,-1.280385,-0.88003825,-0.830737,-0.6906348999999998,-0.5809184500000001,1,0,Grassland Birds
Grassland Birds: All,40,2020,-1.093,0.3011,-1.678,-0.4969,-66.47,-81.33,-39.16,-1.5883595000000001,-1.4785409999999999,-1.3440159999999999,-1.2949525,-0.89440075,-0.8425248,-0.70421,-0.5959006000000001,1,0,Grassland Birds
Grassland Birds: All,40,2021,-1.104,0.3025,-1.693,-0.5038,-66.83,-81.61,-39.58,-1.598547,-1.4893550000000002,-1.355856,-1.3062525,-0.9021242500000001,-0.8514861999999999,-0.7138064,-0.6035313,1,0,Grassland Birds
Grassland Birds: All,40,2022,-1.113,0.3036,-1.707,-0.5122,-67.16,-81.86,-40.08,-1.6113709999999999,-1.500812,-1.3668420000000001,-1.317075,-0.9108229999999999,-0.8597005999999999,-0.7198507999999999,-0.6124451000000002,1,0,Grassland Birds
Grassland Birds: Native Grassland Specialists,40,1970,0,0,0,0,0,0,0,0,0,0,0,0,0,0,0,0,0,Native Grassland Specialists
Grassland Birds: Native Grassland Specialists,40,1971,0.0202,0.02586,-0.03432,0.07072,2.041,-3.374,7.328,-0.018895554999999998,-0.005903360999999999,0.004859614,0.0082581725,0.032757825,0.0361371,0.04655579000000001,0.05732406499999999,0.14325,0.85675,Native Grassland Specialists
Grassland Birds: Native Grassland Specialists,40,1972,0.03639,0.03617,-0.03949,0.107,3.706,-3.872,11.3,-0.021230669999999997,-0.003888303999999999,0.012432640000000002,0.017716025,0.056100950000000004,0.0610894,0.07596878,0.090688085,0.11525,0.88475,Native Grassland Specialists
Grassland Birds: Native Grassland Specialists,40,1973,0.04461,0.04668,-0.05295,0.1354,4.561,-5.157,14.5,-0.030829824999999998,-0.008683154999999996,0.012407400000000006,0.019699500000000002,0.070887225,0.07755746000000001,0.0968064,0.1159111,0.134625,0.865375,Native Grassland Specialists
Grassland Birds: Native Grassland Specialists,40,1974,0.0427,0.05848,-0.07996,0.1581,4.363,-7.685,17.13,-0.053328509999999996,-0.02682513,2.3245560000000103e-4,0.0094938175,0.07676092500000001,0.0853739,0.11036560000000002,0.1345011999999999,0.198625,0.801375,Native Grassland Specialists
Grassland Birds: Native Grassland Specialists,40,1975,0.03202,0.07215,-0.1194,0.1742,3.254,-11.25,19.03,-0.08738945,-0.05486869,-0.021929879999999995,-0.0099966175,0.075207775,0.08622204000000001,0.11717010000000003,0.14600574999999996,0.2994375,0.7005625,Native Grassland Specialists
Grassland Birds: Native Grassland Specialists,40,1976,0.01468,0.08386,-0.1594,0.1793,1.479,-14.73,19.64,-0.12600465,-0.08949677,-0.04882496,-0.0357089,0.06610585,0.07900852000000001,0.11478540000000004,0.14827434999999986,0.4146875,0.5853125,Native Grassland Specialists
Grassland Birds: Native Grassland Specialists,40,1977,-0.005022,0.09388,-0.1997,0.1787,-0.5009,-18.1,19.57,-0.16082325,-0.1221926,-0.07755888,-0.0623452,0.053213525,0.06725978,0.10827060000000001,0.14397684999999996,0.516625,0.483375,Native Grassland Specialists
Grassland Birds: Native Grassland Specialists,40,1978,-0.0275,0.1023,-0.237,0.1741,-2.713,-21.1,19.02,-0.197686,-0.1556489,-0.1075194,-0.09023529999999999,0.036774075,0.05201148,0.09808106,0.13593414999999998,0.611625,0.388375,Native Grassland Specialists
Grassland Birds: Native Grassland Specialists,40,1979,-0.0532,0.1104,-0.2786,0.1619,-5.181,-24.32,17.57,-0.2357071,-0.19055089999999997,-0.1401572,-0.1214315,0.01710435,0.03391996000000005,0.08103135000000004,0.12358714999999998,0.69375,0.30625,Native Grassland Specialists
Grassland Birds: Native Grassland Specialists,40,1980,-0.08256,0.1186,-0.3222,0.1505,-7.924,-27.55,16.24,-0.2786283,-0.23179260000000002,-0.1771566,-0.15723275,-0.0069531625,0.011826060000000022,0.06324274000000005,0.10705284999999996,0.7690625,0.2309375,Native Grassland Specialists
Grassland Birds: Native Grassland Specialists,40,1981,-0.1154,0.1276,-0.3741,0.1358,-10.9,-31.21,14.55,-0.32756409999999997,-0.27631969999999995,-0.217379,-0.1965345,-0.033054975,-0.01282421999999997,0.04447489000000002,0.08909407999999984,0.8275625,0.1724375,Native Grassland Specialists
Grassland Birds: Native Grassland Specialists,40,1982,-0.1494,0.1377,-0.4271,0.1211,-13.88,-34.76,12.88,-0.37450274999999994,-0.32240270000000004,-0.25931859999999995,-0.23710499999999998,-0.059625575,-0.03711412,0.022152960000000006,0.07297839999999998,0.8694375,0.1305625,Native Grassland Specialists
Grassland Birds: Native Grassland Specialists,40,1983,-0.1834,0.1492,-0.4822,0.1052,-16.76,-38.26,11.1,-0.42885239999999997,-0.37160160000000003,-0.3045782,-0.2786055,-0.0868269,-0.06288123999999998,0.001501180000000003,0.05700064,0.8974375,0.1025625,Native Grassland Specialists
Grassland Birds: Native Grassland Specialists,40,1984,-0.2151,0.1617,-0.5399,0.1012,-19.35,-41.72,10.65,-0.4811391,-0.4192607,-0.3466508,-0.3192755,-0.10971025,-0.08400519999999993,-0.014573539999999998,0.04433469499999996,0.9150625,0.0849375,Native Grassland Specialists
Grassland Birds: Native Grassland Specialists,40,1985,-0.2447,0.1754,-0.5958,0.09757,-21.7,-44.89,10.25,-0.5368533,-0.4679694,-0.3863082,-0.35820275,-0.13072999999999999,-0.10276219999999997,-0.02919199999999997,0.037865785,0.926,0.074,Native Grassland Specialists
Grassland Birds: Native Grassland Specialists,40,1986,-0.2742,0.1884,-0.6491,0.09775,-23.98,-47.75,10.27,-0.5852798499999999,-0.5131457,-0.4287556,-0.39576625,-0.1518655,-0.1218218,-0.040596649999999984,0.03302384999999997,0.931875,0.068125,Native Grassland Specialists
Grassland Birds: Native Grassland Specialists,40,1987,-0.3054,0.2003,-0.7001,0.08738,-26.31,-50.35,9.132,-0.63369645,-0.5569724,-0.4708084,-0.43512949999999995,-0.17696475,-0.14338759999999995,-0.05833550999999997,0.020428339999999882,0.9393125,0.0606875,Native Grassland Specialists
Grassland Birds: Native Grassland Specialists,40,1988,-0.3407,0.2119,-0.7627,0.07738,-28.87,-53.36,8.046,-0.6875962000000001,-0.6071013,-0.5163936,-0.478749,-0.20236225000000002,-0.16989959999999998,-0.07979299999999995,0.0057394109999998255,0.9480625,0.0519375,Native Grassland Specialists
Grassland Birds: Native Grassland Specialists,40,1989,-0.3797,0.2212,-0.8167,0.05999,-31.59,-55.81,6.183,-0.74317195,-0.6602410999999999,-0.5604254000000001,-0.52278375,-0.23451550000000002,-0.20044979999999996,-0.10375149999999993,-0.020028685000000074,0.9588125,0.0411875,Native Grassland Specialists
Grassland Birds: Native Grassland Specialists,40,1990,-0.4263,0.2303,-0.8814,0.0227,-34.71,-58.58,2.296,-0.8025924,-0.718406,-0.6136948,-0.5753389999999999,-0.27390775,-0.23730139999999994,-0.13946599999999998,-0.05181029000000016,0.9683125,0.0316875,Native Grassland Specialists
Grassland Birds: Native Grassland Specialists,40,1991,-0.4787,0.2387,-0.9502,-0.01126,-38.04,-61.33,-1.12,-0.86756605,-0.7783131,-0.6733319999999999,-0.63357525,-0.320904,-0.28350719999999996,-0.17917489999999997,-0.08827927500000039,0.9769375,0.0230625,Native Grassland Specialists
Grassland Birds: Native Grassland Specialists,40,1992,-0.5399,0.2477,-1.027,-0.05789,-41.72,-64.18,-5.624,-0.94687945,-0.8529112999999999,-0.742415,-0.7014972500000001,-0.37493575,-0.3357455999999999,-0.22719579999999995,-0.1371521,0.984625,0.015375,Native Grassland Specialists
Grassland Birds: Native Grassland Specialists,40,1993,-0.6063,0.2558,-1.114,-0.1133,-45.47,-67.19,-10.71,-1.02966,-0.9335034,-0.8148576000000001,-0.7714885,-0.43635250000000003,-0.39458779999999993,-0.28316499999999994,-0.19405515000000007,0.9895625,0.0104375,Native Grassland Specialists
Grassland Birds: Native Grassland Specialists,40,1994,-0.6786,0.2647,-1.207,-0.1653,-49.27,-70.1,-15.24,-1.1210885000000002,-1.015404,-0.8947461999999999,-0.84841875,-0.50296775,-0.46023420000000004,-0.34649669999999994,-0.25025545,0.993875,0.006125,Native Grassland Specialists
Grassland Birds: Native Grassland Specialists,40,1995,-0.7548,0.2744,-1.306,-0.2252,-52.99,-72.91,-20.16,-1.2129215,-1.106481,-0.978881,-0.930778,-0.571488,-0.528167,-0.40924720000000003,-0.3143239000000002,0.995875,0.004125,Native Grassland Specialists
Grassland Birds: Native Grassland Specialists,40,1996,-0.8343,0.285,-1.4,-0.2807,-56.58,-75.35,-24.48,-1.3048195,-1.2005759999999999,-1.0688520000000001,-1.01931,-0.64666575,-0.6015387999999999,-0.4773836999999999,-0.37240600000000024,0.9974375,0.0025625,Native Grassland Specialists
Grassland Birds: Native Grassland Specialists,40,1997,-0.9156,0.2963,-1.504,-0.335,-59.97,-77.78,-28.46,-1.4044625,-1.294272,-1.158882,-1.1093975,-0.7201839999999999,-0.6729198,-0.5406122,-0.4363782000000001,0.9986875,0.0013125,Native Grassland Specialists
Grassland Birds: Native Grassland Specialists,40,1998,-0.9973,0.3083,-1.602,-0.391,-63.11,-79.85,-32.36,-1.501955,-1.3892120000000001,-1.251214,-1.200425,-0.7943484999999999,-0.7434328,-0.6098219,-0.4959965500000005,0.999,0.001,Native Grassland Specialists
Grassland Birds: Native Grassland Specialists,40,1999,-1.077,0.3202,-1.711,-0.4518,-65.95,-81.94,-36.35,-1.5985924999999999,-1.482224,-1.34345,-1.2891225,-0.86807,-0.8124348,-0.6731339000000001,-0.5575728500000001,0.999125,8.75e-4,Native Grassland Specialists
Grassland Birds: Native Grassland Specialists,40,2000,-1.153,0.3321,-1.808,-0.5041,-68.43,-83.61,-39.59,-1.693676,-1.5710110000000002,-1.4290440000000002,-1.3723775,-0.9317675000000001,-0.8763981999999999,-0.734974,-0.6134997000000008,0.9994375,5.625e-4,Native Grassland Specialists
Grassland Birds: Native Grassland Specialists,40,2001,-1.219,0.3413,-1.9,-0.5498,-70.46,-85.04,-42.29,-1.7754265,-1.6511810000000002,-1.498062,-1.4429075,-0.9921565,-0.9375893999999999,-0.7887489999999999,-0.6588752500000002,0.999625,3.75e-4,Native Grassland Specialists
Grassland Birds: Native Grassland Specialists,40,2002,-1.275,0.3508,-1.972,-0.58,-72.05,-86.09,-44.01,-1.851042,-1.718561,-1.5647739999999999,-1.504265,-1.040725,-0.9849037999999999,-0.8285615999999999,-0.6985296500000002,0.9998125,1.875e-4,Native Grassland Specialists
Grassland Birds: Native Grassland Specialists,40,2003,-1.32,0.3613,-2.036,-0.6045,-73.28,-86.94,-45.37,-1.9041670000000002,-1.7740580000000001,-1.617512,-1.5593174999999997,-1.08101,-1.022356,-0.8663962,-0.7265849500000001,0.99975,2.5e-4,Native Grassland Specialists
Grassland Birds: Native Grassland Specialists,40,2004,-1.36,0.3707,-2.102,-0.6257,-74.32,-87.78,-46.51,-1.963701,-1.8279409999999998,-1.666882,-1.6039875000000001,-1.11341,-1.0518719999999997,-0.8894724999999999,-0.7506642500000001,0.99975,2.5e-4,Native Grassland Specialists
Grassland Birds: Native Grassland Specialists,40,2005,-1.396,0.3781,-2.153,-0.6526,-75.25,-88.38,-47.93,-2.0156455,-1.874022,-1.7074799999999999,-1.6492425,-1.1430725,-1.083146,-0.9168466,-0.7706840000000003,0.9998125,1.875e-4,Native Grassland Specialists
Grassland Birds: Native Grassland Specialists,40,2006,-1.436,0.3859,-2.204,-0.6761,-76.21,-88.96,-49.14,-2.0693525,-1.922643,-1.755296,-1.6942125000000001,-1.1800599999999999,-1.11823,-0.9427875,-0.7986594,1,0,Native Grassland Specialists
Grassland Birds: Native Grassland Specialists,40,2007,-1.482,0.3922,-2.261,-0.7116,-77.27,-89.57,-50.92,-2.1259069999999998,-1.977329,-1.8079260000000001,-1.7452075,-1.21994,-1.154942,-0.9804008999999999,-0.8349577500000003,1,0,Native Grassland Specialists
Grassland Birds: Native Grassland Specialists,40,2008,-1.534,0.3976,-2.32,-0.7577,-78.44,-90.17,-53.12,-2.190316,-2.034854,-1.864576,-1.801855,-1.2702300000000002,-1.2030859999999999,-1.029151,-0.8824917,0.9999375,6.25e-5,Native Grassland Specialists
Grassland Birds: Native Grassland Specialists,40,2009,-1.593,0.403,-2.387,-0.803,-79.66,-90.81,-55.2,-2.260787,-2.101299,-1.930316,-1.865015,-1.3249175,-1.255658,-1.0816210000000002,-0.9300480500000002,1,0,Native Grassland Specialists
Grassland Birds: Native Grassland Specialists,40,2010,-1.657,0.4072,-2.459,-0.8572,-80.94,-91.45,-57.57,-2.330958,-2.1711950000000004,-2.001156,-1.93181,-1.3835024999999999,-1.316138,-1.1396719999999996,-0.9931554000000001,1,0,Native Grassland Specialists
Grassland Birds: Native Grassland Specialists,40,2011,-1.726,0.4112,-2.541,-0.9149,-82.2,-92.12,-59.94,-2.4069154999999998,-2.244371,-2.070884,-2.00296,-1.447795,-1.3820359999999998,-1.203384,-1.0499794999999998,1,0,Native Grassland Specialists
Grassland Birds: Native Grassland Specialists,40,2012,-1.795,0.4154,-2.62,-0.9766,-83.39,-92.72,-62.34,-2.486065,-2.319211,-2.1393280000000003,-2.075675,-1.51386,-1.450238,-1.267611,-1.1119705000000002,1,0,Native Grassland Specialists
Grassland Birds: Native Grassland Specialists,40,2013,-1.862,0.42,-2.692,-1.033,-84.47,-93.23,-64.42,-2.5554615,-2.392168,-2.2141119999999996,-2.1468375,-1.5795124999999999,-1.5132899999999998,-1.331329,-1.1708295000000004,1,0,Native Grassland Specialists
Grassland Birds: Native Grassland Specialists,40,2014,-1.926,0.4245,-2.765,-1.085,-85.43,-93.7,-66.2,-2.625793,-2.463193,-2.2829140000000003,-2.212135,-1.6447975000000001,-1.572952,-1.3898059999999999,-1.223006,1,0,Native Grassland Specialists
Grassland Birds: Native Grassland Specialists,40,2015,-1.988,0.428,-2.835,-1.136,-86.3,-94.13,-67.89,-2.692682,-2.530505,-2.346422,-2.2767524999999997,-1.699755,-1.6316540000000002,-1.4497339999999999,-1.2807685000000002,1,0,Native Grassland Specialists
Grassland Birds: Native Grassland Specialists,40,2016,-2.047,0.4307,-2.899,-1.192,-87.09,-94.49,-69.65,-2.7533174999999996,-2.592556,-2.410276,-2.338795,-1.7606475,-1.6886079999999999,-1.5000099999999998,-1.3371430000000002,1,0,Native Grassland Specialists
Grassland Birds: Native Grassland Specialists,40,2017,-2.106,0.4322,-2.958,-1.252,-87.82,-94.81,-71.39,-2.8146975000000003,-2.65359,-2.466752,-2.4005975,-1.816465,-1.745536,-1.557466,-1.3979090000000003,1,0,Native Grassland Specialists
Grassland Birds: Native Grassland Specialists,40,2018,-2.162,0.4327,-3.015,-1.306,-88.49,-95.1,-72.92,-2.8739604999999995,-2.7099750000000005,-2.525524,-2.4544474999999997,-1.8731075,-1.80042,-1.6105109999999998,-1.4570595000000002,1,0,Native Grassland Specialists
Grassland Birds: Native Grassland Specialists,40,2019,-2.214,0.4331,-3.068,-1.361,-89.07,-95.35,-74.37,-2.9237539999999997,-2.764166,-2.577742,-2.506155,-1.925425,-1.8509799999999998,-1.6648729999999998,-1.5059845,1,0,Native Grassland Specialists
Grassland Birds: Native Grassland Specialists,40,2020,-2.26,0.4336,-3.112,-1.404,-89.56,-95.55,-75.45,-2.9703185,-2.8096389999999998,-2.622468,-2.552225,-1.9706975,-1.897574,-1.712815,-1.5516185,1,0,Native Grassland Specialists
Grassland Birds: Native Grassland Specialists,40,2021,-2.3,0.434,-3.154,-1.442,-89.97,-95.73,-76.35,-3.010743,-2.8514850000000003,-2.663524,-2.5908824999999998,-2.0099825,-1.9350079999999998,-1.748682,-1.587004,1,0,Native Grassland Specialists
Grassland Birds: Native Grassland Specialists,40,2022,-2.337,0.435,-3.191,-1.473,-90.33,-95.89,-77.07,-3.0510369999999996,-2.889646,-2.7012639999999997,-2.62948,-2.0461525,-1.971778,-1.784838,-1.6274555000000002,1,0,Native Grassland Specialists
Grassland Birds: Present in Agricultural Landscapes,40,1970,0,0,0,0,0,0,0,0,0,0,0,0,0,0,0,0,0,Grassland Birds Present in Agricultural Landscapes
Grassland Birds: Present in Agricultural Landscapes,40,1971,9.207e-4,0.01803,-0.03646,0.03732,0.09212,-3.581,3.803,-0.028654945,-0.020839569999999998,-0.01212928,-0.00914804,0.010981475000000001,0.013893000000000003,0.022543670000000002,0.03023023,0.4668125,0.5331875,Grassland Birds Present in Agricultural Landscapes
Grassland Birds: Present in Agricultural Landscapes,40,1972,0.001019,0.02763,-0.05425,0.05669,0.1019,-5.28,5.833,-0.043922304999999995,-0.033513789999999995,-0.02123282,-0.01670945,0.018167225000000002,0.02298816,0.03521105,0.04579266,0.48275,0.51725,Grassland Birds Present in Agricultural Landscapes
Grassland Birds: Present in Agricultural Landscapes,40,1973,-7.605e-4,0.03633,-0.07296,0.07135,-0.07602,-7.036,7.396,-0.061238105,-0.045983489999999995,-0.030397179999999996,-0.024306225,0.022490225000000003,0.02871032000000001,0.045082840000000006,0.05897149499999999,0.5104375,0.4895625,Grassland Birds Present in Agricultural Landscapes
Grassland Birds: Present in Agricultural Landscapes,40,1974,-0.005475,0.04485,-0.09412,0.08291,-0.546,-8.982,8.644,-0.07918736999999999,-0.06238552,-0.04262935999999999,-0.03487125,0.024262124999999996,0.031323680000000007,0.05146212000000001,0.06847052999999997,0.550375,0.449625,Grassland Birds Present in Agricultural Landscapes
Grassland Birds: Present in Agricultural Landscapes,40,1975,-0.01304,0.05424,-0.1199,0.09403,-1.296,-11.3,9.859,-0.10212834999999999,-0.08166113,-0.057994779999999996,-0.049078775000000005,0.022833775,0.03166030000000002,0.055641840000000005,0.076009255,0.5955625,0.4044375,Grassland Birds Present in Agricultural Landscapes
Grassland Birds: Present in Agricultural Landscapes,40,1976,-0.02219,0.06348,-0.1474,0.1022,-2.195,-13.7,10.76,-0.1274227,-0.10319829999999999,-0.07511013999999999,-0.06411214999999999,0.020758125000000002,0.031178440000000012,0.05796705,0.08114083,0.6405,0.3595,Grassland Birds Present in Agricultural Landscapes
Grassland Birds: Present in Agricultural Landscapes,40,1977,-0.03114,0.07143,-0.1749,0.1098,-3.066,-16.05,11.6,-0.15157505,-0.122774,-0.0897181,-0.07784364999999999,0.016590800000000003,0.028111400000000016,0.05829583,0.08469007499999999,0.66625,0.33375,Grassland Birds Present in Agricultural Landscapes
Grassland Birds: Present in Agricultural Landscapes,40,1978,-0.04009,0.0779,-0.1947,0.1119,-3.93,-17.69,11.85,-0.1695741,-0.13981329999999997,-0.104813,-0.091934,0.011699,0.025128420000000005,0.05844914000000002,0.08681265999999997,0.6980625,0.3019375,Grassland Birds Present in Agricultural Landscapes
Grassland Birds: Present in Agricultural Landscapes,40,1979,-0.04784,0.0832,-0.2124,0.1148,-4.671,-19.13,12.17,-0.1864379,-0.1538458,-0.1167618,-0.103042,0.00725646,0.021204160000000017,0.05801598000000001,0.08787247499999999,0.7215,0.2785,Grassland Birds Present in Agricultural Landscapes
Grassland Birds: Present in Agricultural Landscapes,40,1980,-0.05513,0.08769,-0.2302,0.1167,-5.364,-20.57,12.38,-0.2006963,-0.1671474,-0.1280284,-0.1132495,0.0031279625,0.017853000000000015,0.056597800000000045,0.08653929999999996,0.7375625,0.2624375,Grassland Birds Present in Agricultural Landscapes
Grassland Birds: Present in Agricultural Landscapes,40,1981,-0.06314,0.09164,-0.2448,0.116,-6.119,-21.72,12.31,-0.21500315,-0.1802229,-0.1401882,-0.124477,-0.001691845,0.013098580000000002,0.053246600000000005,0.08510870499999998,0.756625,0.243375,Grassland Birds Present in Agricultural Landscapes
Grassland Birds: Present in Agricultural Landscapes,40,1982,-0.07245,0.09561,-0.2613,0.1154,-6.989,-23,12.24,-0.23151449999999998,-0.19304059999999998,-0.1525754,-0.137047,-0.00812382,0.007524154000000017,0.048441830000000005,0.08332803499999993,0.776125,0.223875,Grassland Birds Present in Agricultural Landscapes
Grassland Birds: Present in Agricultural Landscapes,40,1983,-0.08255,0.09952,-0.2806,0.1102,-7.923,-24.47,11.65,-0.24572560000000002,-0.208463,-0.1660726,-0.149289,-0.015407625000000001,0.0012807780000000024,0.04432212000000002,0.07932451999999993,0.7964375,0.2035625,Grassland Birds Present in Agricultural Landscapes
Grassland Birds: Present in Agricultural Landscapes,40,1984,-0.09296,0.1038,-0.2987,0.1103,-8.877,-25.82,11.67,-0.2647931,-0.22564849999999997,-0.17947999999999997,-0.162513,-0.023072025,-0.005410499999999998,0.03866034,0.076475505,0.814875,0.185125,Grassland Birds Present in Agricultural Landscapes
Grassland Birds: Present in Agricultural Landscapes,40,1985,-0.1023,0.1079,-0.316,0.1105,-9.723,-27.09,11.69,-0.27861785,-0.2421934,-0.1923626,-0.174125,-0.029429025,-0.01242797999999998,0.03470731000000001,0.07241864999999995,0.8323125,0.1676875,Grassland Birds Present in Agricultural Landscapes
Grassland Birds: Present in Agricultural Landscapes,40,1986,-0.1101,0.1117,-0.3313,0.1102,-10.43,-28.2,11.65,-0.29348939999999996,-0.25425970000000003,-0.2043506,-0.18538575,-0.035227125000000005,-0.016620399999999994,0.03065493,0.0730888899999999,0.839625,0.160375,Grassland Birds Present in Agricultural Landscapes
Grassland Birds: Present in Agricultural Landscapes,40,1987,-0.1169,0.1158,-0.3419,0.1098,-11.03,-28.96,11.61,-0.30572705,-0.2659686,-0.2141208,-0.1950145,-0.038794075,-0.020384579999999992,0.030747480000000035,0.07270446499999983,0.84525,0.15475,Grassland Birds Present in Agricultural Landscapes
Grassland Birds: Present in Agricultural Landscapes,40,1988,-0.1235,0.1194,-0.3561,0.1089,-11.62,-29.96,11.5,-0.32046569999999996,-0.2775861,-0.22423880000000002,-0.20251,-0.0432789,-0.02342209999999998,0.029659150000000013,0.07215226499999995,0.8493125,0.1506875,Grassland Birds Present in Agricultural Landscapes
Grassland Birds: Present in Agricultural Landscapes,40,1989,-0.1321,0.1221,-0.3716,0.1058,-12.38,-31.04,11.16,-0.33315059999999996,-0.2887012,-0.23474520000000001,-0.21325525,-0.049525575,-0.029935339999999998,0.02353537000000002,0.06942064499999988,0.861375,0.138625,Grassland Birds Present in Agricultural Landscapes
Grassland Birds: Present in Agricultural Landscapes,40,1990,-0.1444,0.1242,-0.3892,0.09734,-13.45,-32.24,10.22,-0.3492664,-0.3036315,-0.2490618,-0.228216,-0.060526525,-0.04070595999999998,0.014345830000000004,0.06177124999999999,0.87825,0.12175,Grassland Birds Present in Agricultural Landscapes
Grassland Birds: Present in Agricultural Landscapes,40,1991,-0.1614,0.1265,-0.4095,0.08424,-14.9,-33.6,8.79,-0.3688954,-0.3225782,-0.2677522,-0.24718650000000003,-0.0762333,-0.05483059999999999,1.976045000000138e-4,0.046916644999999944,0.8994375,0.1005625,Grassland Birds Present in Agricultural Landscapes
Grassland Birds: Present in Agricultural Landscapes,40,1992,-0.1834,0.1295,-0.4364,0.06983,-16.75,-35.36,7.232,-0.39628720000000006,-0.3483265,-0.291982,-0.2702715,-0.0954949,-0.07413454,-0.017216879999999993,0.030511989999999944,0.921875,0.078125,Grassland Birds Present in Agricultural Landscapes
Grassland Birds: Present in Agricultural Landscapes,40,1993,-0.2099,0.1341,-0.4724,0.05229,-18.93,-37.65,5.368,-0.43056285,-0.3804825,-0.323478,-0.29949475000000003,-0.12072450000000001,-0.09686735999999999,-0.0372072,0.011809114999999877,0.9406875,0.0593125,Grassland Birds Present in Agricultural Landscapes
Grassland Birds: Present in Agricultural Landscapes,40,1994,-0.2398,0.1394,-0.5141,0.03272,-21.32,-40.19,3.326,-0.46804525,-0.41836579999999995,-0.35721580000000003,-0.33372824999999995,-0.14602125,-0.1223996,-0.05969181999999999,-0.010293415000000049,0.9579375,0.0420625,Grassland Birds Present in Agricultural Landscapes
Grassland Birds: Present in Agricultural Landscapes,40,1995,-0.2703,0.1453,-0.5562,0.01521,-23.69,-42.66,1.533,-0.50989495,-0.45816819999999997,-0.39098459999999996,-0.36729,-0.17327275,-0.14865399999999995,-0.08226895999999996,-0.032611275000000314,0.9691875,0.0308125,Grassland Birds Present in Agricultural Landscapes
Grassland Birds: Present in Agricultural Landscapes,40,1996,-0.2992,0.1506,-0.5966,-0.001842,-25.86,-44.93,-0.184,-0.5484354,-0.49237369999999997,-0.4245354,-0.39980825,-0.19848225,-0.1718467999999999,-0.10651119999999997,-0.05079119500000009,0.9756875,0.0243125,Grassland Birds Present in Agricultural Landscapes
Grassland Birds: Present in Agricultural Landscapes,40,1997,-0.3258,0.1546,-0.6288,-0.02138,-27.81,-46.68,-2.116,-0.5816146,-0.5231663,-0.45320859999999996,-0.4284755,-0.2214795,-0.1958038,-0.1269431,-0.07027483000000001,0.9823125,0.0176875,Grassland Birds Present in Agricultural Landscapes
Grassland Birds: Present in Agricultural Landscapes,40,1998,-0.3487,0.1581,-0.6592,-0.03674,-29.44,-48.27,-3.607,-0.6103932000000001,-0.5492829,-0.4802918,-0.4546935,-0.24198325,-0.21532239999999997,-0.14341559999999998,-0.08885741500000006,0.9854375,0.0145625,Grassland Birds Present in Agricultural Landscapes
Grassland Birds: Present in Agricultural Landscapes,40,1999,-0.3677,0.1602,-0.6798,-0.0507,-30.76,-49.33,-4.944,-0.63127855,-0.5724404,-0.501259,-0.474746,-0.26077724999999996,-0.2333014,-0.16179589999999996,-0.10305080000000004,0.9893125,0.0106875,Grassland Birds Present in Agricultural Landscapes
Grassland Birds: Present in Agricultural Landscapes,40,2000,-0.3817,0.162,-0.6993,-0.06218,-31.73,-50.31,-6.028,-0.6504211000000001,-0.5873196999999999,-0.5168096,-0.4896895,-0.27350225,-0.2457622,-0.172993,-0.11628830000000008,0.9904375,0.0095625,Grassland Birds Present in Agricultural Landscapes
Grassland Birds: Present in Agricultural Landscapes,40,2001,-0.3903,0.1637,-0.7115,-0.06753,-32.31,-50.91,-6.53,-0.6617758499999999,-0.5989039,-0.5265752,-0.49929175000000003,-0.27999324999999997,-0.25255859999999997,-0.18021199999999998,-0.11961425000000005,0.991125,0.008875,Grassland Birds Present in Agricultural Landscapes
Grassland Birds: Present in Agricultural Landscapes,40,2002,-0.3922,0.1662,-0.7196,-0.06599,-32.44,-51.3,-6.386,-0.6654565,-0.6045162000000001,-0.5296494,-0.50342175,-0.2809345,-0.2541826,-0.1778489,-0.11757165000000012,0.9905625,0.0094375,Grassland Birds Present in Agricultural Landscapes
Grassland Birds: Present in Agricultural Landscapes,40,2003,-0.3889,0.1696,-0.7253,-0.05422,-32.22,-51.58,-5.277,-0.6680868999999999,-0.6068649999999999,-0.5302968,-0.501344,-0.27597525,-0.24784899999999999,-0.1727369,-0.10872495000000015,0.988875,0.011125,Grassland Birds Present in Agricultural Landscapes
Grassland Birds: Present in Agricultural Landscapes,40,2004,-0.3827,0.1726,-0.7214,-0.04286,-31.8,-51.4,-4.195,-0.6681447,-0.6042339999999999,-0.5261434,-0.49673125,-0.26702175000000006,-0.23783339999999997,-0.1594749,-0.09864886000000014,0.9866875,0.0133125,Grassland Birds Present in Agricultural Landscapes
Grassland Birds: Present in Agricultural Landscapes,40,2005,-0.3759,0.1745,-0.72,-0.03065,-31.33,-51.32,-3.018,-0.66430785,-0.6006191999999999,-0.5213213999999999,-0.49127475,-0.26081025,-0.22881899999999997,-0.1508591999999999,-0.0887594100000002,0.984,0.016,Grassland Birds Present in Agricultural Landscapes
Grassland Birds: Present in Agricultural Landscapes,40,2006,-0.3718,0.1759,-0.7208,-0.02735,-31.05,-51.37,-2.697,-0.662245,-0.5975431000000001,-0.5183934,-0.48925675,-0.25331200000000004,-0.2224564,-0.14503609999999997,-0.0815755800000004,0.9828125,0.0171875,Grassland Birds Present in Agricultural Landscapes
Grassland Birds: Present in Agricultural Landscapes,40,2007,-0.3718,0.1774,-0.7218,-0.0247,-31.05,-51.41,-2.44,-0.6644712,-0.6001280999999999,-0.5196224,-0.48938225,-0.25115675000000004,-0.22091439999999998,-0.14510629999999994,-0.07914879000000002,0.9820625,0.0179375,Grassland Birds Present in Agricultural Landscapes
Grassland Birds: Present in Agricultural Landscapes,40,2008,-0.3767,0.1795,-0.7319,-0.02007,-31.39,-51.9,-1.987,-0.6735296,-0.6069043000000001,-0.526422,-0.49570125000000004,-0.25452,-0.22387219999999997,-0.14611599999999997,-0.08121073000000002,0.9824375,0.0175625,Grassland Birds Present in Agricultural Landscapes
Grassland Birds: Present in Agricultural Landscapes,40,2009,-0.3864,0.1828,-0.745,-0.02992,-32.05,-52.52,-2.948,-0.6876536,-0.6227417,-0.539498,-0.5076274999999999,-0.262512,-0.23150099999999998,-0.15358609999999998,-0.08683059000000018,0.982875,0.017125,Grassland Birds Present in Agricultural Landscapes
Grassland Birds: Present in Agricultural Landscapes,40,2010,-0.4,0.1858,-0.763,-0.0358,-32.97,-53.37,-3.516,-0.70739285,-0.6394675999999999,-0.5573262,-0.5247415,-0.27428400000000003,-0.24338159999999995,-0.1630172,-0.09572923,0.9853125,0.0146875,Grassland Birds Present in Agricultural Landscapes
Grassland Birds: Present in Agricultural Landscapes,40,2011,-0.416,0.188,-0.786,-0.04883,-34.03,-54.43,-4.766,-0.72412015,-0.6580391,-0.5743524,-0.541664,-0.2889925,-0.2570706,-0.17675999999999997,-0.10782650000000002,0.9868125,0.0131875,Grassland Birds Present in Agricultural Landscapes
Grassland Birds: Present in Agricultural Landscapes,40,2012,-0.4324,0.192,-0.8096,-0.05837,-35.1,-55.5,-5.67,-0.7485614,-0.6794026,-0.5952636,-0.5608102500000001,-0.30173324999999995,-0.2693106,-0.18728859999999997,-0.11695880000000004,0.9874375,0.0125625,Grassland Birds Present in Agricultural Landscapes
Grassland Birds: Present in Agricultural Landscapes,40,2013,-0.4482,0.196,-0.8314,-0.06903,-36.12,-56.46,-6.671,-0.7725598,-0.699965,-0.614005,-0.5802525,-0.31415275,-0.2818006,-0.1984815,-0.13057425,0.9895,0.0105,Grassland Birds Present in Agricultural Landscapes
Grassland Birds: Present in Agricultural Landscapes,40,2014,-0.4626,0.1996,-0.8519,-0.07758,-37.04,-57.34,-7.465,-0.79320455,-0.7203912000000001,-0.6320391999999999,-0.5989655,-0.32513824999999996,-0.2906604,-0.20715859999999997,-0.13933065000000006,0.9900625,0.0099375,Grassland Birds Present in Agricultural Landscapes
Grassland Birds: Present in Agricultural Landscapes,40,2015,-0.4758,0.2038,-0.8776,-0.0842,-37.86,-58.42,-8.075,-0.8129643,-0.7370643,-0.6462148,-0.6140165,-0.33415950000000005,-0.3003606,-0.21427699999999997,-0.14325670000000007,0.9905,0.0095,Grassland Birds Present in Agricultural Landscapes
Grassland Birds: Present in Agricultural Landscapes,40,2016,-0.4878,0.207,-0.894,-0.08576,-38.6,-59.1,-8.219,-0.8306652,-0.7526512999999999,-0.6594909999999999,-0.62674875,-0.34497625,-0.31023899999999993,-0.22250160000000002,-0.15419095000000005,0.991125,0.008875,Grassland Birds Present in Agricultural Landscapes
Grassland Birds: Present in Agricultural Landscapes,40,2017,-0.5005,0.2094,-0.91,-0.09534,-39.38,-59.75,-9.093,-0.8450692999999999,-0.7697257999999999,-0.6747682,-0.6406315,-0.35495175,-0.31947139999999996,-0.23322289999999998,-0.15940550000000012,0.9914375,0.0085625,Grassland Birds Present in Agricultural Landscapes
Grassland Birds: Present in Agricultural Landscapes,40,2018,-0.5123,0.2117,-0.929,-0.1014,-40.09,-60.51,-9.639,-0.8631361000000001,-0.7848442,-0.689414,-0.653779,-0.36710675,-0.33116900000000005,-0.2394188,-0.1685785000000001,0.9925,0.0075,Grassland Birds Present in Agricultural Landscapes
Grassland Birds: Present in Agricultural Landscapes,40,2019,-0.5225,0.2135,-0.944,-0.1085,-40.7,-61.09,-10.28,-0.8754585,-0.7947698999999999,-0.7010126,-0.6654315,-0.37448475000000003,-0.3400976,-0.25022569999999994,-0.17502850000000011,0.993125,0.006875,Grassland Birds Present in Agricultural Landscapes
Grassland Birds: Present in Agricultural Landscapes,40,2020,-0.5302,0.2152,-0.9501,-0.1088,-41.15,-61.33,-10.31,-0.88660905,-0.8032236,-0.71082,-0.6757005,-0.38206375000000004,-0.3466037999999999,-0.2543126,-0.17953470000000007,0.9939375,0.0060625,Grassland Birds Present in Agricultural Landscapes
Grassland Birds: Present in Agricultural Landscapes,40,2021,-0.5357,0.2168,-0.9613,-0.1132,-41.48,-61.76,-10.7,-0.8949191000000001,-0.8116655000000002,-0.7194612,-0.68255075,-0.387025,-0.351869,-0.25773189999999996,-0.17969380000000007,0.994,0.006,Grassland Birds Present in Agricultural Landscapes
Grassland Birds: Present in Agricultural Landscapes,40,2022,-0.5418,0.2183,-0.9696,-0.1188,-41.83,-62.08,-11.2,-0.90351205,-0.8201898000000001,-0.7252444,-0.68902325,-0.3924875,-0.3552054,-0.2613982,-0.18392455000000008,0.9943125,0.0056875,Grassland Birds Present in Agricultural Landscapes
