"Scientific_Name","English_Name","French_Name","Main_Survey","Waterfowl: All","Waterfowl: Geese and Swans","Waterfowl: Sea Ducks","Waterfowl: Freshwater Ducks","Birds of Prey: All","Birds of Prey: Diurnal Birds of Prey","Birds of Prey: Owls","Wetland Birds: All","Wetland Birds: Wetland Waterfowl","Wetland Birds: Other Wetland Birds","Marine Birds: All","Forest Birds: All","Forest Birds: Migrating to South America","Forest Birds: Spending the Winter in Canada","Arctic Birds: All","Arctic Birds: Arctic Geese and Swans","Arctic Birds: Other Arctic Birds","Arctic Birds: Arctic Shorebirds","Long-Distance Migrants: All","Long-Distance Migrants: Short-Distance Migrants","Long-Distance Migrants: Residents","Shorebirds: All","Aerial Insectivores: All","Aerial Insectivores: Swifts, swallows, and nightjars","Aerial Insectivores: Flycatchers","Grassland Birds: All","Grassland Birds: Native Grassland Specialists","Grassland Birds: Present in Agricultural Landscapes","NatureCounts_speciesID","areaCode"
"Anser albifrons","Greater White-fronted Goose","Oie rieuse","Lincoln Estimates of Population Size","Y","Y","N","N","N","N","N","N","N","N","N","N","N","N","Y","Y","N","N","N","Y","N","N","N","N","N","N","N","N",130,"ARCTIC"
"Anser caerulescens","Snow Goose","Oie des neiges","Christmas Bird Count (CBC)","Y","Y","N","N","N","N","N","N","N","N","N","N","N","N","Y","Y","N","N","N","Y","N","N","N","N","N","N","N","N",160,"USACAN"
"Anser rossii","Ross's Goose","Oie de Ross","Lincoln Estimates of Population Size","Y","Y","N","N","N","N","N","N","N","N","N","N","N","N","Y","Y","N","N","N","Y","N","N","N","N","N","N","N","N",170,"Arctic"
"Branta bernicla","Brant","Bernache cravant","Christmas Bird Count (CBC)","Y","Y","N","N","N","N","N","N","N","N","Y","N","N","N","Y","Y","N","N","N","Y","N","N","N","N","N","N","N","N",180,"USACAN"
"Branta hutchinsii","Cackling Goose","Bernache de Hutchins","Lincoln Estimates of Population Size","Y","Y","N","N","N","N","N","N","N","N","N","N","N","N","Y","Y","N","N","N","Y","N","N","N","N","N","N","N","N",220,"NorthAmerica"
"Branta canadensis","Canada Goose","Bernache du Canada","North American Breeding Bird Survey (BBS)","Y","Y","N","N","N","N","N","Y","Y","N","N","N","N","N","N","N","N","N","N","Y","N","N","N","N","N","N","N","N",230,"Canada"
"Cygnus olor","Mute Swan","Cygne tuberculé","Christmas Bird Count (CBC)","N","N","N","N","N","N","N","N","N","N","N","N","N","N","N","N","N","N","N","N","N","N","N","N","N","N","N","N",270,"CAN"
"Cygnus buccinator","Trumpeter Swan","Cygne trompette","North American Breeding Bird Survey (BBS)","Y","Y","N","N","N","N","N","Y","Y","N","N","N","N","N","N","N","N","N","N","Y","N","N","N","N","N","N","N","N",280,"Canada"
"Cygnus columbianus","Tundra Swan","Cygne siffleur","Christmas Bird Count (CBC)","Y","Y","N","N","N","N","N","N","N","N","N","N","N","N","Y","Y","N","N","N","Y","N","N","N","N","N","N","N","N",290,"USACAN"
"Aix sponsa","Wood Duck","Canard branchu","North American Breeding Bird Survey (BBS)","Y","N","N","Y","N","N","N","Y","Y","N","N","N","N","N","N","N","N","N","N","Y","N","N","N","N","N","N","N","N",360,"Canada"
"Mareca strepera","Gadwall","Canard chipeau","Waterfowl Breeding Population and Habitat Survey in Western Canada and the Northwestern United States","Y","N","N","Y","N","N","N","Y","Y","N","N","N","N","N","N","N","N","N","N","Y","N","N","N","N","N","N","N","N",390,"CANPRAIRIE_WBOREAL"
"Mareca penelope","Eurasian Wigeon","Canard siffleur","Christmas Bird Count (CBC)","N","N","N","N","N","N","N","N","N","N","N","N","N","N","N","N","N","N","N","N","N","N","N","N","N","N","N","N",410,"USACAN"
"Mareca americana","American Wigeon","Canard d'Amérique","Waterfowl Breeding Population and Habitat Survey in Western Canada and the Northwestern United States","Y","N","N","Y","N","N","N","Y","Y","N","N","N","N","N","N","N","N","N","N","Y","N","N","N","N","N","N","N","N",420,"CANPRAIRIE_WBOREAL"
"Anas rubripes","American Black Duck","Canard noir","North American Breeding Bird Survey (BBS)","Y","N","N","Y","N","N","N","Y","Y","N","N","N","N","N","N","N","N","N","N","Y","N","N","N","N","N","N","N","N",440,"Canada"
"Anas platyrhynchos","Mallard","Canard colvert","North American Breeding Bird Survey (BBS)","Y","N","N","Y","N","N","N","Y","Y","N","N","N","N","N","N","N","N","N","N","Y","N","N","N","N","N","N","N","N",451,"Canada"
"Spatula discors","Blue-winged Teal","Sarcelle à ailes bleues","North American Breeding Bird Survey (BBS)","Y","N","N","Y","N","N","N","Y","Y","N","N","N","N","N","N","N","N","N","Y","N","N","N","N","N","N","N","N","N",520,"Canada"
"Spatula cyanoptera","Cinnamon Teal","Sarcelle cannelle","North American Breeding Bird Survey (BBS)","Y","N","N","Y","N","N","N","Y","Y","N","N","N","N","N","N","N","N","N","N","N","N","N","N","N","N","N","N","N",530,"Canada"
"Spatula clypeata","Northern Shoveler","Canard souchet","Waterfowl Breeding Population and Habitat Survey in Western Canada and the Northwestern United States","Y","N","N","Y","N","N","N","Y","Y","N","N","N","N","N","N","N","N","N","N","Y","N","N","N","N","N","N","N","N",540,"CANPRAIRIE_WBOREAL"
"Anas crecca","Green-winged Teal","Sarcelle d'hiver","North American Breeding Bird Survey (BBS)","Y","N","N","Y","N","N","N","Y","Y","N","N","N","N","N","N","N","N","N","N","Y","N","N","N","N","N","N","N","N",590,"Canada"
"Aythya valisineria","Canvasback","Fuligule à dos blanc","Waterfowl Breeding Population and Habitat Survey in Western Canada and the Northwestern United States","Y","N","N","Y","N","N","N","Y","Y","N","N","N","N","N","N","N","N","N","N","Y","N","N","N","N","N","N","N","N",630,"CANPRAIRIE_WBOREAL"
"Aythya americana","Redhead","Fuligule à tête rouge","Waterfowl Breeding Population and Habitat Survey in Western Canada and the Northwestern United States","Y","N","N","Y","N","N","N","Y","Y","N","N","N","N","N","N","N","N","N","N","Y","N","N","N","N","N","N","N","N",640,"CANPRAIRIE_WBOREAL"
"Aythya collaris","Ring-necked Duck","Fuligule à collier","Christmas Bird Count (CBC)","Y","N","N","Y","N","N","N","Y","Y","N","N","N","N","N","N","N","N","N","N","Y","N","N","N","N","N","N","N","N",660,"USACAN"
"Aythya fuligula","Tufted Duck","Fuligule morillon","Christmas Bird Count (CBC)","N","N","N","N","N","N","N","N","N","N","N","N","N","N","N","N","N","N","N","N","N","N","N","N","N","N","N","N",670,"USACAN"
"Aythya marila","Greater Scaup","Fuligule milouinan","Christmas Bird Count (CBC)","Y","N","N","Y","N","N","N","N","N","N","Y","N","N","N","N","N","N","N","N","Y","N","N","N","N","N","N","N","N",680,"USACAN"
"Aythya affinis","Lesser Scaup","Petit Fuligule","North American Breeding Bird Survey (BBS)","Y","N","N","Y","N","N","N","N","N","N","N","N","N","N","N","N","N","N","N","Y","N","N","N","N","N","N","N","N",690,"Canada"
"Somateria spectabilis","King Eider","Eider à tête grise","Christmas Bird Count (CBC)","Y","N","Y","N","N","N","N","N","N","N","Y","N","N","N","Y","N","Y","N","N","Y","N","N","N","N","N","N","N","N",730,"USACAN"
"Somateria mollissima","Common Eider","Eider à duvet","Christmas Bird Count (CBC)","Y","N","Y","N","N","N","N","N","N","N","Y","N","N","N","Y","N","Y","N","N","Y","N","N","N","N","N","N","N","N",740,"USACAN"
"Histrionicus histrionicus","Harlequin Duck","Arlequin plongeur","Christmas Bird Count (CBC)","Y","N","Y","N","N","N","N","N","N","N","Y","N","N","N","N","N","N","N","N","Y","N","N","N","N","N","N","N","N",750,"BCR05"
"Melanitta perspicillata","Surf Scoter","Macreuse à front blanc","Christmas Bird Count (CBC)","Y","N","Y","N","N","N","N","N","N","N","Y","N","N","N","N","N","N","N","N","Y","N","N","N","N","N","N","N","N",770,"USACAN"
"Melanitta americana","Black Scoter","Macreuse à bec jaune","Christmas Bird Count (CBC)","Y","N","Y","N","N","N","N","N","N","N","Y","N","N","N","N","N","N","N","N","Y","N","N","N","N","N","N","N","N",791,"USACAN"
"Clangula hyemalis","Long-tailed Duck","Harelde kakawi","Christmas Bird Count (CBC)","Y","N","Y","N","N","N","N","N","N","N","Y","N","N","N","Y","N","Y","N","N","Y","N","N","N","N","N","N","N","N",810,"USACAN"
"Bucephala albeola","Bufflehead","Petit Garrot","Waterfowl Breeding Population and Habitat Survey in Western Canada and the Northwestern United States","Y","N","Y","N","N","N","N","N","N","N","Y","N","N","N","N","N","N","N","N","Y","N","N","N","N","N","N","N","N",820,"CANPRAIRIE_WBOREAL"
"Bucephala clangula","Common Goldeneye","Garrot à oeil d'or","Christmas Bird Count (CBC)","Y","N","Y","N","N","N","N","Y","Y","N","Y","N","N","N","N","N","N","N","N","Y","N","N","N","N","N","N","N","N",830,"USACAN"
"Bucephala islandica","Barrow's Goldeneye","Garrot d'Islande","Christmas Bird Count (CBC)","Y","N","Y","N","N","N","N","Y","Y","N","Y","N","N","N","N","N","N","N","N","Y","N","N","N","N","N","N","N","N",840,"USACAN"
"Lophodytes cucullatus","Hooded Merganser","Harle couronné","Christmas Bird Count (CBC)","Y","N","N","Y","N","N","N","Y","Y","N","N","N","N","N","N","N","N","N","N","Y","N","N","N","N","N","N","N","N",870,"USACAN"
"Mergus merganser","Common Merganser","Grand Harle","Christmas Bird Count (CBC)","Y","N","N","Y","N","N","N","Y","Y","N","N","N","N","N","N","N","N","N","N","Y","N","N","N","N","N","N","N","N",880,"USACAN"
"Mergus serrator","Red-breasted Merganser","Harle huppé","Christmas Bird Count (CBC)","Y","N","Y","N","N","N","N","N","N","N","Y","N","N","N","N","N","N","N","N","Y","N","N","N","N","N","N","N","N",890,"USACAN"
"Alectoris chukar","Chukar","Perdrix choukar","North American Breeding Bird Survey (BBS)","N","N","N","N","N","N","N","N","N","N","N","N","N","N","N","N","N","N","N","N","N","N","N","N","N","N","N","N",1050,"Canada"
"Perdix perdix","Gray Partridge","Perdrix grise","North American Breeding Bird Survey (BBS)","N","N","N","N","N","N","N","N","N","N","N","N","N","N","N","N","N","N","N","N","N","N","N","N","N","N","N","N",1100,"Canada"
"Bonasa umbellus","Ruffed Grouse","Gélinotte huppée","North American Breeding Bird Survey (BBS)","N","N","N","N","N","N","N","N","N","N","N","Y","N","Y","N","N","N","N","N","N","Y","N","N","N","N","N","N","N",1160,"Canada"
"Centrocercus urophasianus","Greater Sage-Grouse","Tétras des armoises","No Suitable Data","N","N","N","N","N","N","N","N","N","N","N","N","N","N","N","N","N","N","N","N","Y","N","N","N","N","Y","Y","N",1170,NA
"Canachites canadensis","Spruce Grouse","Tétras du Canada","Christmas Bird Count (CBC)","N","N","N","N","N","N","N","N","N","N","N","Y","N","Y","N","N","N","N","N","N","Y","N","N","N","N","N","N","N",1190,"CAN"
"Lagopus lagopus","Willow Ptarmigan","Lagopède des saules","Christmas Bird Count (CBC)","N","N","N","N","N","N","N","N","N","N","N","N","N","N","Y","N","Y","N","N","N","N","N","N","N","N","N","N","N",1200,"CAN"
"Lagopus muta","Rock Ptarmigan","Lagopède alpin","No Suitable Data","N","N","N","N","N","N","N","N","N","N","N","N","N","N","Y","N","Y","N","N","N","Y","N","N","N","N","N","N","N",1210,NA
"Lagopus leucura","White-tailed Ptarmigan","Lagopède à queue blanche","No Suitable Data","N","N","N","N","N","N","N","N","N","N","N","N","N","N","N","N","N","N","N","N","Y","N","N","N","N","N","N","N",1220,NA
"Dendragapus obscurus","Dusky Grouse","Tétras sombre","Christmas Bird Count (CBC)","N","N","N","N","N","N","N","N","N","N","N","Y","N","Y","N","N","N","N","N","N","Y","N","N","N","N","N","N","N",1240,"CAN"
"Dendragapus fuliginosus","Sooty Grouse","Tétras fuligineux","North American Breeding Bird Survey (BBS)","N","N","N","N","N","N","N","N","N","N","N","Y","N","Y","N","N","N","N","N","N","Y","N","N","N","N","N","N","N",1250,"Canada"
"Tympanuchus phasianellus","Sharp-tailed Grouse","Tétras à queue fine","North American Breeding Bird Survey (BBS)","N","N","N","N","N","N","N","N","N","N","N","N","N","N","N","N","N","N","N","N","Y","N","N","N","N","Y","N","Y",1260,"Canada"
"Meleagris gallopavo","Wild Turkey","Dindon sauvage","North American Breeding Bird Survey (BBS)","N","N","N","N","N","N","N","N","N","N","N","N","N","N","N","N","N","N","N","N","N","N","N","N","N","N","N","N",1290,"Canada"
"Callipepla californica","California Quail","Colin de Californie","North American Breeding Bird Survey (BBS)","N","N","N","N","N","N","N","N","N","N","N","N","N","N","N","N","N","N","N","N","N","N","N","N","N","N","N","N",1380,"Canada"
"Colinus virginianus","Northern Bobwhite","Colin de Virginie","North American Breeding Bird Survey (BBS)","N","N","N","N","N","N","N","N","N","N","N","N","N","N","N","N","N","N","N","N","Y","N","N","N","N","Y","N","N",1410,"Canada"
"Gavia stellata","Red-throated Loon","Plongeon catmarin","Christmas Bird Count (CBC)","N","N","N","N","N","N","N","N","N","N","Y","N","N","N","Y","N","Y","N","N","Y","N","N","N","N","N","N","N","N",1530,"USACAN"
"Gavia pacifica","Pacific Loon","Plongeon du Pacifique","Christmas Bird Count (CBC)","N","N","N","N","N","N","N","N","N","N","Y","N","N","N","Y","N","Y","N","N","Y","N","N","N","N","N","N","N","N",1550,"CAN"
"Gavia immer","Common Loon","Plongeon huard","North American Breeding Bird Survey (BBS)","N","N","N","N","N","N","N","Y","N","Y","Y","N","N","N","N","N","N","N","N","Y","N","N","N","N","N","N","N","N",1560,"Canada"
"Gavia adamsii","Yellow-billed Loon","Plongeon à bec blanc","Christmas Bird Count (CBC)","N","N","N","N","N","N","N","N","N","N","Y","N","N","N","Y","N","Y","N","N","Y","N","N","N","N","N","N","N","N",1570,"BCR05"
"Podilymbus podiceps","Pied-billed Grebe","Grèbe à bec bigarré","North American Breeding Bird Survey (BBS)","N","N","N","N","N","N","N","Y","N","Y","N","N","N","N","N","N","N","N","N","N","N","N","N","N","N","N","N","N",1600,"Canada"
"Podiceps auritus","Horned Grebe","Grèbe esclavon","Christmas Bird Count (CBC)","N","N","N","N","N","N","N","Y","N","Y","Y","N","N","N","N","N","N","N","N","Y","N","N","N","N","N","N","N","N",1620,"USACAN"
"Podiceps grisegena","Red-necked Grebe","Grèbe jougris","Christmas Bird Count (CBC)","N","N","N","N","N","N","N","Y","N","Y","Y","N","N","N","N","N","N","N","N","Y","N","N","N","N","N","N","N","N",1630,"USACAN"
"Podiceps nigricollis","Eared Grebe","Grèbe à cou noir","North American Breeding Bird Survey (BBS)","N","N","N","N","N","N","N","Y","N","Y","Y","N","N","N","N","N","N","N","N","Y","N","N","N","N","N","N","N","N",1640,"Canada"
"Aechmophorus occidentalis","Western Grebe","Grèbe élégant","North American Breeding Bird Survey (BBS)","N","N","N","N","N","N","N","Y","N","Y","Y","N","N","N","N","N","N","N","N","Y","N","N","N","N","N","N","N","N",1650,"Canada"
"Aechmophorus clarkii","Clark's Grebe","Grèbe à face blanche","No Suitable Data","N","N","N","N","N","N","N","Y","N","Y","Y","N","N","N","N","N","N","N","N","Y","N","N","N","N","N","N","N","N",1660,NA
"Phoebastria immutabilis","Laysan Albatross","Albatros de Laysan","No Suitable Data","N","N","N","N","N","N","N","N","N","N","Y","N","N","N","N","N","N","N","N","N","N","N","N","N","N","N","N","N",1730,NA
"Phoebastria nigripes","Black-footed Albatross","Albatros à pieds noirs","No Suitable Data","N","N","N","N","N","N","N","N","N","N","Y","N","N","N","N","N","N","N","N","N","N","N","N","N","N","N","N","N",1740,NA
"Phoebastria albatrus","Short-tailed Albatross","Albatros à queue courte","No Suitable Data","N","N","N","N","N","N","N","N","N","N","Y","N","N","N","N","N","N","N","N","N","N","N","N","N","N","N","N","N",1750,NA
"Fulmarus glacialis","Northern Fulmar","Fulmar boréal","Seabird Colony Monitoring Program","N","N","N","N","N","N","N","N","N","N","Y","N","N","N","N","N","N","N","N","Y","N","N","N","N","N","N","N","N",1760,"Arctic"
"Pterodroma ultima","Murphy's Petrel","Pétrel de Murphy","No Suitable Data","N","N","N","N","N","N","N","N","N","N","N","N","N","N","N","N","N","N","N","N","N","N","N","N","N","N","N","N",1800,NA
"Pterodroma inexpectata","Mottled Petrel","Pétrel maculé","No Suitable Data","N","N","N","N","N","N","N","N","N","N","N","N","N","N","N","N","N","N","N","N","N","N","N","N","N","N","N","N",1810,NA
"Pterodroma cahow","Bermuda Petrel","Pétrel des Bermudes","No Suitable Data","N","N","N","N","N","N","N","N","N","N","Y","N","N","N","N","N","N","N","N","N","N","N","N","N","N","N","N","N",1820,NA
"Calonectris diomedea","Cory's Shearwater","Puffin cendré","No Suitable Data","N","N","N","N","N","N","N","N","N","N","Y","N","N","N","N","N","N","N","N","N","N","N","N","N","N","N","N","N",1960,NA
"Ardenna creatopus","Pink-footed Shearwater","Puffin à pieds roses","No Suitable Data","N","N","N","N","N","N","N","N","N","N","Y","N","N","N","N","N","N","N","N","N","N","N","N","N","N","N","N","N",1980,NA
"Ardenna carneipes","Flesh-footed Shearwater","Puffin à pieds pâles","No Suitable Data","N","N","N","N","N","N","N","N","N","N","Y","N","N","N","N","N","N","N","N","N","N","N","N","N","N","N","N","N",1990,NA
"Ardenna gravis","Great Shearwater","Puffin majeur","No Suitable Data","N","N","N","N","N","N","N","N","N","N","Y","N","N","N","N","N","N","N","N","N","N","N","N","N","N","N","N","N",2000,NA
"Ardenna bulleri","Buller's Shearwater","Puffin de Buller","No Suitable Data","N","N","N","N","N","N","N","N","N","N","Y","N","N","N","N","N","N","N","N","N","N","N","N","N","N","N","N","N",2020,NA
"Ardenna grisea","Sooty Shearwater","Puffin fuligineux","No Suitable Data","N","N","N","N","N","N","N","N","N","N","Y","N","N","N","N","N","N","N","N","N","N","N","N","N","N","N","N","N",2030,NA
"Ardenna tenuirostris","Short-tailed Shearwater","Puffin à bec grêle","No Suitable Data","N","N","N","N","N","N","N","N","N","N","Y","N","N","N","N","N","N","N","N","N","N","N","N","N","N","N","N","N",2040,NA
"Puffinus puffinus","Manx Shearwater","Puffin des Anglais","No Suitable Data","N","N","N","N","N","N","N","N","N","N","Y","N","N","N","N","N","N","N","N","N","N","N","N","N","N","N","N","N",2060,NA
"Oceanites oceanicus","Wilson's Storm-Petrel","Océanite de Wilson","No Suitable Data","N","N","N","N","N","N","N","N","N","N","Y","N","N","N","N","N","N","N","N","N","N","N","N","N","N","N","N","N",2110,NA
"Hydrobates furcatus","Fork-tailed Storm-Petrel","Océanite à queue fourchue","No Suitable Data","N","N","N","N","N","N","N","N","N","N","Y","N","N","N","N","N","N","N","N","Y","N","N","N","N","N","N","N","N",2150,NA
"Morus bassanus","Northern Gannet","Fou de Bassan","Seabird Colony Monitoring Program","N","N","N","N","N","N","N","N","N","N","Y","N","N","N","N","N","N","N","N","Y","N","N","N","N","N","N","N","N",2340,"Atlantic"
"Pelecanus erythrorhynchos","American White Pelican","Pélican d'Amérique","North American Breeding Bird Survey (BBS)","N","N","N","N","N","N","N","Y","N","Y","N","N","N","N","N","N","N","N","N","Y","N","N","N","N","N","N","N","N",2350,"Canada"
"Pelecanus occidentalis","Brown Pelican","Pélican brun","No Suitable Data","N","N","N","N","N","N","N","N","N","N","Y","N","N","N","N","N","N","N","N","N","N","N","N","N","N","N","N","N",2360,NA
"Urile penicillatus","Brandt's Cormorant","Cormoran de Brandt","Christmas Bird Count (CBC)","N","N","N","N","N","N","N","N","N","N","Y","N","N","N","N","N","N","N","N","Y","N","N","N","N","N","N","N","N",2370,"CAN"
"Nannopterum auritum","Double-crested Cormorant","Cormoran à aigrettes","North American Breeding Bird Survey (BBS)","N","N","N","N","N","N","N","Y","N","Y","Y","N","N","N","N","N","N","N","N","Y","N","N","N","N","N","N","N","N",2390,"Canada"
"Phalacrocorax carbo","Great Cormorant","Grand Cormoran","Seabird Colony Monitoring Program","N","N","N","N","N","N","N","N","N","N","Y","N","N","N","N","N","N","N","N","Y","N","N","N","N","N","N","N","N",2400,"Atlantic"
"Urile pelagicus","Pelagic Cormorant","Cormoran pélagique","Christmas Bird Count (CBC)","N","N","N","N","N","N","N","N","N","N","Y","N","N","N","N","N","N","N","N","Y","N","N","N","N","N","N","N","N",2420,"CAN"
"Botaurus lentiginosus","American Bittern","Butor d'Amérique","North American Breeding Bird Survey (BBS)","N","N","N","N","N","N","N","Y","N","Y","N","N","N","N","N","N","N","N","N","Y","N","N","N","N","N","N","N","N",2490,"Canada"
"Ixobrychus exilis","Least Bittern","Petit Blongios","North American Breeding Bird Survey (BBS)","N","N","N","N","N","N","N","Y","N","Y","N","N","N","N","N","N","N","N","N","N","N","N","N","N","N","N","N","N",2510,"Canada"
"Ardea herodias","Great Blue Heron","Grand Héron","North American Breeding Bird Survey (BBS)","N","N","N","N","N","N","N","Y","N","Y","N","N","N","N","N","N","N","N","N","N","N","N","N","N","N","N","N","N",2550,"Canada"
"Ardea alba","Great Egret","Grande Aigrette","North American Breeding Bird Survey (BBS)","N","N","N","N","N","N","N","N","N","N","N","N","N","N","N","N","N","N","N","N","N","N","N","N","N","N","N","N",2580,"Canada"
"Egretta thula","Snowy Egret","Aigrette neigeuse","No Suitable Data","N","N","N","N","N","N","N","Y","N","Y","N","N","N","N","N","N","N","N","N","N","N","N","N","N","N","N","N","N",2620,NA
"Egretta caerulea","Little Blue Heron","Aigrette bleue","No Suitable Data","N","N","N","N","N","N","N","N","N","N","N","N","N","N","N","N","N","N","N","N","N","N","N","N","N","N","N","N",2630,NA
"Butorides virescens","Green Heron","Héron vert","North American Breeding Bird Survey (BBS)","N","N","N","N","N","N","N","Y","N","Y","N","N","N","N","N","N","N","N","N","N","N","N","N","N","N","N","N","N",2680,"Canada"
"Nycticorax nycticorax","Black-crowned Night Heron","Bihoreau gris","North American Breeding Bird Survey (BBS)","N","N","N","N","N","N","N","Y","N","Y","N","N","N","N","N","N","N","N","N","N","N","N","N","N","N","N","N","N",2720,"Canada"
"Plegadis chihi","White-faced Ibis","Ibis à face blanche","North American Breeding Bird Survey (BBS)","N","N","N","N","N","N","N","N","N","N","N","N","N","N","N","N","N","N","N","N","N","N","N","N","N","N","N","N",2780,"Canada"
"Coragyps atratus","Black Vulture","Urubu noir","Christmas Bird Count (CBC)","N","N","N","N","N","N","N","N","N","N","N","N","N","N","N","N","N","N","N","N","N","N","N","N","N","N","N","N",2840,"BCR13"
"Cathartes aura","Turkey Vulture","Urubu à tête rouge","North American Breeding Bird Survey (BBS)","N","N","N","N","Y","Y","N","N","N","N","N","N","N","N","N","N","N","N","N","N","N","N","N","N","N","N","N","N",2850,"Canada"
"Pandion haliaetus","Osprey","Balbuzard pêcheur","North American Breeding Bird Survey (BBS)","N","N","N","N","Y","Y","N","N","N","N","N","N","N","N","N","N","N","N","Y","N","N","N","N","N","N","N","N","N",2900,"Canada"
"Haliaeetus leucocephalus","Bald Eagle","Pygargue à tête blanche","North American Breeding Bird Survey (BBS)","N","N","N","N","Y","Y","N","N","N","N","N","N","N","N","N","N","N","N","N","N","N","N","N","N","N","N","N","N",3020,"Canada"
"Circus hudsonius","Northern Harrier","Busard des marais","North American Breeding Bird Survey (BBS)","N","N","N","N","Y","Y","N","N","N","N","N","N","N","N","N","N","N","N","N","Y","N","N","N","N","N","Y","N","Y",3061,"Canada"
"Accipiter striatus","Sharp-shinned Hawk","Épervier brun","North American Breeding Bird Survey (BBS)","N","N","N","N","Y","Y","N","N","N","N","N","Y","N","N","N","N","N","N","N","N","N","N","N","N","N","N","N","N",3100,"Canada"
"Accipiter cooperii","Cooper's Hawk","Épervier de Cooper","North American Breeding Bird Survey (BBS)","N","N","N","N","Y","Y","N","N","N","N","N","Y","N","N","N","N","N","N","N","N","N","N","N","N","N","N","N","N",3110,"Canada"
"Buteo lineatus","Red-shouldered Hawk","Buse à épaulettes","North American Breeding Bird Survey (BBS)","N","N","N","N","Y","Y","N","N","N","N","N","Y","N","N","N","N","N","N","N","Y","N","N","N","N","N","N","N","N",3280,"Canada"
"Buteo platypterus","Broad-winged Hawk","Petite Buse","North American Breeding Bird Survey (BBS)","N","N","N","N","Y","Y","N","N","N","N","N","Y","Y","N","N","N","N","N","Y","N","N","N","N","N","N","N","N","N",3300,"Canada"
"Buteo swainsoni","Swainson's Hawk","Buse de Swainson","North American Breeding Bird Survey (BBS)","N","N","N","N","Y","Y","N","N","N","N","N","N","N","N","N","N","N","N","Y","N","N","N","N","N","N","Y","N","Y",3330,"Canada"
"Buteo jamaicensis","Red-tailed Hawk","Buse à queue rousse","North American Breeding Bird Survey (BBS)","N","N","N","N","Y","Y","N","N","N","N","N","N","N","N","N","N","N","N","N","N","N","N","N","N","N","N","N","N",3370,"Canada"
"Buteo regalis","Ferruginous Hawk","Buse rouilleuse","North American Breeding Bird Survey (BBS)","N","N","N","N","Y","Y","N","N","N","N","N","N","N","N","N","N","N","N","N","Y","N","N","N","N","N","Y","N","Y",3390,"Canada"
"Buteo lagopus","Rough-legged Hawk","Buse pattue","Christmas Bird Count (CBC)","N","N","N","N","Y","Y","N","N","N","N","N","N","N","N","Y","N","Y","N","N","Y","N","N","N","N","N","N","N","N",3400,"USACAN"
"Aquila chrysaetos","Golden Eagle","Aigle royal","North American Breeding Bird Survey (BBS)","N","N","N","N","Y","Y","N","N","N","N","N","N","N","N","N","N","N","N","N","N","N","N","N","N","N","N","N","N",3440,"Canada"
"Falco sparverius","American Kestrel","Crécerelle d'Amérique","North American Breeding Bird Survey (BBS)","N","N","N","N","Y","Y","N","N","N","N","N","N","N","N","N","N","N","N","N","Y","N","N","N","N","N","Y","N","Y",3570,"Canada"
"Falco columbarius","Merlin","Faucon émerillon","North American Breeding Bird Survey (BBS)","N","N","N","N","Y","Y","N","N","N","N","N","N","N","N","N","N","N","N","N","N","N","N","N","N","N","N","N","N",3580,"Canada"
"Falco rusticolus","Gyrfalcon","Faucon gerfaut","Christmas Bird Count (CBC)","N","N","N","N","Y","Y","N","N","N","N","N","N","N","N","Y","N","Y","N","N","Y","N","N","N","N","N","N","N","N",3630,"USACAN"
"Falco mexicanus","Prairie Falcon","Faucon des prairies","North American Breeding Bird Survey (BBS)","N","N","N","N","Y","Y","N","N","N","N","N","N","N","N","N","N","N","N","N","N","N","N","N","N","N","Y","N","Y",3650,"Canada"
"Coturnicops noveboracensis","Yellow Rail","Râle jaune","Christmas Bird Count (CBC)","N","N","N","N","N","N","N","N","N","N","N","N","N","N","N","N","N","N","N","Y","N","N","N","N","N","N","N","N",3680,"USACAN"
"Rallus elegans","King Rail","Râle élégant","No Suitable Data","N","N","N","N","N","N","N","Y","N","Y","N","N","N","N","N","N","N","N","N","Y","N","N","N","N","N","N","N","N",3761,NA
"Rallus limicola","Virginia Rail","Râle de Virginie","North American Breeding Bird Survey (BBS)","N","N","N","N","N","N","N","Y","N","Y","N","N","N","N","N","N","N","N","N","Y","N","N","N","N","N","N","N","N",3770,"Canada"
"Porzana carolina","Sora","Marouette de Caroline","North American Breeding Bird Survey (BBS)","N","N","N","N","N","N","N","Y","N","Y","N","N","N","N","N","N","N","N","N","Y","N","N","N","N","N","N","N","N",3830,"Canada"
"Antigone canadensis","Sandhill Crane","Grue du Canada","North American Breeding Bird Survey (BBS)","N","N","N","N","N","N","N","Y","N","Y","N","N","N","N","N","N","N","N","N","Y","N","N","N","N","N","N","N","N",4010,"Canada"
"Grus americana","Whooping Crane","Grue blanche","Christmas Bird Count (CBC)","N","N","N","N","N","N","N","N","N","N","N","N","N","N","N","N","N","N","N","Y","N","N","N","N","N","N","N","N",4030,"USACAN"
"Pluvialis squatarola","Black-bellied Plover","Pluvier argenté","Program for Regional and International Shorebird Monitoring (PRISM) - Fall Migration","N","N","N","N","N","N","N","N","N","N","N","N","N","N","Y","N","N","Y","N","N","N","Y","N","N","N","N","N","N",4070,"NorthAmerica"
"Pluvialis dominica","American Golden-Plover","Pluvier bronzé","Program for Regional and International Shorebird Monitoring (PRISM) - Fall Migration","N","N","N","N","N","N","N","N","N","N","N","N","N","N","Y","N","N","Y","Y","N","N","Y","N","N","N","N","N","N",4100,"NorthAmerica"
"Pluvialis fulva","Pacific Golden-Plover","Pluvier fauve","No Suitable Data","N","N","N","N","N","N","N","N","N","N","N","N","N","N","Y","N","N","Y","Y","N","N","Y","N","N","N","N","N","N",4110,NA
"Charadrius hiaticula","Common Ringed Plover","Pluvier grand-gravelot","No Suitable Data","N","N","N","N","N","N","N","N","N","N","N","N","N","N","Y","N","N","Y","Y","N","N","Y","N","N","N","N","N","N",4170,NA
"Charadrius semipalmatus","Semipalmated Plover","Pluvier semipalmé","Program for Regional and International Shorebird Monitoring (PRISM) - Fall Migration","N","N","N","N","N","N","N","N","N","N","N","N","N","N","Y","N","N","Y","N","N","N","Y","N","N","N","N","N","N",4180,"NorthAmerica"
"Charadrius melodus","Piping Plover","Pluvier siffleur","Program for Regional and International Shorebird Monitoring (PRISM) - Fall Migration","N","N","N","N","N","N","N","N","N","N","N","N","N","N","N","N","N","N","N","Y","N","Y","N","N","N","N","N","N",4190,"NorthAmerica"
"Charadrius vociferus","Killdeer","Pluvier kildir","North American Breeding Bird Survey (BBS)","N","N","N","N","N","N","N","N","N","N","N","N","N","N","N","N","N","N","N","Y","N","Y","N","N","N","N","N","N",4210,"Canada"
"Anarhynchus montanus","Mountain Plover","Pluvier montagnard","No Suitable Data","N","N","N","N","N",NA,"N","N","N","N","N","N","N","N","N","N","N","N","N","Y","N","Y","N","N","N","Y","Y","N",4220,NA
"Haematopus palliatus","American Oystercatcher","Huîtrier d'Amérique","No Suitable Data","N","N","N","N","N","N","N","N","N","N","N","N","N","N","N","N","N","N","N","Y","N","Y","N","N","N","N","N","N",4260,NA
"Haematopus bachmani","Black Oystercatcher","Huîtrier de Bachman","Christmas Bird Count (CBC)","N","N","N","N","N","N","N","N","N","N","N","N","N","N","N","N","N","N","N","N","N","Y","N","N","N","N","N","N",4270,"BC"
"Himantopus mexicanus","Black-necked Stilt","Échasse d'Amérique","North American Breeding Bird Survey (BBS)","N","N","N","N","N","N","N","N","N","N","N","N","N","N","N","N","N","N","N","N","N","N","N","N","N","N","N","N",4290,"Canada"
"Recurvirostra americana","American Avocet","Avocette d'Amérique","North American Breeding Bird Survey (BBS)","N","N","N","N","N","N","N","Y","N","Y","N","N","N","N","N","N","N","N","N","Y","N","Y","N","N","N","N","N","N",4300,"Canada"
"Actitis macularius","Spotted Sandpiper","Chevalier grivelé","North American Breeding Bird Survey (BBS)","N","N","N","N","N","N","N","Y","N","Y","N","N","N","N","N","N","N","N","Y","N","N","Y","N","N","N","N","N","N",4350,"Canada"
"Tringa solitaria","Solitary Sandpiper","Chevalier solitaire","North American Breeding Bird Survey (BBS)","N","N","N","N","N","N","N","N","N","N","N","N","N","N","N","N","N","N","Y","N","N","Y","N","N","N","N","N","N",4370,"Canada"
"Tringa semipalmata","Willet","Chevalier semipalmé","North American Breeding Bird Survey (BBS)","N","N","N","N","N","N","N","Y","N","Y","N","N","N","N","N","N","N","N","N","N","N","Y","N","N","N","Y","N","Y",4380,"Canada"
"Tringa incana","Wandering Tattler","Chevalier errant","Christmas Bird Count (CBC)","N","N","N","N","N","N","N","N","N","N","N","N","N","N","N","N","N","N","Y","N","N","Y","N","N","N","N","N","N",4390,"USACAN"
"Tringa melanoleuca","Greater Yellowlegs","Grand Chevalier","North American Breeding Bird Survey (BBS)","N","N","N","N","N","N","N","N","N","N","N","N","N","N","N","N","N","N","N","N","N","Y","N","N","N","N","N","N",4420,"Canada"
"Tringa flavipes","Lesser Yellowlegs","Petit Chevalier","Program for Regional and International Shorebird Monitoring (PRISM) - Fall Migration","N","N","N","N","N","N","N","N","N","N","N","N","N","N","N","N","N","N","Y","N","N","Y","N","N","N","N","N","N",4450,"NorthAmerica"
"Bartramia longicauda","Upland Sandpiper","Maubèche des champs","North American Breeding Bird Survey (BBS)","N","N","N","N","N","N","N","N","N","N","N","N","N","N","N","N","N","N","Y","N","N","Y","N","N","N","Y","N","Y",4500,"Canada"
"Numenius borealis","Eskimo Curlew","Courlis esquimau","No Suitable Data","N","N","N","N","N","N","N","N","N","N","N","N","N","N","Y","N","N","Y","Y","N","N","Y","N","N","N","N","N","N",4520,NA
"Numenius phaeopus","Whimbrel","Courlis corlieu","Program for Regional and International Shorebird Monitoring (PRISM) - Fall Migration","N","N","N","N","N","N","N","N","N","N","N","N","N","N","Y","N","N","Y","Y","N","N","Y","N","N","N","N","N","N",4530,"NorthAmerica"
"Numenius americanus","Long-billed Curlew","Courlis à long bec","North American Breeding Bird Survey (BBS)","N","N","N","N","N","N","N","N","N","N","N","N","N","N","N","N","N","N","N","Y","N","Y","N","N","N","Y","N","Y",4580,"Canada"
"Limosa haemastica","Hudsonian Godwit","Barge hudsonienne","Program for Regional and International Shorebird Monitoring (PRISM) - Fall Migration","N","N","N","N","N","N","N","N","N","N","N","N","N","N","Y","N","N","Y","Y","N","N","Y","N","N","N","N","N","N",4600,"NorthAmerica"
"Limosa fedoa","Marbled Godwit","Barge marbrée","North American Breeding Bird Survey (BBS)","N","N","N","N","N","N","N","N","N","N","N","N","N","N","N","N","N","N","N","Y","N","Y","N","N","N","Y","N","Y",4620,"Canada"
"Arenaria interpres","Ruddy Turnstone","Tournepierre à collier","Program for Regional and International Shorebird Monitoring (PRISM) - Fall Migration","N","N","N","N","N","N","N","N","N","N","N","N","N","N","Y","N","N","Y","N","N","N","Y","N","N","N","N","N","N",4630,"NorthAmerica"
"Arenaria melanocephala","Black Turnstone","Tournepierre noir","Christmas Bird Count (CBC)","N","N","N","N","N","N","N","N","N","N","N","N","N","N","N","N","N","N","N","Y","N","Y","N","N","N","N","N","N",4640,"USACAN"
"Calidris virgata","Surfbird","Bécasseau du ressac","Christmas Bird Count (CBC)","N","N","N","N","N","N","N","N","N","N","N","N","N","N","Y","N","N","Y","N","Y","N","Y","N","N","N","N","N","N",4650,"USACAN"
"Calidris canutus","Red Knot","Bécasseau maubèche","Program for Regional and International Shorebird Monitoring (PRISM) - Fall Migration","N","N","N","N","N","N","N","N","N","N","N","N","N","N","Y","N","N","Y","N","N","N","Y","N","N","N","N","N","N",4670,"NorthAmerica"
"Calidris alba","Sanderling","Bécasseau sanderling","Program for Regional and International Shorebird Monitoring (PRISM) - Fall Migration","N","N","N","N","N","N","N","N","N","N","N","N","N","N","Y","N","N","Y","Y","N","N","Y","N","N","N","N","N","N",4680,"NorthAmerica"
"Calidris pusilla","Semipalmated Sandpiper","Bécasseau semipalmé","Program for Regional and International Shorebird Monitoring (PRISM) - Fall Migration","N","N","N","N","N","N","N","N","N","N","N","N","N","N","Y","N","N","Y","Y","N","N","Y","N","N","N","N","N","N",4690,"NorthAmerica"
"Calidris mauri","Western Sandpiper","Bécasseau d'Alaska","Christmas Bird Count (CBC)","N","N","N","N","N","N","N","N","N","N","N","N","N","N","Y","N","N","Y","N","N","N","Y","N","N","N","N","N","N",4700,"USACAN"
"Calidris minutilla","Least Sandpiper","Bécasseau minuscule","Program for Regional and International Shorebird Monitoring (PRISM) - Fall Migration","N","N","N","N","N","N","N","N","N","N","N","N","N","N","Y","N","N","Y","Y","N","N","Y","N","N","N","N","N","N",4750,"NorthAmerica"
"Calidris fuscicollis","White-rumped Sandpiper","Bécasseau à croupion blanc","Program for Regional and International Shorebird Monitoring (PRISM) - Fall Migration","N","N","N","N","N","N","N","N","N","N","N","N","N","N","Y","N","N","Y","Y","N","N","Y","N","N","N","N","N","N",4760,"NorthAmerica"
"Calidris bairdii","Baird's Sandpiper","Bécasseau de Baird","Program for Regional and International Shorebird Monitoring (PRISM) - Fall Migration","N","N","N","N","N","N","N","N","N","N","N","N","N","N","Y","N","N","Y","Y","N","N","Y","N","N","N","N","N","N",4770,"NorthAmerica"
"Calidris melanotos","Pectoral Sandpiper","Bécasseau à poitrine cendrée","Program for Regional and International Shorebird Monitoring (PRISM) - Fall Migration","N","N","N","N","N","N","N","N","N","N","N","N","N","N","Y","N","N","Y","Y","N","N","Y","N","N","N","N","N","N",4780,"NorthAmerica"
"Calidris acuminata","Sharp-tailed Sandpiper","Bécasseau à queue pointue","No Suitable Data","N","N","N","N","N","N","N","N","N","N","N","N","N","N","Y","N","N","Y","N","N","N","N","N","N","N","N","N","N",4790,NA
"Calidris maritima","Purple Sandpiper","Bécasseau violet","Christmas Bird Count (CBC)","N","N","N","N","N","N","N","N","N","N","N","N","N","N","Y","N","N","Y","N","Y","N","Y","N","N","N","N","N","N",4800,"USACAN"
"Calidris ptilocnemis","Rock Sandpiper","Bécasseau des Aléoutiennes","Christmas Bird Count (CBC)","N","N","N","N","N","N","N","N","N","N","N","N","N","N","Y","N","N","Y","N","Y","N","Y","N","N","N","N","N","N",4810,"BC"
"Calidris alpina","Dunlin","Bécasseau variable","Program for Regional and International Shorebird Monitoring (PRISM) - Fall Migration","N","N","N","N","N","N","N","N","N","N","N","N","N","N","Y","N","N","Y","N","Y","N","Y","N","N","N","N","N","N",4820,"NorthAmerica"
"Calidris himantopus","Stilt Sandpiper","Bécasseau à échasses","Program for Regional and International Shorebird Monitoring (PRISM) - Fall Migration","N","N","N","N","N","N","N","N","N","N","N","N","N","N","Y","N","N","Y","Y","N","N","Y","N","N","N","N","N","N",4840,"NorthAmerica"
"Calidris subruficollis","Buff-breasted Sandpiper","Bécasseau roussâtre","Program for Regional and International Shorebird Monitoring (PRISM) - Fall Migration","N","N","N","N","N","N","N","N","N","N","N","N","N","N","Y","N","N","Y","Y","N","N","Y","N","N","N","N","N","N",4870,"NorthAmerica"
"Limnodromus griseus","Short-billed Dowitcher","Bécassin roux","Program for Regional and International Shorebird Monitoring (PRISM) - Fall Migration","N","N","N","N","N","N","N","N","N","N","N","N","N","N","N","N","N","N","N","N","N","Y","N","N","N","N","N","N",4890,"NorthAmerica"
"Limnodromus scolopaceus","Long-billed Dowitcher","Bécassin à long bec","Program for Regional and International Shorebird Monitoring (PRISM) - Fall Migration","N","N","N","N","N","N","N","N","N","N","N","N","N","N","Y","N","N","Y","N","Y","N","Y","N","N","N","N","N","N",4900,"NorthAmerica"
"Gallinago delicata","Wilson's Snipe","Bécassine de Wilson","North American Breeding Bird Survey (BBS)","N","N","N","N","N","N","N","N","N","Y","N","N","N","N","N","N","N","N","N","Y","N","Y","N","N","N","N","N","N",4950,"Canada"
"Scolopax minor","American Woodcock","Bécasse d'Amérique","North American Breeding Bird Survey (BBS)","N","N","N","N","N","N","N","N","N","N","N","N","N","N","N","N","N","N","N","Y","N","Y","N","N","N","N","N","N",4980,"Canada"
"Phalaropus tricolor","Wilson's Phalarope","Phalarope de Wilson","North American Breeding Bird Survey (BBS)","N","N","N","N","N","N","N","Y","N","Y","N","N","N","N","N","N","N","N","Y","N","N","Y","N","N","N","N","N","N",4990,"Canada"
"Phalaropus lobatus","Red-necked Phalarope","Phalarope à bec étroit","No Suitable Data","N","N","N","N","N","N","N","N","N","N","Y","N","N","N","Y","N","N","Y","Y","N","N","Y","N","N","N","N","N","N",5000,NA
"Phalaropus fulicarius","Red Phalarope","Phalarope à bec large","No Suitable Data","N","N","N","N","N","N","N","N","N","N","Y","N","N","N","Y","N","N","Y","Y","N","N","Y","N","N","N","N","N","N",5010,NA
"Leucophaeus atricilla","Laughing Gull","Mouette atricille","No Suitable Data","N","N","N","N","N","N","N","N","N","N","Y","N","N","N","N","N","N","N","N","Y","N","N","N","N","N","N","N","N",5040,NA
"Leucophaeus pipixcan","Franklin's Gull","Mouette de Franklin","North American Breeding Bird Survey (BBS)","N","N","N","N","N","N","N","Y","N","Y","N","N","N","N","N","N","N","N","Y","N","N","N","N","N","N","N","N","N",5050,"Canada"
"Hydrocoloeus minutus","Little Gull","Mouette pygmée","Christmas Bird Count (CBC)","N","N","N","N","N","N","N","N","N","N","N","N","N","N","N","N","N","N","N","Y","N","N","N","N","N","N","N","N",5060,"USACAN"
"Chroicocephalus ridibundus","Black-headed Gull","Mouette rieuse","No Suitable Data","N","N","N","N","N","N","N","N","N","N","Y","N","N","N","N","N","N","N","N","Y","N","N","N","N","N","N","N","N",5070,NA
"Chroicocephalus philadelphia","Bonaparte's Gull","Mouette de Bonaparte","Christmas Bird Count (CBC)","N","N","N","N","N","N","N","N","N","N","N","N","N","N","N","N","N","N","N","Y","N","N","N","N","N","N","N","N",5080,"USACAN"
"Larus heermanni","Heermann's Gull","Goéland de Heermann","British Columbia Coastal Waterbird Survey","N","N","N","N","N","N","N","N","N","N","Y","N","N","N","N","N","N","N","N","N","N","N","N","N","N","N","N","N",5090,"SALISHSEA"
"Larus brachyrhynchus","Short-billed Gull","Goéland à bec court","North American Breeding Bird Survey (BBS)","N","N","N","N","N","N","N","N","N","N","Y","N","N","N","N","N","N","N","N","Y","N","N","N","N","N","N","N","N",5142,"Canada"
"Larus delawarensis","Ring-billed Gull","Goéland à bec cerclé","North American Breeding Bird Survey (BBS)","N","N","N","N","N","N","N","Y","N","Y","N","N","N","N","N","N","N","N","N","Y","N","N","N","N","N","N","N","N",5150,"Canada"
"Larus californicus","California Gull","Goéland de Californie","North American Breeding Bird Survey (BBS)","N","N","N","N","N","N","N","Y","N","Y","Y","N","N","N","N","N","N","N","N","Y","N","N","N","N","N","N","N","N",5160,"Canada"
"Larus argentatus","Herring Gull","Goéland argenté","Christmas Bird Count (CBC)","N","N","N","N","N","N","N","N","N","N","Y","N","N","N","N","N","N","N","N","Y","N","N","N","N","N","N","N","N",5170,"USACAN"
"Larus fuscus","Lesser Black-backed Gull","Goéland brun","Christmas Bird Count (CBC)","N","N","N","N","N","N","N","N","N","N","Y","N","N","N","N","N","N","N","N","Y","N","N","N","N","N","N","N","N",5210,"CAN"
"Larus occidentalis","Western Gull","Goéland d'Audubon","Christmas Bird Count (CBC)","N","N","N","N","N","N","N","N","N","N","Y","N","N","N","N","N","N","N","N","N","N","N","N","N","N","N","N","N",5240,"CAN"
"Larus glaucescens","Glaucous-winged Gull","Goéland à ailes grises","North American Breeding Bird Survey (BBS)","N","N","N","N","N","N","N","N","N","N","Y","N","N","N","N","N","N","N","N","N","N","N","N","N","N","N","N","N",5250,"Canada"
"Larus hyperboreus","Glaucous Gull","Goéland bourgmestre","Christmas Bird Count (CBC)","N","N","N","N","N","N","N","N","N","N","Y","N","N","N","Y","N","Y","N","N","Y","N","N","N","N","N","N","N","N",5270,"USACAN"
"Larus marinus","Great Black-backed Gull","Goéland marin","Christmas Bird Count (CBC)","N","N","N","N","N","N","N","N","N","N","Y","N","N","N","N","N","N","N","N","N","N","N","N","N","N","N","N","N",5280,"USACAN"
"Xema sabini","Sabine's Gull","Mouette de Sabine","No Suitable Data","N","N","N","N","N","N","N","N","N","N","Y","N","N","N","Y","N","Y","N","Y","N","N","N","N","N","N","N","N","N",5300,NA
"Rissa tridactyla","Black-legged Kittiwake","Mouette tridactyle","Seabird Colony Monitoring Program","N","N","N","N","N","N","N","N","N","N","Y","N","N","N","N","N","N","N","N","Y","N","N","N","N","N","N","N","N",5310,"Atlantic"
"Rhodostethia rosea","Ross's Gull","Mouette rosée","No Suitable Data","N","N","N","N","N","N","N","N","N","N","Y","N","N","N","Y","N","Y","N","N","Y","N","N","N","N","N","N","N","N",5330,NA
"Pagophila eburnea","Ivory Gull","Mouette blanche","No Suitable Data","N","N","N","N","N","N","N","N","N","N","Y","N","N","N","Y","N","Y","N","N","Y","N","N","N","N","N","N","N","N",5340,NA
"Hydroprogne caspia","Caspian Tern","Sterne caspienne","North American Breeding Bird Survey (BBS)","N","N","N","N","N","N","N","Y","N","Y","Y","N","N","N","N","N","N","N","N","N","N","N","N","N","N","N","N","N",5500,"Canada"
"Chlidonias niger","Black Tern","Guifette noire","North American Breeding Bird Survey (BBS)","N","N","N","N","N","N","N","Y","N","Y","Y","N","N","N","N","N","N","N","Y","N","N","N","N","N","N","N","N","N",5520,"Canada"
"Sterna dougallii","Roseate Tern","Sterne de Dougall","Seabird Colony Monitoring Program","N","N","N","N","N","N","N","N","N","N","Y","N","N","N","N","N","N","N","Y","N","N","N","N","N","N","N","N","N",5560,"Atlantic"
"Sterna hirundo","Common Tern","Sterne pierregarin","North American Breeding Bird Survey (BBS)","N","N","N","N","N","N","N","Y","N","Y","Y","N","N","N","N","N","N","N","Y","N","N","N","N","N","N","N","N","N",5570,"Canada"
"Sterna paradisaea","Arctic Tern","Sterne arctique","No Suitable Data","N","N","N","N","N","N","N","N","N","N","Y","N","N","N","Y","N","Y","N","Y","N","N","N","N","N","N","N","N","N",5580,NA
"Sterna forsteri","Forster's Tern","Sterne de Forster","North American Breeding Bird Survey (BBS)","N","N","N","N","N","N","N","Y","N","Y","Y","N","N","N","N","N","N","N","N","Y","N","N","N","N","N","N","N","N",5590,"Canada"
"Stercorarius skua","Great Skua","Grand Labbe","No Suitable Data","N","N","N","N","N","N","N","N","N","N","Y","N","N","N","N","N","N","N","N","N","N","N","N","N","N","N","N","N",5660,NA
"Stercorarius maccormicki","South Polar Skua","Labbe de McCormick","No Suitable Data","N","N","N","N","N","N","N","N","N","N","Y","N","N","N","N","N","N","N","N","N","N","N","N","N","N","N","N","N",5670,NA
"Stercorarius pomarinus","Pomarine Jaeger","Labbe pomarin","No Suitable Data","N","N","N","N","N","N","N","N","N","N","Y","N","N","N","Y","N","Y","N","Y","N","N","N","N","N","N","N","N","N",5680,NA
"Stercorarius parasiticus","Parasitic Jaeger","Labbe parasite","No Suitable Data","N","N","N","N","N","N","N","N","N","N","Y","N","N","N","Y","N","Y","N","Y","N","N","N","N","N","N","N","N","N",5690,NA
"Stercorarius longicaudus","Long-tailed Jaeger","Labbe à longue queue","No Suitable Data","N","N","N","N","N","N","N","N","N","N","Y","N","N","N","Y","N","Y","N","Y","N","N","N","N","N","N","N","N","N",5700,NA
"Alle alle","Dovekie","Mergule nain","No Suitable Data","N","N","N","N","N","N","N","N","N","N","Y","N","N","N","Y","N","Y","N","N","Y","N","N","N","N","N","N","N","N",5720,NA
"Uria aalge","Common Murre","Guillemot marmette","Seabird Colony Monitoring Program","N","N","N","N","N","N","N","N","N","N","Y","N","N","N","N","N","N","N","N","Y","N","N","N","N","N","N","N","N",5730,"Atlantic"
"Uria lomvia","Thick-billed Murre","Guillemot de Brünnich","Seabird Colony Monitoring Program","N","N","N","N","N","N","N","N","N","N","Y","N","N","N","Y","N","Y","N","N","Y","N","N","N","N","N","N","N","N",5740,"Arctic"
"Alca torda","Razorbill","Petit Pingouin","Seabird Colony Monitoring Program","N","N","N","N","N","N","N","N","N","N","Y","N","N","N","N","N","N","N","N","Y","N","N","N","N","N","N","N","N",5750,"Atlantic"
"Cepphus grylle","Black Guillemot","Guillemot à miroir","Seabird Colony Monitoring Program","N","N","N","N","N","N","N","N","N","N","Y","N","N","N","N","N","N","N","N","Y","N","N","N","N","N","N","N","N",5770,"Atlantic"
"Cepphus columba","Pigeon Guillemot","Guillemot colombin","Christmas Bird Count (CBC)","N","N","N","N","N","N","N","N","N","N","Y","N","N","N","N","N","N","N","N","Y","N","N","N","N","N","N","N","N",5780,"CAN"
"Brachyramphus marmoratus","Marbled Murrelet","Guillemot marbré","Christmas Bird Count (CBC)","N","N","N","N","N","N","N","N","N","N","Y","Y","N","N","N","N","N","N","N","Y","N","N","N","N","N","N","N","N",5800,"USACAN"
"Synthliboramphus scrippsi","Scripps's Murrelet","Guillemot de Scripps","No Suitable Data","N","N","N","N","N","N","N","N","N","N","N","N","N","N","N","N","N","N","N","N","N","N","N","N","N","N","N","N",5832,NA
"Synthliboramphus antiquus","Ancient Murrelet","Guillemot à cou blanc","Seabird Colony Monitoring Program","N","N","N","N","N","N","N","N","N","N","Y","N","N","N","N","N","N","N","N","Y","N","N","N","N","N","N","N","N",5850,"Pacific"
"Ptychoramphus aleuticus","Cassin's Auklet","Starique de Cassin","Seabird Colony Monitoring Program","N","N","N","N","N","N","N","N","N","N","Y","N","N","N","N","N","N","N","N","Y","N","N","N","N","N","N","N","N",5860,"Pacific"
"Aethia psittacula","Parakeet Auklet","Starique perroquet","No Suitable Data","N","N","N","N","N","N","N","N","N","N","N","N","N","N","N","N","N","N","N","N","N","N","N","N","N","N","N","N",5870,NA
"Cerorhinca monocerata","Rhinoceros Auklet","Macareux rhinocéros","Seabird Colony Monitoring Program","N","N","N","N","N","N","N","N","N","N","Y","N","N","N","N","N","N","N","N","Y","N","N","N","N","N","N","N","N",5910,"Pacific"
"Fratercula arctica","Atlantic Puffin","Macareux moine","Seabird Colony Monitoring Program","N","N","N","N","N","N","N","N","N","N","Y","N","N","N","N","N","N","N","N","Y","N","N","N","N","N","N","N","N",5920,"Atlantic"
"Fratercula corniculata","Horned Puffin","Macareux cornu","No Suitable Data","N","N","N","N","N","N","N","N","N","N","Y","N","N","N","N","N","N","N","N","Y","N","N","N","N","N","N","N","N",5930,NA
"Fratercula cirrhata","Tufted Puffin","Macareux huppé","Seabird Colony Monitoring Program","N","N","N","N","N","N","N","N","N","N","Y","N","N","N","N","N","N","N","N","Y","N","N","N","N","N","N","N","N",5940,"Pacific"
"Columba livia (Feral Pigeon)","Rock Pigeon (Feral Pigeon)","Pigeon biset (forme domestique)","North American Breeding Bird Survey (BBS)","N","N","N","N","N","N","N","N","N","N","N","N","N","N","N","N","N","N","N","N","N","N","N","N","N","N","N","N",5970,"Canada"
"Patagioenas fasciata","Band-tailed Pigeon","Pigeon à queue barrée","North American Breeding Bird Survey (BBS)","N","N","N","N","N","N","N","N","N","N","N","Y","N","N","N","N","N","N","N","Y","N","N","N","N","N","N","N","N",6040,"Canada"
"Zenaida macroura","Mourning Dove","Tourterelle triste","North American Breeding Bird Survey (BBS)","N","N","N","N","N","N","N","N","N","N","N","N","N","N","N","N","N","N","N","N","N","N","N","N","N","N","N","N",6170,"Canada"
"Coccyzus americanus","Yellow-billed Cuckoo","Coulicou à bec jaune","North American Breeding Bird Survey (BBS)","N","N","N","N","N","N","N","N","N","N","N","N","N","N","N","N","N","N","Y","N","N","N","N","N","N","N","N","N",7060,"Canada"
"Coccyzus erythropthalmus","Black-billed Cuckoo","Coulicou à bec noir","North American Breeding Bird Survey (BBS)","N","N","N","N","N","N","N","N","N","N","N","N","N","N","N","N","N","N","Y","N","N","N","N","N","N","N","N","N",7100,"Canada"
"Tyto alba","Barn Owl","Effraie des clochers","Christmas Bird Count (CBC)","N","N","N","N","Y","N","Y","N","N","N","N","N","N","N","N","N","N","N","N","N","N","N","N","N","N","N","N","N",7270,"BC"
"Psiloscops flammeolus","Flammulated Owl","Petit-duc nain","No Suitable Data","N","N","N","N","Y","N","Y","N","N","N","N","Y","N","N","N","N","N","N","Y","N","N","N","N","N","N","N","N","N",7290,NA
"Megascops kennicottii","Western Screech-Owl","Petit-duc des montagnes","Christmas Bird Count (CBC)","N","N","N","N","Y","N","Y","N","N","N","N","Y","N","Y","N","N","N","N","N","N","Y","N","N","N","N","N","N","N",7310,"CAN"
"Megascops asio","Eastern Screech-Owl","Petit-duc maculé","Christmas Bird Count (CBC)","N","N","N","N","Y","N","Y","N","N","N","N","Y","N","Y","N","N","N","N","N","N","Y","N","N","N","N","N","N","N",7320,"CAN"
"Bubo scandiacus","Snowy Owl","Harfang des neiges","Christmas Bird Count (CBC)","N","N","N","N","Y","N","Y","N","N","N","N","N","N","N","Y","N","Y","N","N","Y","N","N","N","N","N","N","N","N",7450,"USACAN"
"Surnia ulula","Northern Hawk Owl","Épervière boréale","Christmas Bird Count (CBC)","N","N","N","N","Y","N","Y","N","N","N","N","Y","N","Y","N","N","N","N","N","Y","N","N","N","N","N","N","N","N",7460,"USACAN"
"Glaucidium gnoma","Northern Pygmy-Owl","Chevêchette naine","Christmas Bird Count (CBC)","N","N","N","N","Y","N","Y","N","N","N","N","Y","N","Y","N","N","N","N","N","N","Y","N","N","N","N","N","N","N",7470,"CAN"
"Athene cunicularia","Burrowing Owl","Chevêche des terriers","North American Breeding Bird Survey (BBS)","N","N","N","N","Y","N","Y","N","N","N","N","N","N","N","N","N","N","N","N","Y","N","N","N","N","N","Y","N","N",7550,"Canada"
"Strix occidentalis","Spotted Owl","Chouette tachetée","No Suitable Data","N","N","N","N","Y","N","Y","N","N","N","N","Y","N","Y","N","N","N","N","N","N","Y","N","N","N","N","N","N","N",7580,NA
"Strix nebulosa","Great Gray Owl","Chouette lapone","Christmas Bird Count (CBC)","N","N","N","N","Y","N","Y","N","N","N","N","Y","N","Y","N","N","N","N","N","N","N","N","N","N","N","N","N","N",7610,"CAN"
"Asio otus","Long-eared Owl","Hibou moyen-duc","Christmas Bird Count (CBC)","N","N","N","N","Y","N","Y","N","N","N","N","Y","N","Y","N","N","N","N","N","N","N","N","N","N","N","N","N","N",7620,"USACAN"
"Asio flammeus","Short-eared Owl","Hibou des marais","Christmas Bird Count (CBC)","N","N","N","N","Y","N","Y","N","N","N","N","N","N","N","N","N","N","N","N","Y","N","N","N","N","N","Y","N","Y",7640,"USACAN"
"Aegolius funereus","Boreal Owl","Nyctale de Tengmalm","Christmas Bird Count (CBC)","N","N","N","N","Y","N","Y","N","N","N","N","Y","N","Y","N","N","N","N","N","N","N","N","N","N","N","N","N","N",7670,"CAN"
"Aegolius acadicus","Northern Saw-whet Owl","Petite Nyctale","Christmas Bird Count (CBC)","N","N","N","N","Y","N","Y","N","N","N","N","Y","N","N","N","N","N","N","N","N","N","N","N","N","N","N","N","N",7680,"USACAN"
"Chordeiles minor","Common Nighthawk","Engoulevent d'Amérique","North American Breeding Bird Survey (BBS)","N","N","N","N","N","N","N","N","N","N","N","N","N","N","N","N","N","N","Y","N","N","N","Y","Y","N","N","N","N",7720,"Canada"
"Phalaenoptilus nuttallii","Common Poorwill","Engoulevent de Nuttall","No Suitable Data","N","N","N","N","N","N","N","N","N","N","N","N","N","N","N","N","N","N","N","Y","N","N","Y","Y","N","N","N","N",7750,NA
"Antrostomus carolinensis","Chuck-will's-widow","Engoulevent de Caroline","No Suitable Data","N","N","N","N","N","N","N","N","N","N","N","Y","Y","N","N","N","N","N","Y","N","N","N","Y","Y","N","N","N","N",7810,NA
"Antrostomus vociferus","Eastern Whip-poor-will","Engoulevent bois-pourri","North American Breeding Bird Survey (BBS)","N","N","N","N","N","N","N","N","N","N","N","Y","N","N","N","N","N","N","N","Y","N","N","Y","Y","N","N","N","N",7871,"Canada"
"Cypseloides niger","Black Swift","Martinet sombre","North American Breeding Bird Survey (BBS)","N","N","N","N","N","N","N","N","N","N","N","N","N","N","N","N","N","N","Y","N","N","N","Y","Y","N","N","N","N",7970,"Canada"
"Chaetura pelagica","Chimney Swift","Martinet ramoneur","North American Breeding Bird Survey (BBS)","N","N","N","N","N","N","N","N","N","N","N","N","N","N","N","N","N","N","Y","N","N","N","Y","Y","N","N","N","N",8040,"Canada"
"Aeronautes saxatalis","White-throated Swift","Martinet à gorge blanche","North American Breeding Bird Survey (BBS)","N","N","N","N","N","N","N","N","N","N","N","N","N","N","N","N","N","N","N","N","N","N","Y","Y","N","N","N","N",8180,"Canada"
"Archilochus colubris","Ruby-throated Hummingbird","Colibri à gorge rubis","North American Breeding Bird Survey (BBS)","N","N","N","N","N","N","N","N","N","N","N","Y","Y","N","N","N","N","N","Y","N","N","N","N","N","N","N","N","N",9270,"Canada"
"Archilochus alexandri","Black-chinned Hummingbird","Colibri à gorge noire","North American Breeding Bird Survey (BBS)","N","N","N","N","N","N","N","N","N","N","N","N","N","N","N","N","N","N","Y","N","N","N","N","N","N","N","N","N",9280,"Canada"
"Calypte anna","Anna's Hummingbird","Colibri d'Anna","Christmas Bird Count (CBC)","N","N","N","N","N","N","N","N","N","N","N","N","N","N","N","N","N","N","N","N","N","N","N","N","N","N","N","N",9310,"CAN"
"Selasphorus calliope","Calliope Hummingbird","Colibri calliope","North American Breeding Bird Survey (BBS)","N","N","N","N","N","N","N","N","N","N","N","N","N","N","N","N","N","N","Y","N","N","N","N","N","N","N","N","N",9330,"Canada"
"Selasphorus rufus","Rufous Hummingbird","Colibri roux","North American Breeding Bird Survey (BBS)","N","N","N","N","N","N","N","N","N","N","N","N","N","N","N","N","N","N","Y","N","N","N","N","N","N","N","N","N",9370,"Canada"
"Megaceryle alcyon","Belted Kingfisher","Martin-pêcheur d'Amérique","North American Breeding Bird Survey (BBS)","N","N","N","N","N","N","N","Y","N","Y","N","N","N","N","N","N","N","N","N","N","N","N","N","N","N","N","N","N",9750,"Canada"
"Melanerpes lewis","Lewis's Woodpecker","Pic de Lewis","North American Breeding Bird Survey (BBS)","N","N","N","N","N","N","N","N","N","N","N","Y","N","N","N","N","N","N","N","Y","N","N","N","N","N","N","N","N",10030,"Canada"
"Melanerpes erythrocephalus","Red-headed Woodpecker","Pic à tête rouge","North American Breeding Bird Survey (BBS)","N","N","N","N","N","N","N","N","N","N","N","Y","N","N","N","N","N","N","N","Y","N","N","N","N","N","N","N","N",10060,"Canada"
"Melanerpes carolinus","Red-bellied Woodpecker","Pic à ventre roux","North American Breeding Bird Survey (BBS)","N","N","N","N","N","N","N","N","N","N","N","N","N","N","N","N","N","N","N","N","N","N","N","N","N","N","N","N",10190,"Canada"
"Sphyrapicus thyroideus","Williamson's Sapsucker","Pic de Williamson","No Suitable Data","N","N","N","N","N","N","N","N","N","N","N","Y","N","N","N","N","N","N","N","Y","N","N","N","N","N","N","N","N",10210,NA
"Sphyrapicus varius","Yellow-bellied Sapsucker","Pic maculé","North American Breeding Bird Survey (BBS)","N","N","N","N","N","N","N","N","N","N","N","Y","N","N","N","N","N","N","N","Y","N","N","N","N","N","N","N","N",10220,"Canada"
"Sphyrapicus nuchalis","Red-naped Sapsucker","Pic à nuque rouge","North American Breeding Bird Survey (BBS)","N","N","N","N","N","N","N","N","N","N","N","Y","N","N","N","N","N","N","N","Y","N","N","N","N","N","N","N","N",10230,"Canada"
"Sphyrapicus ruber","Red-breasted Sapsucker","Pic à poitrine rouge","North American Breeding Bird Survey (BBS)","N","N","N","N","N","N","N","N","N","N","N","Y","N","Y","N","N","N","N","N","N","N","N","N","N","N","N","N","N",10240,"Canada"
"Dryobates pubescens","Downy Woodpecker","Pic mineur","North American Breeding Bird Survey (BBS)","N","N","N","N","N","N","N","N","N","N","N","Y","N","Y","N","N","N","N","N","N","Y","N","N","N","N","N","N","N",10290,"Canada"
"Dryobates villosus","Hairy Woodpecker","Pic chevelu","North American Breeding Bird Survey (BBS)","N","N","N","N","N","N","N","N","N","N","N","Y","N","Y","N","N","N","N","N","N","Y","N","N","N","N","N","N","N",10300,"Canada"
"Dryobates albolarvatus","White-headed Woodpecker","Pic à tête blanche","No Suitable Data","N","N","N","N","N","N","N","N","N","N","N","Y","N","Y","N","N","N","N","N","N","Y","N","N","N","N","N","N","N",10340,NA
"Picoides dorsalis","American Three-toed Woodpecker","Pic à dos rayé","Christmas Bird Count (CBC)","N","N","N","N","N","N","N","N","N","N","N","Y","N","Y","N","N","N","N","N","N","Y","N","N","N","N","N","N","N",10360,"CAN"
"Picoides arcticus","Black-backed Woodpecker","Pic à dos noir","Christmas Bird Count (CBC)","N","N","N","N","N","N","N","N","N","N","N","Y","N","Y","N","N","N","N","N","N","Y","N","N","N","N","N","N","N",10370,"USACAN"
"Colaptes auratus","Northern Flicker","Pic flamboyant","North American Breeding Bird Survey (BBS)","N","N","N","N","N","N","N","N","N","N","N","N","N","N","N","N","N","N","N","N","N","N","N","N","N","N","N","N",10460,"Canada"
"Dryocopus pileatus","Pileated Woodpecker","Grand Pic","North American Breeding Bird Survey (BBS)","N","N","N","N","N","N","N","N","N","N","N","Y","N","Y","N","N","N","N","N","N","Y","N","N","N","N","N","N","N",10540,"Canada"
"Contopus cooperi","Olive-sided Flycatcher","Moucherolle à côtés olive","North American Breeding Bird Survey (BBS)","N","N","N","N","N","N","N","N","N","N","N","Y","Y","N","N","N","N","N","Y","N","N","N","Y","N","Y","N","N","N",12020,"Canada"
"Contopus sordidulus","Western Wood-Pewee","Pioui de l'Ouest","North American Breeding Bird Survey (BBS)","N","N","N","N","N","N","N","N","N","N","N","Y","Y","N","N","N","N","N","Y","N","N","N","Y","N","Y","N","N","N",12060,"Canada"
"Contopus virens","Eastern Wood-Pewee","Pioui de l'Est","North American Breeding Bird Survey (BBS)","N","N","N","N","N","N","N","N","N","N","N","Y","Y","N","N","N","N","N","Y","N","N","N","Y","N","Y","N","N","N",12070,"Canada"
"Empidonax flaviventris","Yellow-bellied Flycatcher","Moucherolle à ventre jaune","North American Breeding Bird Survey (BBS)","N","N","N","N","N","N","N","N","N","N","N","Y","Y","N","N","N","N","N","Y","N","N","N","Y","N","Y","N","N","N",12130,"Canada"
"Empidonax virescens","Acadian Flycatcher","Moucherolle vert","No Suitable Data","N","N","N","N","N","N","N","N","N","N","N","Y","Y","N","N","N","N","N","Y","N","N","N","Y","N","Y","N","N","N",12140,NA
"Empidonax alnorum","Alder Flycatcher","Moucherolle des aulnes","North American Breeding Bird Survey (BBS)","N","N","N","N","N","N","N","Y","N","Y","N","N","N","N","N","N","N","N","Y","N","N","N","Y","N","Y","N","N","N",12160,"Canada"
"Empidonax traillii","Willow Flycatcher","Moucherolle des saules","North American Breeding Bird Survey (BBS)","N","N","N","N","N","N","N","Y","N","Y","N","N","N","N","N","N","N","N","Y","N","N","N","Y","N","Y","N","N","N",12170,"Canada"
"Empidonax minimus","Least Flycatcher","Moucherolle tchébec","North American Breeding Bird Survey (BBS)","N","N","N","N","N","N","N","N","N","N","N","Y","Y","N","N","N","N","N","Y","N","N","N","Y","N","Y","N","N","N",12190,"Canada"
"Empidonax hammondii","Hammond's Flycatcher","Moucherolle de Hammond","North American Breeding Bird Survey (BBS)","N","N","N","N","N","N","N","N","N","N","N","Y","N","N","N","N","N","N","N","N","N","N","Y","N","Y","N","N","N",12200,"Canada"
"Empidonax wrightii","Gray Flycatcher","Moucherolle gris","North American Breeding Bird Survey (BBS)","N","N","N","N","N","N","N","N","N","N","N","N","N","N","N","N","N","N","N","N","N","N","N","N","N","N","N","N",12210,"Canada"
"Empidonax oberholseri","Dusky Flycatcher","Moucherolle sombre","North American Breeding Bird Survey (BBS)","N","N","N","N","N","N","N","N","N","N","N","Y","N","N","N","N","N","N","N","N","N","N","Y","N","Y","N","N","N",12220,"Canada"
"Empidonax difficilis occidentalis/hellmayri","Western Flycatcher (Cordilleran)","Moucherolle obscur (occidentalis/hellmayri)","North American Breeding Bird Survey (BBS)","N","N","N","N","N","N","N","N","N","N","N","Y","N","N","N","N","N","N","N","N","N","N","Y","N","Y","N","N","N",12231,"Canada"
"Sayornis phoebe","Eastern Phoebe","Moucherolle phébi","North American Breeding Bird Survey (BBS)","N","N","N","N","N","N","N","N","N","N","N","N","N","N","N","N","N","N","N","Y","N","N","Y","N","Y","N","N","N",12300,"Canada"
"Sayornis saya","Say's Phoebe","Moucherolle à ventre roux","North American Breeding Bird Survey (BBS)","N","N","N","N","N","N","N","N","N","N","N","N","N","N","N","N","N","N","N","Y","N","N","Y","N","Y","N","N","N",12310,"Canada"
"Myiarchus crinitus","Great Crested Flycatcher","Tyran huppé","North American Breeding Bird Survey (BBS)","N","N","N","N","N","N","N","N","N","N","N","Y","Y","N","N","N","N","N","Y","N","N","N","Y","N","Y","N","N","N",12450,"Canada"
"Tyrannus verticalis","Western Kingbird","Tyran de l'Ouest","North American Breeding Bird Survey (BBS)","N","N","N","N","N","N","N","N","N","N","N","N","N","N","N","N","N","N","Y","N","N","N","Y","N","Y","Y","N","Y",12710,"Canada"
"Tyrannus tyrannus","Eastern Kingbird","Tyran tritri","North American Breeding Bird Survey (BBS)","N","N","N","N","N","N","N","N","N","N","N","N","N","N","N","N","N","N","Y","N","N","N","Y","N","Y","N","N","N",12720,"Canada"
"Lanius ludovicianus","Loggerhead Shrike","Pie-grièche migratrice","North American Breeding Bird Survey (BBS)","N","N","N","N","N","N","N","N","N","N","N","N","N","N","N","N","N","N","N","Y","N","N","N","N","N","N","N","N",13210,"Canada"
"Vireo griseus","White-eyed Vireo","Viréo aux yeux blancs","No Suitable Data","N","N","N","N","N","N","N","N","N","N","N","N","N","N","N","N","N","N","N","N","N","N","N","N","N","N","N","N",13240,NA
"Vireo flavifrons","Yellow-throated Vireo","Viréo à gorge jaune","North American Breeding Bird Survey (BBS)","N","N","N","N","N","N","N","N","N","N","N","Y","Y","N","N","N","N","N","Y","N","N","N","N","N","N","N","N","N",13380,"Canada"
"Vireo cassinii","Cassin's Vireo","Viréo de Cassin","North American Breeding Bird Survey (BBS)","N","N","N","N","N","N","N","N","N","N","N","Y","N","N","N","N","N","N","N","N","N","N","N","N","N","N","N","N",13410,"Canada"
"Vireo solitarius","Blue-headed Vireo","Viréo à tête bleue","North American Breeding Bird Survey (BBS)","N","N","N","N","N","N","N","N","N","N","N","Y","N","N","N","N","N","N","N","N","N","N","N","N","N","N","N","N",13420,"Canada"
"Vireo huttoni","Hutton's Vireo","Viréo de Hutton","North American Breeding Bird Survey (BBS)","N","N","N","N","N","N","N","N","N","N","N","Y","N","Y","N","N","N","N","N","N","Y","N","N","N","N","N","N","N",13440,"Canada"
"Vireo gilvus","Warbling Vireo","Viréo mélodieux","North American Breeding Bird Survey (BBS)","N","N","N","N","N","N","N","N","N","N","N","Y","Y","N","N","N","N","N","Y","N","N","N","N","N","N","N","N","N",13460,"Canada"
"Vireo philadelphicus","Philadelphia Vireo","Viréo de Philadelphie","North American Breeding Bird Survey (BBS)","N","N","N","N","N","N","N","N","N","N","N","Y","Y","N","N","N","N","N","Y","N","N","N","N","N","N","N","N","N",13480,"Canada"
"Perisoreus canadensis","Canada Jay","Mésangeai du Canada","North American Breeding Bird Survey (BBS)","N","N","N","N","N","N","N","N","N","N","N","Y","N","Y","N","N","N","N","N","N","Y","N","N","N","N","N","N","N",13620,"Canada"
"Cyanocitta stelleri","Steller's Jay","Geai de Steller","North American Breeding Bird Survey (BBS)","N","N","N","N","N","N","N","N","N","N","N","Y","N","Y","N","N","N","N","N","N","Y","N","N","N","N","N","N","N",13630,"Canada"
"Cyanocitta cristata","Blue Jay","Geai bleu","North American Breeding Bird Survey (BBS)","N","N","N","N","N","N","N","N","N","N","N","N","N","N","N","N","N","N","N","N","N","N","N","N","N","N","N","N",13640,"Canada"
"Nucifraga columbiana","Clark's Nutcracker","Cassenoix d'Amérique","North American Breeding Bird Survey (BBS)","N","N","N","N","N","N","N","N","N","N","N","Y","N","Y","N","N","N","N","N","N","Y","N","N","N","N","N","N","N",13860,"Canada"
"Pica hudsonia","Black-billed Magpie","Pie d'Amérique","North American Breeding Bird Survey (BBS)","N","N","N","N","N","N","N","N","N","N","N","N","N","N","N","N","N","N","N","N","Y","N","N","N","N","N","N","N",13870,"Canada"
"Corvus brachyrhynchos","American Crow","Corneille d'Amérique","North American Breeding Bird Survey (BBS)","N","N","N","N","N","N","N","N","N","N","N","N","N","N","N","N","N","N","N","N","Y","N","N","N","N","N","N","N",13900,"Canada"
"Corvus ossifragus","Fish Crow","Corneille de rivage","Christmas Bird Count (CBC)","N","N","N","N","N","N","N","N","N","N","N","N","N","N","N","N","N","N","N","N","N","N","N","N","N","N","N","N",13980,"BCR13"
"Corvus corax","Common Raven","Grand Corbeau","North American Breeding Bird Survey (BBS)","N","N","N","N","N","N","N","N","N","N","N","N","N","N","N","N","N","N","N","N","Y","N","N","N","N","N","N","N",14010,"Canada"
"Alauda arvensis","Eurasian Skylark","Alouette des champs","No Suitable Data","N","N","N","N","N","N","N","N","N","N","N","N","N","N","N","N","N","N","N","N","N","N","N","N","N","N","N","N",14030,NA
"Eremophila alpestris","Horned Lark","Alouette hausse-col","North American Breeding Bird Survey (BBS)","N","N","N","N","N","N","N","N","N","N","N","N","N","N","N","N","N","N","N","Y","N","N","N","N","N","Y","N","Y",14040,"Canada"
"Progne subis","Purple Martin","Hirondelle noire","North American Breeding Bird Survey (BBS)","N","N","N","N","N","N","N","N","N","N","N","N","N","N","N","N","N","N","Y","N","N","N","Y","Y","N","N","N","N",14050,"Canada"
"Tachycineta bicolor","Tree Swallow","Hirondelle bicolore","North American Breeding Bird Survey (BBS)","N","N","N","N","N","N","N","N","N","N","N","N","N","N","N","N","N","N","N","Y","N","N","Y","Y","N","N","N","N",14120,"Canada"
"Tachycineta thalassina","Violet-green Swallow","Hirondelle à face blanche","North American Breeding Bird Survey (BBS)","N","N","N","N","N","N","N","N","N","N","N","N","N","N","N","N","N","N","Y","N","N","N","Y","Y","N","N","N","N",14150,"Canada"
"Stelgidopteryx serripennis","Northern Rough-winged Swallow","Hirondelle à ailes hérissées","North American Breeding Bird Survey (BBS)","N","N","N","N","N","N","N","N","N","N","N","N","N","N","N","N","N","N","N","N","N","N","Y","Y","N","N","N","N",14200,"Canada"
"Petrochelidon pyrrhonota","Cliff Swallow","Hirondelle à front blanc","North American Breeding Bird Survey (BBS)","N","N","N","N","N","N","N","N","N","N","N","N","N","N","N","N","N","N","Y","N","N","N","Y","Y","N","N","N","N",14230,"Canada"
"Hirundo rustica","Barn Swallow","Hirondelle rustique","North American Breeding Bird Survey (BBS)","N","N","N","N","N","N","N","N","N","N","N","N","N","N","N","N","N","N","Y","N","N","N","Y","Y","N","N","N","N",14250,"Canada"
"Poecile atricapillus","Black-capped Chickadee","Mésange à tête noire","North American Breeding Bird Survey (BBS)","N","N","N","N","N","N","N","N","N","N","N","Y","N","Y","N","N","N","N","N","N","Y","N","N","N","N","N","N","N",14280,"Canada"
"Poecile gambeli","Mountain Chickadee","Mésange de Gambel","North American Breeding Bird Survey (BBS)","N","N","N","N","N","N","N","N","N","N","N","Y","N","Y","N","N","N","N","N","N","Y","N","N","N","N","N","N","N",14290,"Canada"
"Poecile rufescens","Chestnut-backed Chickadee","Mésange à dos marron","North American Breeding Bird Survey (BBS)","N","N","N","N","N","N","N","N","N","N","N","Y","N","Y","N","N","N","N","N","N","Y","N","N","N","N","N","N","N",14310,"Canada"
"Poecile hudsonicus","Boreal Chickadee","Mésange à tête brune","Christmas Bird Count (CBC)","N","N","N","N","N","N","N","N","N","N","N","Y","N","Y","N","N","N","N","N","N","Y","N","N","N","N","N","N","N",14320,"CAN"
"Poecile cinctus","Gray-headed Chickadee","Mésange lapone","No Suitable Data","N","N","N","N","N","N","N","N","N","N","N","N","N","N","Y","N","Y","N","N","N","Y","N","N","N","N","N","N","N",14330,NA
"Baeolophus bicolor","Tufted Titmouse","Mésange bicolore","North American Breeding Bird Survey (BBS)","N","N","N","N","N","N","N","N","N","N","N","N","N","N","N","N","N","N","N","N","N","N","N","N","N","N","N","N",14370,"Canada"
"Psaltriparus minimus","Bushtit","Orite buissonnière","Christmas Bird Count (CBC)","N","N","N","N","N","N","N","N","N","N","N","N","N","N","N","N","N","N","N","N","Y","N","N","N","N","N","N","N",14400,"CAN"
"Sitta canadensis","Red-breasted Nuthatch","Sittelle à poitrine rousse","North American Breeding Bird Survey (BBS)","N","N","N","N","N","N","N","N","N","N","N","Y","N","Y","N","N","N","N","N","N","N","N","N","N","N","N","N","N",14410,"Canada"
"Sitta carolinensis","White-breasted Nuthatch","Sittelle à poitrine blanche","North American Breeding Bird Survey (BBS)","N","N","N","N","N","N","N","N","N","N","N","Y","N","Y","N","N","N","N","N","N","Y","N","N","N","N","N","N","N",14420,"Canada"
"Sitta pygmaea","Pygmy Nuthatch","Sittelle pygmée","North American Breeding Bird Survey (BBS)","N","N","N","N","N","N","N","N","N","N","N","Y","N","Y","N","N","N","N","N","N","Y","N","N","N","N","N","N","N",14430,"Canada"
"Certhia americana","Brown Creeper","Grimpereau brun","North American Breeding Bird Survey (BBS)","N","N","N","N","N","N","N","N","N","N","N","Y","N","Y","N","N","N","N","N","N","N","N","N","N","N","N","N","N",14450,"Canada"
"Salpinctes obsoletus","Rock Wren","Troglodyte des rochers","North American Breeding Bird Survey (BBS)","N","N","N","N","N","N","N","N","N","N","N","N","N","N","N","N","N","N","N","Y","N","N","N","N","N","N","N","N",14560,"Canada"
"Catherpes mexicanus","Canyon Wren","Troglodyte des canyons","Christmas Bird Count (CBC)","N","N","N","N","N","N","N","N","N","N","N","N","N","N","N","N","N","N","N","N","Y","N","N","N","N","N","N","N",14570,"CAN"
"Thryothorus ludovicianus","Carolina Wren","Troglodyte de Caroline","North American Breeding Bird Survey (BBS)","N","N","N","N","N","N","N","N","N","N","N","N","N","N","N","N","N","N","N","N","N","N","N","N","N","N","N","N",14720,"Canada"
"Thryomanes bewickii","Bewick's Wren","Troglodyte de Bewick","North American Breeding Bird Survey (BBS)","N","N","N","N","N","N","N","N","N","N","N","N","N","N","N","N","N","N","N","N","Y","N","N","N","N","N","N","N",14760,"Canada"
"Troglodytes aedon","House Wren","Troglodyte familier","North American Breeding Bird Survey (BBS)","N","N","N","N","N","N","N","N","N","N","N","N","N","N","N","N","N","N","N","Y","N","N","N","N","N","N","N","N",14780,"Canada"
"Cistothorus palustris","Marsh Wren","Troglodyte des marais","North American Breeding Bird Survey (BBS)","N","N","N","N","N","N","N","Y","N","Y","N","N","N","N","N","N","N","N","N","Y","N","N","N","N","N","N","N","N",14850,"Canada"
"Cinclus mexicanus","American Dipper","Cincle d'Amérique","North American Breeding Bird Survey (BBS)","N","N","N","N","N","N","N","N","N","N","N","N","N","N","N","N","N","N","N","N","Y","N","N","N","N","N","N","N",14930,"Canada"
"Regulus satrapa","Golden-crowned Kinglet","Roitelet à couronne dorée","North American Breeding Bird Survey (BBS)","N","N","N","N","N","N","N","N","N","N","N","Y","N","N","N","N","N","N","N","Y","N","N","N","N","N","N","N","N",14960,"Canada"
"Corthylio calendula","Ruby-crowned Kinglet","Roitelet à couronne rubis","Christmas Bird Count (CBC)","N","N","N","N","N","N","N","N","N","N","N","Y","N","N","N","N","N","N","N","Y","N","N","N","N","N","N","N","N",14970,"USACAN"
"Polioptila caerulea","Blue-gray Gnatcatcher","Gobemoucheron gris-bleu","North American Breeding Bird Survey (BBS)","N","N","N","N","N","N","N","N","N","N","N","N","N","N","N","N","N","N","N","N","N","N","N","N","N","N","N","N",15100,"Canada"
"Luscinia svecica","Bluethroat","Gorgebleue à miroir","No Suitable Data","N","N","N","N","N","N","N","N","N","N","N","N","N","N","Y","N","Y","N","Y","N","N","N","N","N","N","N","N","N",15270,NA
"Oenanthe oenanthe","Northern Wheatear","Traquet motteux","No Suitable Data","N","N","N","N","N","N","N","N","N","N","N","N","N","N","Y","N","Y","N","Y","N","N","N","N","N","N","N","N","N",15310,NA
"Sialia sialis","Eastern Bluebird","Merlebleu de l'Est","North American Breeding Bird Survey (BBS)","N","N","N","N","N","N","N","N","N","N","N","N","N","N","N","N","N","N","N","N","N","N","N","N","N","N","N","N",15330,"Canada"
"Sialia mexicana","Western Bluebird","Merlebleu de l'Ouest","North American Breeding Bird Survey (BBS)","N","N","N","N","N","N","N","N","N","N","N","N","N","N","N","N","N","N","N","N","N","N","N","N","N","N","N","N",15340,"Canada"
"Sialia currucoides","Mountain Bluebird","Merlebleu azuré","North American Breeding Bird Survey (BBS)","N","N","N","N","N","N","N","N","N","N","N","N","N","N","N","N","N","N","N","Y","N","N","N","N","N","N","N","N",15350,"Canada"
"Myadestes townsendi","Townsend's Solitaire","Solitaire de Townsend","North American Breeding Bird Survey (BBS)","N","N","N","N","N","N","N","N","N","N","N","Y","N","N","N","N","N","N","N","N","N","N","N","N","N","N","N","N",15360,"Canada"
"Catharus fuscescens","Veery","Grive fauve","North American Breeding Bird Survey (BBS)","N","N","N","N","N","N","N","N","N","N","N","Y","Y","N","N","N","N","N","Y","N","N","N","N","N","N","N","N","N",15550,"Canada"
"Catharus minimus","Gray-cheeked Thrush","Grive à joues grises","North American Breeding Bird Survey (BBS)","N","N","N","N","N","N","N","N","N","N","N","Y","Y","N","N","N","N","N","Y","N","N","N","N","N","N","N","N","N",15560,"Canada"
"Catharus bicknelli","Bicknell's Thrush","Grive de Bicknell","North American Breeding Bird Survey (BBS)","N","N","N","N","N","N","N","N","N","N","N","Y","Y","N","N","N","N","N","Y","N","N","N","N","N","N","N","N","N",15570,"Canada"
"Catharus ustulatus","Swainson's Thrush","Grive à dos olive","North American Breeding Bird Survey (BBS)","N","N","N","N","N","N","N","N","N","N","N","Y","Y","N","N","N","N","N","Y","N","N","N","N","N","N","N","N","N",15580,"Canada"
"Catharus guttatus","Hermit Thrush","Grive solitaire","North American Breeding Bird Survey (BBS)","N","N","N","N","N","N","N","N","N","N","N","Y","N","N","N","N","N","N","N","Y","N","N","N","N","N","N","N","N",15590,"Canada"
"Hylocichla mustelina","Wood Thrush","Grive des bois","North American Breeding Bird Survey (BBS)","N","N","N","N","N","N","N","N","N","N","N","Y","Y","N","N","N","N","N","Y","N","N","N","N","N","N","N","N","N",15600,"Canada"
"Turdus migratorius","American Robin","Merle d'Amérique","North American Breeding Bird Survey (BBS)","N","N","N","N","N","N","N","N","N","N","N","N","N","N","N","N","N","N","N","N","N","N","N","N","N","N","N","N",15770,"Canada"
"Ixoreus naevius","Varied Thrush","Grive à collier","North American Breeding Bird Survey (BBS)","N","N","N","N","N","N","N","N","N","N","N","Y","N","Y","N","N","N","N","N","N","N","N","N","N","N","N","N","N",15830,"Canada"
"Dumetella carolinensis","Gray Catbird","Moqueur chat","North American Breeding Bird Survey (BBS)","N","N","N","N","N","N","N","N","N","N","N","N","N","N","N","N","N","N","N","Y","N","N","N","N","N","N","N","N",15900,"Canada"
"Mimus polyglottos","Northern Mockingbird","Moqueur polyglotte","Christmas Bird Count (CBC)","N","N","N","N","N","N","N","N","N","N","N","N","N","N","N","N","N","N","N","N","Y","N","N","N","N","N","N","N",15920,"CAN"
"Oreoscoptes montanus","Sage Thrasher","Moqueur des armoises","No Suitable Data","N","N","N","N","N","N","N","N","N","N","N","N","N","N","N","N","N","N","N","Y","N","N","N","N","N","N","N","N",15960,NA
"Toxostoma rufum","Brown Thrasher","Moqueur roux","North American Breeding Bird Survey (BBS)","N","N","N","N","N","N","N","N","N","N","N","N","N","N","N","N","N","N","N","Y","N","N","N","N","N","N","N","N",15970,"Canada"
"Sturnus vulgaris","European Starling","Étourneau sansonnet","North American Breeding Bird Survey (BBS)","N","N","N","N","N","N","N","N","N","N","N","N","N","N","N","N","N","N","N","N","N","N","N","N","N","N","N","N",16140,"Canada"
"Motacilla tschutschensis","Eastern Yellow Wagtail","Bergeronnette de Béringie","No Suitable Data","N","N","N","N","N","N","N","N","N","N","N","N","N","N","Y","N","Y","N","Y","N","N","N","N","N","N","N","N","N",16200,NA
"Anthus rubescens","American Pipit","Pipit d'Amérique","Christmas Bird Count (CBC)","N","N","N","N","N","N","N","N","N","N","N","N","N","N","N","N","N","N","N","Y","N","N","N","N","N","N","N","N",16290,"USACAN"
"Anthus spragueii","Sprague's Pipit","Pipit de Sprague","North American Breeding Bird Survey (BBS)","N","N","N","N","N","N","N","N","N","N","N","N","N","N","N","N","N","N","N","Y","N","N","N","N","N","Y","Y","N",16300,"Canada"
"Bombycilla garrulus","Bohemian Waxwing","Jaseur boréal","Christmas Bird Count (CBC)","N","N","N","N","N","N","N","N","N","N","N","Y","N","Y","N","N","N","N","N","Y","N","N","N","N","N","N","N","N",16320,"USACAN"
"Bombycilla cedrorum","Cedar Waxwing","Jaseur d'Amérique","North American Breeding Bird Survey (BBS)","N","N","N","N","N","N","N","N","N","N","N","N","N","N","N","N","N","N","N","Y","N","N","N","N","N","N","N","N",16330,"Canada"
"Vermivora cyanoptera","Blue-winged Warbler","Paruline à ailes bleues","North American Breeding Bird Survey (BBS)","N","N","N","N","N","N","N","N","N","N","N","N","N","N","N","N","N","N","N","N","N","N","N","N","N","N","N","N",16410,"Canada"
"Vermivora chrysoptera","Golden-winged Warbler","Paruline à ailes dorées","North American Breeding Bird Survey (BBS)","N","N","N","N","N","N","N","N","N","N","N","N","N","N","N","N","N","N","Y","N","N","N","N","N","N","N","N","N",16420,"Canada"
"Leiothlypis peregrina","Tennessee Warbler","Paruline obscure","North American Breeding Bird Survey (BBS)","N","N","N","N","N","N","N","N","N","N","N","Y","Y","N","N","N","N","N","Y","N","N","N","N","N","N","N","N","N",16460,"Canada"
"Leiothlypis celata","Orange-crowned Warbler","Paruline verdâtre","North American Breeding Bird Survey (BBS)","N","N","N","N","N","N","N","N","N","N","N","Y","N","N","N","N","N","N","N","N","N","N","N","N","N","N","N","N",16470,"Canada"
"Leiothlypis ruficapilla","Nashville Warbler","Paruline à joues grises","North American Breeding Bird Survey (BBS)","N","N","N","N","N","N","N","N","N","N","N","Y","Y","N","N","N","N","N","Y","N","N","N","N","N","N","N","N","N",16480,"Canada"
"Setophaga americana","Northern Parula","Paruline à collier","North American Breeding Bird Survey (BBS)","N","N","N","N","N","N","N","N","N","N","N","Y","Y","N","N","N","N","N","Y","N","N","N","N","N","N","N","N","N",16540,"Canada"
"Setophaga petechia","Yellow Warbler","Paruline jaune","North American Breeding Bird Survey (BBS)","N","N","N","N","N","N","N","N","N","Y","N","N","N","N","N","N","N","N","Y","N","N","N","N","N","N","N","N","N",16560,"Canada"
"Setophaga pensylvanica","Chestnut-sided Warbler","Paruline à flancs marron","North American Breeding Bird Survey (BBS)","N","N","N","N","N","N","N","N","N","N","N","Y","Y","N","N","N","N","N","Y","N","N","N","N","N","N","N","N","N",16570,"Canada"
"Setophaga magnolia","Magnolia Warbler","Paruline à tête cendrée","North American Breeding Bird Survey (BBS)","N","N","N","N","N","N","N","N","N","N","N","Y","Y","N","N","N","N","N","Y","N","N","N","N","N","N","N","N","N",16580,"Canada"
"Setophaga tigrina","Cape May Warbler","Paruline tigrée","North American Breeding Bird Survey (BBS)","N","N","N","N","N","N","N","N","N","N","N","Y","Y","N","N","N","N","N","Y","N","N","N","N","N","N","N","N","N",16590,"Canada"
"Setophaga caerulescens","Black-throated Blue Warbler","Paruline bleue","North American Breeding Bird Survey (BBS)","N","N","N","N","N","N","N","N","N","N","N","Y","Y","N","N","N","N","N","Y","N","N","N","N","N","N","N","N","N",16600,"Canada"
"Setophaga coronata","Yellow-rumped Warbler","Paruline à croupion jaune","North American Breeding Bird Survey (BBS)","N","N","N","N","N","N","N","N","N","N","N","Y","N","N","N","N","N","N","N","Y","N","N","N","N","N","N","N","N",16610,"Canada"
"Setophaga nigrescens","Black-throated Gray Warbler","Paruline grise","North American Breeding Bird Survey (BBS)","N","N","N","N","N","N","N","N","N","N","N","Y","N","N","N","N","N","N","N","N","N","N","N","N","N","N","N","N",16640,"Canada"
"Setophaga virens","Black-throated Green Warbler","Paruline à gorge noire","North American Breeding Bird Survey (BBS)","N","N","N","N","N","N","N","N","N","N","N","Y","Y","N","N","N","N","N","Y","N","N","N","N","N","N","N","N","N",16660,"Canada"
"Setophaga townsendi","Townsend's Warbler","Paruline de Townsend","North American Breeding Bird Survey (BBS)","N","N","N","N","N","N","N","N","N","N","N","Y","N","N","N","N","N","N","N","N","N","N","N","N","N","N","N","N",16670,"Canada"
"Setophaga fusca","Blackburnian Warbler","Paruline à gorge orangée","North American Breeding Bird Survey (BBS)","N","N","N","N","N","N","N","N","N","N","N","Y","Y","N","N","N","N","N","Y","N","N","N","N","N","N","N","N","N",16690,"Canada"
"Setophaga pinus","Pine Warbler","Paruline des pins","North American Breeding Bird Survey (BBS)","N","N","N","N","N","N","N","N","N","N","N","Y","N","N","N","N","N","N","N","Y","N","N","N","N","N","N","N","N",16760,"Canada"
"Setophaga kirtlandii","Kirtland's Warbler","Paruline de Kirtland","No Suitable Data","N","N","N","N","N","N","N","N","N","N","N","Y","Y","N","N","N","N","N","Y","N","N","N","N","N","N","N","N","N",16770,NA
"Setophaga discolor","Prairie Warbler","Paruline des prés","No Suitable Data","N","N","N","N","N","N","N","N","N","N","N","N","N","N","N","N","N","N","N","N","N","N","N","N","N","N","N","N",16780,NA
"Setophaga palmarum","Palm Warbler","Paruline à couronne rousse","North American Breeding Bird Survey (BBS)","N","N","N","N","N","N","N","N","N","N","N","N","N","N","N","N","N","N","N","Y","N","N","N","N","N","N","N","N",16800,"Canada"
"Setophaga castanea","Bay-breasted Warbler","Paruline à poitrine baie","North American Breeding Bird Survey (BBS)","N","N","N","N","N","N","N","N","N","N","N","Y","Y","N","N","N","N","N","Y","N","N","N","N","N","N","N","N","N",16810,"Canada"
"Setophaga striata","Blackpoll Warbler","Paruline rayée","North American Breeding Bird Survey (BBS)","N","N","N","N","N","N","N","N","N","N","N","Y","Y","N","N","N","N","N","Y","N","N","N","N","N","N","N","N","N",16820,"Canada"
"Setophaga cerulea","Cerulean Warbler","Paruline azurée","North American Breeding Bird Survey (BBS)","N","N","N","N","N","N","N","N","N","N","N","Y","Y","N","N","N","N","N","Y","N","N","N","N","N","N","N","N","N",16830,"Canada"
"Mniotilta varia","Black-and-white Warbler","Paruline noir et blanc","North American Breeding Bird Survey (BBS)","N","N","N","N","N","N","N","N","N","N","N","Y","Y","N","N","N","N","N","Y","N","N","N","N","N","N","N","N","N",16880,"Canada"
"Setophaga ruticilla","American Redstart","Paruline flamboyante","North American Breeding Bird Survey (BBS)","N","N","N","N","N","N","N","N","N","N","N","Y","Y","N","N","N","N","N","Y","N","N","N","N","N","N","N","N","N",16890,"Canada"
"Protonotaria citrea","Prothonotary Warbler","Paruline orangée","No Suitable Data","N","N","N","N","N","N","N","N","N","N","N","Y","Y","N","N","N","N","N","Y","N","N","N","N","N","N","N","N","N",16900,NA
"Seiurus aurocapilla","Ovenbird","Paruline couronnée","North American Breeding Bird Survey (BBS)","N","N","N","N","N","N","N","N","N","N","N","Y","Y","N","N","N","N","N","Y","N","N","N","N","N","N","N","N","N",16930,"Canada"
"Parkesia noveboracensis","Northern Waterthrush","Paruline des ruisseaux","North American Breeding Bird Survey (BBS)","N","N","N","N","N","N","N","N","N","N","N","Y","Y","N","N","N","N","N","Y","N","N","N","N","N","N","N","N","N",16940,"Canada"
"Parkesia motacilla","Louisiana Waterthrush","Paruline hochequeue","No Suitable Data","N","N","N","N","N","N","N","N","N","N","N","Y","Y","N","N","N","N","N","Y","N","N","N","N","N","N","N","N","N",16950,NA
"Oporornis agilis","Connecticut Warbler","Paruline à gorge grise","North American Breeding Bird Survey (BBS)","N","N","N","N","N","N","N","N","N","N","N","Y","Y","N","N","N","N","N","Y","N","N","N","N","N","N","N","N","N",16970,"Canada"
"Geothlypis philadelphia","Mourning Warbler","Paruline triste","North American Breeding Bird Survey (BBS)","N","N","N","N","N","N","N","N","N","N","N","Y","Y","N","N","N","N","N","Y","N","N","N","N","N","N","N","N","N",16980,"Canada"
"Geothlypis tolmiei","MacGillivray's Warbler","Paruline des buissons","North American Breeding Bird Survey (BBS)","N","N","N","N","N","N","N","N","N","N","N","Y","N","N","N","N","N","N","N","N","N","N","N","N","N","N","N","N",16990,"Canada"
"Geothlypis trichas","Common Yellowthroat","Paruline masquée","North American Breeding Bird Survey (BBS)","N","N","N","N","N","N","N","Y","N","Y","N","N","N","N","N","N","N","N","N","N","N","N","N","N","N","N","N","N",17000,"Canada"
"Setophaga citrina","Hooded Warbler","Paruline à capuchon","No Suitable Data","N","N","N","N","N","N","N","N","N","N","N","Y","Y","N","N","N","N","N","Y","N","N","N","N","N","N","N","N","N",17130,NA
"Cardellina pusilla","Wilson's Warbler","Paruline à calotte noire","North American Breeding Bird Survey (BBS)","N","N","N","N","N","N","N","N","N","N","N","N","N","N","N","N","N","N","N","N","N","N","N","N","N","N","N","N",17140,"Canada"
"Cardellina canadensis","Canada Warbler","Paruline du Canada","North American Breeding Bird Survey (BBS)","N","N","N","N","N","N","N","N","N","N","N","Y","Y","N","N","N","N","N","Y","N","N","N","N","N","N","N","N","N",17150,"Canada"
"Icteria virens","Yellow-breasted Chat","Ictérie polyglotte","North American Breeding Bird Survey (BBS)","N","N","N","N","N","N","N","N","N","N","N","N","N","N","N","N","N","N","Y","N","N","N","N","N","N","N","N","N",17310,"Canada"
"Piranga olivacea","Scarlet Tanager","Piranga écarlate","North American Breeding Bird Survey (BBS)","N","N","N","N","N","N","N","N","N","N","N","Y","Y","N","N","N","N","N","Y","N","N","N","N","N","N","N","N","N",17680,"Canada"
"Piranga ludoviciana","Western Tanager","Piranga à tête rouge","North American Breeding Bird Survey (BBS)","N","N","N","N","N","N","N","N","N","N","N","Y","N","N","N","N","N","N","N","N","N","N","N","N","N","N","N","N",17690,"Canada"
"Pipilo maculatus","Spotted Towhee","Tohi tacheté","North American Breeding Bird Survey (BBS)","N","N","N","N","N","N","N","N","N","N","N","N","N","N","N","N","N","N","N","Y","N","N","N","N","N","N","N","N",18550,"Canada"
"Pipilo erythrophthalmus","Eastern Towhee","Tohi à flancs roux","North American Breeding Bird Survey (BBS)","N","N","N","N","N","N","N","N","N","N","N","N","N","N","N","N","N","N","N","Y","N","N","N","N","N","N","N","N",18570,"Canada"
"Spizelloides arborea","American Tree Sparrow","Bruant hudsonien","Christmas Bird Count (CBC)","N","N","N","N","N","N","N","N","N","N","N","N","N","N","N","N","N","N","N","Y","N","N","N","N","N","N","N","N",18760,"USACAN"
"Spizella passerina","Chipping Sparrow","Bruant familier","North American Breeding Bird Survey (BBS)","N","N","N","N","N","N","N","N","N","N","N","N","N","N","N","N","N","N","N","Y","N","N","N","N","N","N","N","N",18770,"Canada"
"Spizella pallida","Clay-colored Sparrow","Bruant des plaines","North American Breeding Bird Survey (BBS)","N","N","N","N","N","N","N","N","N","N","N","N","N","N","N","N","N","N","N","Y","N","N","N","N","N","N","N","N",18780,"Canada"
"Spizella breweri","Brewer's Sparrow","Bruant de Brewer","North American Breeding Bird Survey (BBS)","N","N","N","N","N","N","N","N","N","N","N","N","N","N","N","N","N","N","N","Y","N","N","N","N","N","Y","Y","N",18790,"Canada"
"Spizella pusilla","Field Sparrow","Bruant des champs","North American Breeding Bird Survey (BBS)","N","N","N","N","N","N","N","N","N","N","N","N","N","N","N","N","N","N","N","Y","N","N","N","N","N","N","N","N",18800,"Canada"
"Pooecetes gramineus","Vesper Sparrow","Bruant vespéral","North American Breeding Bird Survey (BBS)","N","N","N","N","N","N","N","N","N","N","N","N","N","N","N","N","N","N","N","Y","N","N","N","N","N","Y","N","Y",18830,"Canada"
"Chondestes grammacus","Lark Sparrow","Bruant à joues marron","North American Breeding Bird Survey (BBS)","N","N","N","N","N","N","N","N","N","N","N","N","N","N","N","N","N","N","N","Y","N","N","N","N","N","Y","N","Y",18840,"Canada"
"Calamospiza melanocorys","Lark Bunting","Bruant noir et blanc","North American Breeding Bird Survey (BBS)","N","N","N","N","N","N","N","N","N","N","N","N","N","N","N","N","N","N","N","Y","N","N","N","N","N","Y","Y","N",18870,"Canada"
"Passerculus sandwichensis","Savannah Sparrow","Bruant des prés","North American Breeding Bird Survey (BBS)","N","N","N","N","N","N","N","N","N","N","N","N","N","N","N","N","N","N","N","Y","N","N","N","N","N","Y","N","Y",18880,"Canada"
"Ammodramus savannarum","Grasshopper Sparrow","Bruant sauterelle","North American Breeding Bird Survey (BBS)","N","N","N","N","N","N","N","N","N","N","N","N","N","N","N","N","N","N","N","Y","N","N","N","N","N","Y","N","Y",18900,"Canada"
"Centronyx bairdii","Baird's Sparrow","Bruant de Baird","North American Breeding Bird Survey (BBS)","N","N","N","N","N","N","N","N","N","N","N","N","N","N","N","N","N","N","N","Y","N","N","N","N","N","Y","Y","N",18910,"Canada"
"Centronyx henslowii","Henslow's Sparrow","Bruant de Henslow","No Suitable Data","N","N","N","N","N","N","N","N","N","N","N","N","N","N","N","N","N","N","N","Y","N","N","N","N","N","Y","N","N",18920,NA
"Ammospiza leconteii","LeConte's Sparrow","Bruant de LeConte","North American Breeding Bird Survey (BBS)","N","N","N","N","N","N","N","N","N","N","N","N","N","N","N","N","N","N","N","Y","N","N","N","N","N","Y","N","Y",18930,"Canada"
"Ammospiza nelsoni","Nelson's Sparrow","Bruant de Nelson","North American Breeding Bird Survey (BBS)","N","N","N","N","N","N","N","Y","N","Y","N","N","N","N","N","N","N","N","N","Y","N","N","N","N","N","N","N","N",18940,"Canada"
"Passerella iliaca","Fox Sparrow","Bruant fauve","Christmas Bird Count (CBC)","N","N","N","N","N","N","N","N","N","N","N","N","N","N","N","N","N","N","N","Y","N","N","N","N","N","N","N","N",18980,"USACAN"
"Melospiza melodia","Song Sparrow","Bruant chanteur","North American Breeding Bird Survey (BBS)","N","N","N","N","N","N","N","N","N","N","N","N","N","N","N","N","N","N","N","Y","N","N","N","N","N","N","N","N",18990,"Canada"
"Melospiza lincolnii","Lincoln's Sparrow","Bruant de Lincoln","North American Breeding Bird Survey (BBS)","N","N","N","N","N","N","N","N","N","N","N","N","N","N","N","N","N","N","N","Y","N","N","N","N","N","N","N","N",19000,"Canada"
"Melospiza georgiana","Swamp Sparrow","Bruant des marais","North American Breeding Bird Survey (BBS)","N","N","N","N","N","N","N","Y","N","Y","N","N","N","N","N","N","N","N","N","Y","N","N","N","N","N","N","N","N",19010,"Canada"
"Zonotrichia albicollis","White-throated Sparrow","Bruant à gorge blanche","Christmas Bird Count (CBC)","N","N","N","N","N","N","N","N","N","N","N","Y","N","N","N","N","N","N","N","Y","N","N","N","N","N","N","N","N",19030,"USACAN"
"Zonotrichia querula","Harris's Sparrow","Bruant à face noire","Christmas Bird Count (CBC)","N","N","N","N","N","N","N","N","N","N","N","N","N","N","Y","N","Y","N","N","Y","N","N","N","N","N","N","N","N",19040,"USACAN"
"Zonotrichia leucophrys","White-crowned Sparrow","Bruant à couronne blanche","Christmas Bird Count (CBC)","N","N","N","N","N","N","N","N","N","N","N","N","N","N","N","N","N","N","N","Y","N","N","N","N","N","N","N","N",19050,"USACAN"
"Zonotrichia atricapilla","Golden-crowned Sparrow","Bruant à couronne dorée","Christmas Bird Count (CBC)","N","N","N","N","N","N","N","N","N","N","N","N","N","N","N","N","N","N","N","Y","N","N","N","N","N","N","N","N",19060,"USACAN"
"Rhynchophanes mccownii","Thick-billed Longspur","Plectrophane à ventre gris","North American Breeding Bird Survey (BBS)","N","N","N","N","N","N","N","N","N","N","N","N","N","N","N","N","N","N","N","Y","N","N","N","N","N","Y","Y","N",19130,"Canada"
"Calcarius lapponicus","Lapland Longspur","Plectrophane lapon","Christmas Bird Count (CBC)","N","N","N","N","N","N","N","N","N","N","N","N","N","N","Y","N","Y","N","N","Y","N","N","N","N","N","N","N","N",19140,"USACAN"
"Calcarius pictus","Smith's Longspur","Plectrophane de Smith","Christmas Bird Count (CBC)","N","N","N","N","N","N","N","N","N","N","N","N","N","N","Y","N","Y","N","N","Y","N","N","N","N","N","N","N","N",19150,"USACAN"
"Calcarius ornatus","Chestnut-collared Longspur","Plectrophane à ventre noir","North American Breeding Bird Survey (BBS)","N","N","N","N","N","N","N","N","N","N","N","N","N","N","N","N","N","N","N","Y","N","N","N","N","N","Y","Y","N",19160,"Canada"
"Plectrophenax nivalis","Snow Bunting","Plectrophane des neiges","Christmas Bird Count (CBC)","N","N","N","N","N","N","N","N","N","N","N","N","N","N","Y","N","Y","N","N","Y","N","N","N","N","N","N","N","N",19250,"USACAN"
"Cardinalis cardinalis","Northern Cardinal","Cardinal rouge","North American Breeding Bird Survey (BBS)","N","N","N","N","N","N","N","N","N","N","N","N","N","N","N","N","N","N","N","N","Y","N","N","N","N","N","N","N",19360,"Canada"
"Pheucticus ludovicianus","Rose-breasted Grosbeak","Cardinal à poitrine rose","North American Breeding Bird Survey (BBS)","N","N","N","N","N","N","N","N","N","N","N","Y","Y","N","N","N","N","N","Y","N","N","N","N","N","N","N","N","N",19400,"Canada"
"Pheucticus melanocephalus","Black-headed Grosbeak","Cardinal à tête noire","North American Breeding Bird Survey (BBS)","N","N","N","N","N","N","N","N","N","N","N","Y","N","N","N","N","N","N","N","N","N","N","N","N","N","N","N","N",19410,"Canada"
"Passerina amoena","Lazuli Bunting","Passerin azuré","North American Breeding Bird Survey (BBS)","N","N","N","N","N","N","N","N","N","N","N","N","N","N","N","N","N","N","N","N","N","N","N","N","N","N","N","N",19450,"Canada"
"Passerina cyanea","Indigo Bunting","Passerin indigo","North American Breeding Bird Survey (BBS)","N","N","N","N","N","N","N","N","N","N","N","N","N","N","N","N","N","N","Y","N","N","N","N","N","N","N","N","N",19460,"Canada"
"Spiza americana","Dickcissel","Dickcissel d'Amérique","North American Breeding Bird Survey (BBS)","N","N","N","N","N","N","N","N","N","N","N","N","N","N","N","N","N","N","N","N","N","N","N","N","N","N","N","N",19510,"Canada"
"Dolichonyx oryzivorus","Bobolink","Goglu des prés","North American Breeding Bird Survey (BBS)","N","N","N","N","N","N","N","N","N","N","N","N","N","N","N","N","N","N","Y","N","N","N","N","N","N","Y","N","Y",19520,"Canada"
"Agelaius phoeniceus","Red-winged Blackbird","Carouge à épaulettes","North American Breeding Bird Survey (BBS)","N","N","N","N","N","N","N","Y","N","Y","N","N","N","N","N","N","N","N","N","Y","N","N","N","N","N","N","N","N",19530,"Canada"
"Sturnella magna","Eastern Meadowlark","Sturnelle des prés","North American Breeding Bird Survey (BBS)","N","N","N","N","N","N","N","N","N","N","N","N","N","N","N","N","N","N","N","Y","N","N","N","N","N","Y","N","Y",19601,"Canada"
"Sturnella neglecta","Western Meadowlark","Sturnelle de l'Ouest","North American Breeding Bird Survey (BBS)","N","N","N","N","N","N","N","N","N","N","N","N","N","N","N","N","N","N","N","Y","N","N","N","N","N","Y","N","Y",19610,"Canada"
"Xanthocephalus xanthocephalus","Yellow-headed Blackbird","Carouge à tête jaune","North American Breeding Bird Survey (BBS)","N","N","N","N","N","N","N","Y","N","Y","N","N","N","N","N","N","N","N","N","Y","N","N","N","N","N","N","N","N",19620,"Canada"
"Euphagus carolinus","Rusty Blackbird","Quiscale rouilleux","Christmas Bird Count (CBC)","N","N","N","N","N","N","N","N","N","N","N","N","N","N","N","N","N","N","N","Y","N","N","N","N","N","N","N","N",19650,"USACAN"
"Euphagus cyanocephalus","Brewer's Blackbird","Quiscale de Brewer","North American Breeding Bird Survey (BBS)","N","N","N","N","N","N","N","N","N","N","N","N","N","N","N","N","N","N","N","Y","N","N","N","N","N","N","N","N",19660,"Canada"
"Quiscalus quiscula","Common Grackle","Quiscale bronzé","North American Breeding Bird Survey (BBS)","N","N","N","N","N","N","N","N","N","N","N","N","N","N","N","N","N","N","N","Y","N","N","N","N","N","N","N","N",19670,"Canada"
"Molothrus ater","Brown-headed Cowbird","Vacher à tête brune","North American Breeding Bird Survey (BBS)","N","N","N","N","N","N","N","N","N","N","N","N","N","N","N","N","N","N","N","Y","N","N","N","N","N","N","N","N",19760,"Canada"
"Icterus spurius","Orchard Oriole","Oriole des vergers","North American Breeding Bird Survey (BBS)","N","N","N","N","N","N","N","N","N","N","N","N","N","N","N","N","N","N","Y","N","N","N","N","N","N","N","N","N",19850,"Canada"
"Icterus bullockii","Bullock's Oriole","Oriole de Bullock","North American Breeding Bird Survey (BBS)","N","N","N","N","N","N","N","N","N","N","N","N","N","N","N","N","N","N","Y","N","N","N","N","N","N","N","N","N",19920,"Canada"
"Icterus galbula","Baltimore Oriole","Oriole de Baltimore","North American Breeding Bird Survey (BBS)","N","N","N","N","N","N","N","N","N","N","N","N","N","N","N","N","N","N","Y","N","N","N","N","N","N","N","N","N",19990,"Canada"
"Leucosticte tephrocotis","Gray-crowned Rosy-Finch","Roselin à tête grise","Christmas Bird Count (CBC)","N","N","N","N","N","N","N","N","N","N","N","N","N","N","N","N","N","N","N","Y","N","N","N","N","N","N","N","N",20280,"USACAN"
"Pinicola enucleator","Pine Grosbeak","Durbec des sapins","Christmas Bird Count (CBC)","N","N","N","N","N","N","N","N","N","N","N","Y","N","Y","N","N","N","N","N","N","Y","N","N","N","N","N","N","N",20310,"CAN"
"Haemorhous purpureus","Purple Finch","Roselin pourpré","North American Breeding Bird Survey (BBS)","N","N","N","N","N","N","N","N","N","N","N","Y","N","N","N","N","N","N","N","Y","N","N","N","N","N","N","N","N",20330,"Canada"
"Haemorhous cassinii","Cassin's Finch","Roselin de Cassin","North American Breeding Bird Survey (BBS)","N","N","N","N","N","N","N","N","N","N","N","Y","N","N","N","N","N","N","N","Y","N","N","N","N","N","N","N","N",20340,"Canada"
"Haemorhous mexicanus","House Finch","Roselin familier","North American Breeding Bird Survey (BBS)","N","N","N","N","N","N","N","N","N","N","N","N","N","N","N","N","N","N","N","N","Y","N","N","N","N","N","N","N",20350,"Canada"
"Loxia leucoptera","White-winged Crossbill","Bec-croisé bifascié","Christmas Bird Count (CBC)","N","N","N","N","N","N","N","N","N","N","N","Y","N","Y","N","N","N","N","N","Y","N","N","N","N","N","N","N","N",20380,"USACAN"
"Acanthis hornemanni","Hoary Redpoll","Sizerin blanchâtre","Christmas Bird Count (CBC)","N","N","N","N","N","N","N","N","N","N","N","N","N","N","Y","N","Y","N","N","Y","N","N","N","N","N","N","N","N",20400,"USACAN"
"Spinus pinus","Pine Siskin","Tarin des pins","North American Breeding Bird Survey (BBS)","N","N","N","N","N","N","N","N","N","N","N","Y","N","Y","N","N","N","N","N","N","N","N","N","N","N","N","N","N",20420,"Canada"
"Spinus tristis","American Goldfinch","Chardonneret jaune","North American Breeding Bird Survey (BBS)","N","N","N","N","N","N","N","N","N","N","N","N","N","N","N","N","N","N","N","Y","N","N","N","N","N","N","N","N",20500,"Canada"
"Coccothraustes vespertinus","Evening Grosbeak","Gros-bec errant","North American Breeding Bird Survey (BBS)","N","N","N","N","N","N","N","N","N","N","N","Y","N","Y","N","N","N","N","N","N","N","N","N","N","N","N","N","N",20570,"Canada"
"Passer domesticus","House Sparrow","Moineau domestique","North American Breeding Bird Survey (BBS)","N","N","N","N","N","N","N","N","N","N","N","N","N","N","N","N","N","N","N","N","N","N","N","N","N","N","N","N",20910,"Canada"
"Anas acuta","Northern Pintail","Canard pilet","Waterfowl Breeding Population and Habitat Survey in Western Canada and the Northwestern United States","Y","N","N","Y","N","N","N","Y","Y","N","N","N","N","N","N","N","N","N","N","Y","N","N","N","N","N","N","N","N",30508,"CANPRAIRIE_WBOREAL"
"Bubo virginianus","Great Horned Owl","Grand-duc d'Amérique","Christmas Bird Count (CBC)","N","N","N","N","Y","N","Y","N","N","N","N","N","N","N","N","N","N","N","N","N","Y","N","N","N","N","N","N","N",32671,"CAN"
"Riparia riparia","Bank Swallow","Hirondelle de rivage","North American Breeding Bird Survey (BBS)","N","N","N","N","N","N","N","N","N","N","N","N","N","N","N","N","N","N","Y","N","N","N","Y","Y","N","N","N","N",35407,"Canada"
"Phasianus colchicus","Ring-necked Pheasant","Faisan de Colchide","North American Breeding Bird Survey (BBS)","N","N","N","N","N","N","N","N","N","N","N","N","N","N","N","N","N","N","N","N","N","N","N","N","N","N","N","N",40183,"Canada"
"Larus glaucoides","Iceland Gull","Goéland arctique","Christmas Bird Count (CBC)","N","N","N","N","N","N","N","N","N","N","Y","N","N","N","Y","N","Y","N","N","Y","N","N","N","N","N","N","N","N",40393,"USACAN"
"Aphelocoma californica","California Scrub-Jay","Geai buissonnier","No Suitable Data","N","N","N","N","N","N","N","N","N","N","N","N","N","N","N","N","N","N","N","N","N","N","N","N","N","N","N","N",40626,NA
"Troglodytes hiemalis","Winter Wren","Troglodyte des forêts","North American Breeding Bird Survey (BBS)","N","N","N","N","N","N","N","N","N","N","N","Y","N","N","N","N","N","N","N","Y","N","N","N","N","N","N","N","N",40702,"Canada"
"Cistothorus stellaris","Sedge Wren","Troglodyte à bec court","North American Breeding Bird Survey (BBS)","N","N","N","N","N","N","N","Y","N","Y","N","N","N","N","N","N","N","N","N","Y","N","N","N","N","N","N","N","N",40703,"Canada"
"Gallinula galeata","Common Gallinule","Gallinule d'Amérique","North American Breeding Bird Survey (BBS)","N","N","N","N","N","N","N","Y","N","Y","N","N","N","N","N","N","N","N","N","N","N","N","N","N","N","N","N","N",41203,"Canada"
"Vireo olivaceus","Red-eyed Vireo","Viréo aux yeux rouges","North American Breeding Bird Survey (BBS)","N","N","N","N","N","N","N","N","N","N","N","Y","Y","N","N","N","N","N","Y","N","N","N","N","N","N","N","N","N",41384,"Canada"
"Accipiter atricapillus","American Goshawk","Autour d'Amérique","North American Breeding Bird Survey (BBS)","N","N","N","N","Y","Y","N","N","N","N","N","Y","N","N","N","N","N","N","N","N","N","N","N","N","N","N","N","N",41568,"Canada"
"Anarhynchus nivosus","Snowy Plover","Pluvier neigeux","No Suitable Data","N","N","N","N","N","N","N","N","N","N","N","N","N","N","N","N","N","N","N","N","N","N","N","N","N","N","N","N",41600,NA
"Junco hyemalis","Dark-eyed Junco","Junco ardoisé","Christmas Bird Count (CBC)","N","N","N","N","N","N","N","N","N","N","N","Y","N","N","N","N","N","N","N","Y","N","N","N","N","N","N","N","N",42218,"USACAN"
"Acanthis flammea","Common Redpoll","Sizerin flammé","Christmas Bird Count (CBC)","N","N","N","N","N","N","N","N","N","N","N","N","N","N","Y","N","Y","N","N","Y","N","N","N","N","N","N","N","N",42261,"USACAN"
"Troglodytes pacificus","Pacific Wren","Troglodyte de Baird","North American Breeding Bird Survey (BBS)","N","N","N","N","N","N","N","N","N","N","N","Y","N","Y","N","N","N","N","N","N","N","N","N","N","N","N","N","N",42291,"Canada"
"Strix varia","Barred Owl","Chouette rayée","North American Breeding Bird Survey (BBS)","N","N","N","N","Y","N","Y","N","N","N","N","Y","N","Y","N","N","N","N","N","N","Y","N","N","N","N","N","N","N",43362,"Canada"
"Hydrobates leucorhous","Leach's Storm-Petrel","Océanite cul-blanc","Seabird Colony Monitoring Program","N","N","N","N","N","N","N","N","N","N","Y","N","N","N","N","N","N","N","N","Y","N","N","N","N","N","N","N","N",45376,"Atlantic"
"Fulica americana","American Coot","Foulque d'Amérique","Waterfowl Breeding Population and Habitat Survey in Western Canada and the Northwestern United States","N","N","N","N","N","N","N","Y","N","Y","N","N","N","N","N","N","N","N","N","Y","N","N","N","N","N","N","N","N",45419,"CANPRAIRIE_WBOREAL"
"Falco peregrinus","Peregrine Falcon","Faucon pèlerin","Christmas Bird Count (CBC)","N","N","N","N","Y","Y","N","N","N","N","N","N","N","N","Y","N","Y","N","N","N","N","N","N","N","N","N","N","N",45581,"USACAN"
"Melanitta deglandi","White-winged Scoter","Macreuse à ailes blanches","Christmas Bird Count (CBC)","Y","N","Y","N","N","N","N","N","N","N","Y","N","N","N","N","N","N","N","N","Y","N","N","N","N","N","N","N","N",45994,"USACAN"
"Bubulcus ibis","Western Cattle Egret","Héron garde-boeufs","No Suitable Data","N","N","N","N","N","N","N","Y","N","Y","N","N","N","N","N","N","N","N","N","N","N","N","N","N","N","N","N","N",46015,NA
"Streptopelia decaocto","Eurasian Collared-Dove","Tourterelle turque","North American Breeding Bird Survey (BBS)","N","N","N","N","N","N","N","N","N","N","N","N","N","N","N","N","N","N","N","N","N","N","N","N","N","N","N","N",46051,"Canada"
"Lanius borealis","Northern Shrike","Pie-grièche boréale","Christmas Bird Count (CBC)","N","N","N","N","N","N","N","N","N","N","N","N","N","N","N","N","N","N","N","Y","N","N","N","N","N","N","N","N",46372,"USACAN"
"Loxia curvirostra","Red Crossbill","Bec-croisé des sapins","North American Breeding Bird Survey (BBS)","N","N","N","N","N","N","N","N","N","N","N","Y","N","Y","N","N","N","N","N","Y","N","N","N","N","N","N","N","N",46767,"Canada"
"Oxyura jamaicensis","Ruddy Duck","Érismature rousse","Waterfowl Breeding Population and Habitat Survey in Western Canada and the Northwestern United States","Y","N","N","Y","N","N","N","Y","Y","N","N","N","N","N","N","N","N","N","N","Y","N","N","N","N","N","N","N","N",46804,"CANPRAIRIE_WBOREAL"
"Chaetura vauxi","Vaux's Swift","Martinet de Vaux","North American Breeding Bird Survey (BBS)","N","N","N","N","N","N","N","N","N","N","N","Y","Y","N","N","N","N","N","Y","N","N","N","Y","Y","N","N","N","N",47638,"Canada"
"Larus canus","Common Gull","Goéland cendré","No Suitable Data","N","N","N","N","N","N","N","N","N","N","N","N","N","N","N","N","N","N","N","Y","N","N","N","N","N","N","N","N",47674,NA
